{
    "providers": [
        {
            "type": "bitmap",
            "file": "crystalpledge:gui/effects/vanilla.png",
            "ascent": -14,
            "height": 10,
            "chars": [
                "\uE000\uE001\uE002\uE003\uE004\uE005\uE006\uE007",
                "\uE008\uE009\uE00A\uE00B\uE00C\uE00D\uE00E\uE00F",
                "\uE010\uE011\uE012\uE013\uE014\uE015\uE016\uE017",
                "\uE018\uE019\uE01A\uE01B\uE01C\uE01D\uE01E\uE01F"
            ]
        },
        {
            "type": "bitmap",
            "file": "crystalpledge:gui/effects/bleeding.png",
            "ascent": -14,
            "height": 10,
            "chars": ["\uE020"]
        },
        {
            "type": "bitmap",
            "file": "crystalpledge:gui/effects/venom.png",
            "ascent": -14,
            "height": 10,
            "chars": ["\uE021"]
        }
    ],
}
