{
    "providers": [
        {
            "type": "bitmap",
            "file": "minecraft:font/ascii.png",
            "ascent": -27,
            "height": 6,
            "chars": [
                "\u0000\u0000\u0000\u0000\u0000\u0000\u0000\u0000\u0000\u0000\u0000\u0000\u0000\u0000\u0000\u0000",
                "\u0000\u0000\u0000\u0000\u0000\u0000\u0000\u0000\u0000\u0000\u0000\u0000\u0000\u0000\u0000\u0000",
                "\u0020\u0021\u0022\u0023\u0024\u0025\u0026\u0027\u0028\u0029\u002a\u002b\u002c\u002d\u002e\u002f",
                "\u0030\u0031\u0032\u0033\u0034\u0035\u0036\u0037\u0038\u0039\u003a\u003b\u003c\u003d\u003e\u003f",
                "\u0040\u0041\u0042\u0043\u0044\u0045\u0046\u0047\u0048\u0049\u004a\u004b\u004c\u004d\u004e\u004f",
                "\u0050\u0051\u0052\u0053\u0054\u0055\u0056\u0057\u0058\u0059\u005a\u005b\u005c\u005d\u005e\u005f",
                "\u0060\u0061\u0062\u0063\u0064\u0065\u0066\u0067\u0068\u0069\u006a\u006b\u006c\u006d\u006e\u006f",
                "\u0070\u0071\u0072\u0073\u0074\u0075\u0076\u0077\u0078\u0079\u007a\u007b\u007c\u007d\u007e\u0000",
                "\u0000\u0000\u0000\u0000\u0000\u0000\u0000\u0000\u0000\u0000\u0000\u0000\u0000\u0000\u0000\u0000",
                "\u0000\u0000\u0000\u0000\u0000\u0000\u0000\u0000\u0000\u0000\u0000\u0000\u00a3\u0000\u0000\u0192",
                "\u0000\u0000\u0000\u0000\u0000\u0000\u00aa\u00ba\u0000\u0000\u00ac\u0000\u0000\u0000\u00ab\u00bb",
                "\u2591\u2592\u2593\u2502\u2524\u2561\u2562\u2556\u2555\u2563\u2551\u2557\u255d\u255c\u255b\u2510",
                "\u2514\u2534\u252c\u251c\u2500\u253c\u255e\u255f\u255a\u2554\u2569\u2566\u2560\u2550\u256c\u2567",
                "\u2568\u2564\u2565\u2559\u2558\u2552\u2553\u256b\u256a\u2518\u250c\u2588\u2584\u258c\u2590\u2580",
                "\u0000\u0000\u0000\u0000\u0000\u0000\u0000\u0000\u0000\u0000\u0000\u0000\u0000\u2205\u2208\u0000",
                "\u2261\u00b1\u2265\u2264\u2320\u2321\u00f7\u2248\u00b0\u2219\u00b7\u221a\u207f\u00b2\u25a0\u0000"
            ]
        },
        {
            "type": "bitmap",
            "file": "crystalpledge:gui/widget.png",
            "ascent": -15,
            "height": 50,
            "chars": ["\uE000"]
        },
        {
            "type": "bitmap",
            "file": "crystalpledge:gui/health_bar.png",
            "ascent": -25,
            "height": 9,
            "chars": [
                "\uE001\uE002\uE003",
                "\uE004\uE005\uE006",
                "\uE007\uE008\uE009",
                "\uE00A\uE00B\uE00C",
                "\uE00D\uE00E\uE00F",
                "\uE010\uE011\uE012",
                "\uE013\uE014\uE015",
                "\uE016\uE017\uE018",
                "\uE019\uE01A\uE01B",
                "\uE01C\uE01D\uE01E",
                "\uE01F\uE020\uE021",
                "\uE022\uE023\uE024",
                "\uE025\uE026\uE027",
                "\uE028\uE029\uE02A",
                "\uE02B\uE02C\uE02D",
                "\uE02E\uE02F\uE030",
                "\uE031\uE032\uE033",
                "\uE034\uE035\uE036",
                "\uE037\uE038\uE039",
                "\uE03A\uE03B\uE03C",
                "\uE03D\uE03E\uE03F",
                "\uE040\uE041\uE042",
                "\uE043\uE044\uE045",
                "\uE046\uE047\uE048",
                "\uE049\uE04A\uE04B",
                "\uE04C\uE04D\uE04E",
                "\uE04F\uE050\uE051"
            ]
        },
        {
            "type": "bitmap",
            "file": "crystalpledge:gui/ammo.png",
            "ascent": -44,
            "height": 6,
            "chars": ["\uE052"]
        },
        {
            "type": "bitmap",
            "file": "crystalpledge:gui/heart.png",
            "ascent": -25,
            "height": 9,
            "chars": ["\uE053"]
        },
        {
            "type": "bitmap",
            "file": "crystalpledge:color/black.png",
            "ascent": 175,
            "height": 350,
            "chars": ["\uE054"]
        },
        {
            "type": "bitmap",
            "file": "crystalpledge:gui/energy_bar.png",
            "ascent": -25,
            "height": 9,
            "chars": [
                "\uE055\uE056\uE057",
                "\uE058\uE059\uE05A",
                "\uE05B\uE05C\uE05D",
                "\uE05E\uE05F\uE060",
                "\uE061\uE062\uE063",
                "\uE064\uE065\uE066",
                "\uE067\uE068\uE069",
                "\uE06A\uE06B\uE06C",
                "\uE06D\uE06E\uE06F",
                "\uE070\uE071\uE072",
                "\uE073\uE074\uE075",
                "\uE076\uE077\uE078",
                "\uE079\uE07A\uE07B",
                "\uE07C\uE07D\uE07E",
                "\uE07F\uE080\uE081",
                "\uE082\uE083\uE084",
                "\uE085\uE086\uE087",
                "\uE088\uE089\uE08A",
                "\uE08B\uE08C\uE08D",
                "\uE08E\uE08F\uE090",
                "\uE091\uE092\uE093",
                "\uE094\uE095\uE096",
                "\uE097\uE098\uE099",
                "\uE09A\uE09B\uE09C",
                "\uE09D\uE09E\uE09F",
                "\uE0A0\uE0A1\uE0A2",
                "\uE0A3\uE0A4\uE0A5"
            ]
        },
        {
            "type": "bitmap",
            "file": "crystalpledge:gui/energy.png",
            "ascent": -25,
            "height": 9,
            "chars": ["\uE0A6"]
        }
    ]
}
