{
	"__comment": "Designed by Sentropic with Cubik Studio - https://cubik.studio",
	"textures": {
		"atlas": "crystalpledge:mob/cardophyte/basic/leg"
	},
	"elements": [ 	 
		{
			"__comment": "Voxels",
			"from": [ 5.5, 0, 7.5 ],
			"to": [ 6.5, 4, 8.5 ],
			"faces": {
				"down": { "uv": [ 8, 14, 10, 16 ], "texture": "#atlas" },
				"up": { "uv": [ 10, 14, 12, 16 ], "texture": "#atlas" },
				"north": { "uv": [ 0, 8, 2, 16 ], "texture": "#atlas" },
				"south": { "uv": [ 2, 8, 4, 16 ], "texture": "#atlas" },
				"west": { "uv": [ 4, 8, 6, 16 ], "texture": "#atlas" },
				"east": { "uv": [ 6, 8, 8, 16 ], "texture": "#atlas" }
			}
		},
		{
			"__comment": "Voxels",
			"from": [ 5.5, 0, 8.5 ],
			"to": [ 6.5, 0.5, 9 ],
			"faces": {
				"down": { "uv": [ 12, 15, 14, 16 ], "texture": "#atlas" },
				"up": { "uv": [ 12, 14, 14, 15 ], "texture": "#atlas" },
				"south": { "uv": [ 14, 14, 16, 15 ], "texture": "#atlas" },
				"west": { "uv": [ 8, 13, 9, 14 ], "texture": "#atlas" },
				"east": { "uv": [ 8, 12, 9, 13 ], "texture": "#atlas" }
			}
		}
	],
	"display": {
		"thirdperson_righthand": {
			"rotation":  [ 90, 180, 0 ],
			"translation":  [ -7, -2, 24 ],
			"scale":  [ 3, 3, 3 ]
		},
		"thirdperson_lefthand": {
			"rotation":  [ 90, 180, 0 ],
			"translation":  [ 5, -2, 24 ],
			"scale":  [ 3, 3, 3 ]
		}
	}
}