{
	"__comment": "Created by Stridey, modified by Sentropic with Cubik Studio - https://cubik.studio",
	"parent": "block/block",
	"textures": {
		"particle": "block/chain",
		"all": "block/chain"
	},
	"elements": [ 	 
		{
			"__comment": "Element",
			"from": [ 6.5, 22, 7.5 ],
			"to": [ 9.5, 24, 8.5 ],
			"rotation": { "origin": [ 8, 16, 8 ], "axis": "y", "angle": 45 },
			"faces": {
				"down": { "uv": [ 3, 1, 6, 2 ], "texture": "#all", "cullface": "down", "rotation": 180 },
				"up": { "uv": [ 3, 0, 6, 1 ], "texture": "#all", "cullface": "up", "rotation": 180 },
				"north": { "uv": [ 3, 0, 6, 2 ], "texture": "#all" },
				"south": { "uv": [ 3, 0, 6, 2 ], "texture": "#all" },
				"west": { "uv": [ 5, 0, 6, 2 ], "texture": "#all" },
				"east": { "uv": [ 3, 0, 4, 2 ], "texture": "#all" }
			}
		},
		{
			"__comment": "Element",
			"from": [ 6.5, 0, 7.5 ],
			"to": [ 9.5, 2, 8.5 ],
			"rotation": { "origin": [ 8, 8, 8 ], "axis": "y", "angle": -45 },
			"faces": {
				"down": { "uv": [ 3, 15, 6, 16 ], "texture": "#all", "cullface": "down", "rotation": 180 },
				"up": { "uv": [ 3, 14, 6, 15 ], "texture": "#all", "rotation": 180 },
				"north": { "uv": [ 3, 14, 6, 16 ], "texture": "#all" },
				"south": { "uv": [ 3, 14, 6, 16 ], "texture": "#all" },
				"west": { "uv": [ 5, 14, 6, 16 ], "texture": "#all" },
				"east": { "uv": [ 3, 14, 4, 16 ], "texture": "#all" }
			}
		},
		{
			"__comment": "Element",
			"from": [ 6.5, 3, 7.5 ],
			"to": [ 9.5, 7, 8.5 ],
			"rotation": { "origin": [ 8, 8, 8 ], "axis": "y", "angle": -45 },
			"faces": {
				"down": { "uv": [ 3, 12, 6, 13 ], "texture": "#all", "rotation": 180 },
				"up": { "uv": [ 3, 9, 6, 10 ], "texture": "#all", "rotation": 180 },
				"north": { "uv": [ 3, 9, 6, 13 ], "texture": "#all" },
				"south": { "uv": [ 3, 9, 6, 13 ], "texture": "#all" },
				"west": { "uv": [ 5, 9, 6, 13 ], "texture": "#all" },
				"east": { "uv": [ 3, 9, 4, 13 ], "texture": "#all" }
			}
		},
		{
			"__comment": "Element",
			"from": [ 6.5, 9, 7.5 ],
			"to": [ 9.5, 13, 8.5 ],
			"rotation": { "origin": [ 8, 8, 8 ], "axis": "y", "angle": -45 },
			"faces": {
				"down": { "uv": [ 3, 6, 6, 7 ], "texture": "#all", "rotation": 180 },
				"up": { "uv": [ 3, 3, 6, 4 ], "texture": "#all", "rotation": 180 },
				"north": { "uv": [ 3, 3, 6, 7 ], "texture": "#all" },
				"south": { "uv": [ 3, 3, 6, 7 ], "texture": "#all" },
				"west": { "uv": [ 5, 3, 6, 7 ], "texture": "#all" },
				"east": { "uv": [ 3, 3, 4, 7 ], "texture": "#all" }
			}
		},
		{
			"__comment": "Element",
			"from": [ 7.5, 1, 6.5 ],
			"to": [ 8.5, 4, 9.5 ],
			"rotation": { "origin": [ 8, 8, 8 ], "axis": "y", "angle": -45 },
			"faces": {
				"down": { "uv": [ 0, 12, 3, 13 ], "texture": "#all", "rotation": 90 },
				"up": { "uv": [ 0, 12, 3, 13 ], "texture": "#all", "rotation": 90 },
				"north": { "uv": [ 2, 12, 3, 15 ], "texture": "#all" },
				"south": { "uv": [ 0, 12, 1, 15 ], "texture": "#all" },
				"west": { "uv": [ 0, 12, 3, 15 ], "texture": "#all" },
				"east": { "uv": [ 0, 12, 3, 15 ], "texture": "#all" }
			}
		},
		{
			"__comment": "Element",
			"from": [ 7.5, 6, 6.5 ],
			"to": [ 8.5, 10, 9.5 ],
			"rotation": { "origin": [ 8, 8, 8 ], "axis": "y", "angle": -45 },
			"faces": {
				"down": { "uv": [ 0, 12, 3, 13 ], "texture": "#all", "rotation": 90 },
				"up": { "uv": [ 0, 12, 3, 13 ], "texture": "#all", "rotation": 90 },
				"north": { "uv": [ 2, 6, 3, 10 ], "texture": "#all" },
				"south": { "uv": [ 0, 6, 1, 10 ], "texture": "#all" },
				"west": { "uv": [ 0, 6, 3, 10 ], "texture": "#all" },
				"east": { "uv": [ 0, 6, 3, 10 ], "texture": "#all" }
			}
		},
		{
			"__comment": "Element",
			"from": [ 7.5, 12, 6.5 ],
			"to": [ 8.5, 15, 9.5 ],
			"rotation": { "origin": [ 8, 8, 8 ], "axis": "y", "angle": -45 },
			"faces": {
				"down": { "uv": [ 0, 12, 3, 13 ], "texture": "#all", "rotation": 90 },
				"up": { "uv": [ 0, 12, 3, 13 ], "texture": "#all", "rotation": 90 },
				"north": { "uv": [ 2, 1, 3, 4 ], "texture": "#all" },
				"south": { "uv": [ 0, 1, 1, 4 ], "texture": "#all" },
				"west": { "uv": [ 0, 1, 3, 4 ], "texture": "#all" },
				"east": { "uv": [ 0, 1, 3, 4 ], "texture": "#all" }
			}
		},
		{
			"__comment": "Element",
			"from": [ 8.5, 0, 7.5 ],
			"to": [ 7.5, 16, 8.5 ],
			"rotation": { "origin": [ 8, 8, 8 ], "axis": "y", "angle": -45 },
			"faces": {
				"north": { "uv": [ 2, 0, 3, 16 ], "texture": "#all" },
				"south": { "uv": [ 2, 0, 3, 16 ], "texture": "#all" },
				"west": { "uv": [ 3, 0, 4, 16 ], "texture": "#all" },
				"east": { "uv": [ 3, 0, 4, 16 ], "texture": "#all" }
			}
		},
		{
			"__comment": "Element",
			"from": [ 6.5, 14, 7.5 ],
			"to": [ 9.5, 18, 8.5 ],
			"rotation": { "origin": [ 8, 19, 8 ], "axis": "y", "angle": -45 },
			"faces": {
				"down": { "uv": [ 3, 12, 6, 13 ], "texture": "#all", "rotation": 180 },
				"up": { "uv": [ 3, 9, 6, 10 ], "texture": "#all", "rotation": 180 },
				"north": { "uv": [ 3, 9, 6, 13 ], "texture": "#all" },
				"south": { "uv": [ 3, 9, 6, 13 ], "texture": "#all" },
				"west": { "uv": [ 5, 9, 6, 13 ], "texture": "#all" },
				"east": { "uv": [ 3, 9, 4, 13 ], "texture": "#all" }
			}
		},
		{
			"__comment": "Element",
			"from": [ 7.5, 17, 6.5 ],
			"to": [ 8.5, 21, 9.5 ],
			"rotation": { "origin": [ 8, 19, 8 ], "axis": "y", "angle": -45 },
			"faces": {
				"down": { "uv": [ 0, 12, 3, 13 ], "texture": "#all", "rotation": 90 },
				"up": { "uv": [ 0, 12, 3, 13 ], "texture": "#all", "rotation": 90 },
				"north": { "uv": [ 2, 6, 3, 10 ], "texture": "#all" },
				"south": { "uv": [ 0, 6, 1, 10 ], "texture": "#all" },
				"west": { "uv": [ 0, 6, 3, 10 ], "texture": "#all" },
				"east": { "uv": [ 0, 6, 3, 10 ], "texture": "#all" }
			}
		},
		{
			"__comment": "Element",
			"from": [ 7.5, 20, 6.5 ],
			"to": [ 8.5, 23, 9.5 ],
			"rotation": { "origin": [ 8, 27, 8 ], "axis": "y", "angle": 45 },
			"faces": {
				"down": { "uv": [ 0, 12, 3, 13 ], "texture": "#all", "rotation": 90 },
				"up": { "uv": [ 0, 12, 3, 13 ], "texture": "#all", "rotation": 90 },
				"north": { "uv": [ 2, 12, 3, 15 ], "texture": "#all" },
				"south": { "uv": [ 0, 12, 1, 15 ], "texture": "#all" },
				"west": { "uv": [ 0, 12, 3, 15 ], "texture": "#all" },
				"east": { "uv": [ 0, 12, 3, 15 ], "texture": "#all" }
			}
		},
		{
			"__comment": "Element",
			"from": [ 8.5, 16, 7.5 ],
			"to": [ 7.5, 24, 8.5 ],
			"rotation": { "origin": [ 8, 24, 8 ], "axis": "y", "angle": -45 },
			"faces": {
				"north": { "uv": [ 2, 8, 3, 16 ], "texture": "#all" },
				"south": { "uv": [ 2, 8, 3, 16 ], "texture": "#all" },
				"west": { "uv": [ 3, 8, 4, 16 ], "texture": "#all" },
				"east": { "uv": [ 3, 8, 4, 16 ], "texture": "#all" }
			}
		}
	]
}