{
    "__comment": "Designed by MSpaceDev with Cubik Studio - https://cubik.studio",
    "ambientocclusion": false,
    "textures": {
        "particle": "block/lapisdemon/bonus/mushroomblocks/006",
        "edge": "block/lapisdemon/bonus/mushroomblocks/006"
    },
    "elements": [
        {
            "from": [
                7,
                0.0009999999,
                7
            ],
            "to": [
                9,
                0.501,
                9
            ],
            "faces": {
                "down": {
                    "uv": [
                        7,
                        7,
                        9,
                        9
                    ],
                    "texture": "#edge"
                },
                "up": {
                    "uv": [
                        7,
                        7,
                        9,
                        9
                    ],
                    "texture": "#edge"
                },
                "north": {
                    "uv": [
                        7,
                        15.998,
                        9,
                        15.999
                    ],
                    "texture": "#edge"
                },
                "south": {
                    "uv": [
                        7,
                        15.998,
                        9,
                        15.999
                    ],
                    "texture": "#edge"
                },
                "west": {
                    "uv": [
                        7,
                        15.998,
                        9,
                        15.999
                    ],
                    "texture": "#edge"
                },
                "east": {
                    "uv": [
                        7,
                        15.998,
                        9,
                        15.999
                    ],
                    "texture": "#edge"
                }
            }
        },
        {
            "from": [
                7,
                15.5,
                7
            ],
            "to": [
                9,
                16,
                9
            ],
            "faces": {
                "down": {
                    "uv": [
                        7,
                        7,
                        9,
                        9
                    ],
                    "texture": "#edge"
                },
                "up": {
                    "uv": [
                        7,
                        7,
                        9,
                        9
                    ],
                    "texture": "#edge"
                },
                "north": {
                    "uv": [
                        7,
                        0,
                        9,
                        0.001000404
                    ],
                    "texture": "#edge"
                },
                "south": {
                    "uv": [
                        7,
                        0,
                        9,
                        0.001000404
                    ],
                    "texture": "#edge"
                },
                "west": {
                    "uv": [
                        7,
                        0,
                        9,
                        0.001000404
                    ],
                    "texture": "#edge"
                },
                "east": {
                    "uv": [
                        7,
                        0,
                        9,
                        0.001000404
                    ],
                    "texture": "#edge"
                }
            }
        }
    ]
}