{
	"credit": "Made with Blockbench",
	"textures": {
		"stone": "block/stone",
		"particle": "block/stone"
	},
	"elements": [
		{
			"from": [0, 0, 0],
			"to": [16, 16, 16],
			"faces": {
				"north": {"uv": [0, 0, 16, 16], "texture": "#stone", "cullface": "north"},
				"east": {"uv": [0, 0, 16, 16], "texture": "#stone", "cullface": "east"},
				"south": {"uv": [0, 0, 16, 16], "texture": "#stone", "cullface": "south"},
				"west": {"uv": [0, 0, 16, 16], "texture": "#stone", "cullface": "west"},
				"up": {"uv": [0, 0, 16, 16], "texture": "#stone", "cullface": "up"},
				"down": {"uv": [0, 0, 16, 16], "texture": "#stone", "cullface": "down"}
			}
		},
		{
			"name": "up",
			"from": [11, 16, 10],
			"to": [14, 17, 13],
			"rotation": {"angle": -22.5, "axis": "y", "origin": [8, 8, 8]},
			"faces": {
				"north": {"uv": [5, 13, 8, 15], "texture": "#metal", "cullface": "up"},
				"east": {"uv": [11, 2, 14, 3], "texture": "#metal", "cullface": "up"},
				"south": {"uv": [8, 8, 11, 9], "texture": "#metal", "cullface": "up"},
				"west": {"uv": [5, 7, 8, 8], "texture": "#metal", "cullface": "up"},
				"up": {"uv": [11, 6, 14, 9], "texture": "#metal", "cullface": "up"}
			}
		},
		{
			"name": "north",
			"from": [11, 10, -1],
			"to": [14, 13, 0],
			"rotation": {"angle": -22.5, "axis": "z", "origin": [8, 8, 8]},
			"faces": {
				"north": {"uv": [11, 6, 14, 9], "rotation": 180, "texture": "#metal", "cullface": "north"},
				"east": {"uv": [11, 2, 14, 3], "rotation": 90, "texture": "#metal", "cullface": "north"},
				"west": {"uv": [5, 7, 8, 8], "rotation": 270, "texture": "#metal", "cullface": "north"},
				"up": {"uv": [8, 8, 11, 9], "texture": "#metal", "cullface": "north"},
				"down": {"uv": [5, 13, 8, 15], "rotation": 180, "texture": "#metal", "cullface": "north"}
			}
		},
		{
			"name": "down",
			"from": [11, -1, 3],
			"to": [14, 0, 6],
			"rotation": {"angle": 22.5, "axis": "y", "origin": [8, 8, 8]},
			"faces": {
				"north": {"uv": [8, 8, 11, 9], "rotation": 180, "texture": "#metal", "cullface": "down"},
				"east": {"uv": [11, 2, 14, 3], "rotation": 180, "texture": "#metal", "cullface": "down"},
				"south": {"uv": [5, 13, 8, 15], "rotation": 180, "texture": "#metal", "cullface": "down"},
				"west": {"uv": [5, 7, 8, 8], "rotation": 180, "texture": "#metal", "cullface": "down"},
				"down": {"uv": [11, 6, 14, 9], "texture": "#metal", "cullface": "down"}
			}
		},
		{
			"name": "east",
			"from": [16, 2, 10],
			"to": [17, 5, 13],
			"rotation": {"angle": -22.5, "axis": "x", "origin": [8, 8, 8]},
			"faces": {
				"north": {"uv": [5, 13, 8, 15], "rotation": 270, "texture": "#metal", "cullface": "east"},
				"east": {"uv": [11, 6, 14, 9], "rotation": 90, "texture": "#metal", "cullface": "east"},
				"south": {"uv": [8, 8, 11, 9], "rotation": 90, "texture": "#metal", "cullface": "east"},
				"up": {"uv": [5, 7, 8, 8], "rotation": 90, "texture": "#metal", "cullface": "east"},
				"down": {"uv": [11, 2, 14, 3], "rotation": 90, "texture": "#metal", "cullface": "east"}
			}
		},
		{
			"name": "south",
			"from": [11, 3, 16],
			"to": [14, 6, 17],
			"rotation": {"angle": -22.5, "axis": "z", "origin": [8, 8, 8]},
			"faces": {
				"east": {"uv": [11, 2, 14, 3], "rotation": 270, "texture": "#metal", "cullface": "south"},
				"south": {"uv": [11, 6, 14, 9], "texture": "#metal", "cullface": "south"},
				"west": {"uv": [5, 7, 8, 8], "rotation": 90, "texture": "#metal", "cullface": "south"},
				"up": {"uv": [5, 13, 8, 15], "rotation": 180, "texture": "#metal", "cullface": "south"},
				"down": {"uv": [8, 8, 11, 9], "texture": "#metal", "cullface": "south"}
			}
		},
		{
			"name": "west",
			"from": [-1, 11, 10],
			"to": [0, 14, 13],
			"rotation": {"angle": -22.5, "axis": "x", "origin": [8, 8, 8]},
			"faces": {
				"north": {"uv": [5, 13, 8, 15], "rotation": 90, "texture": "#metal", "cullface": "west"},
				"south": {"uv": [8, 8, 11, 9], "rotation": 270, "texture": "#metal", "cullface": "west"},
				"west": {"uv": [11, 6, 14, 9], "rotation": 270, "texture": "#metal", "cullface": "west"},
				"up": {"uv": [11, 2, 14, 3], "rotation": 270, "texture": "#metal", "cullface": "west"},
				"down": {"uv": [5, 7, 8, 8], "rotation": 270, "texture": "#metal", "cullface": "west"}
			}
		},
		{
			"name": "up",
			"from": [13, 16, 6],
			"to": [15, 17, 8],
			"rotation": {"angle": -22.5, "axis": "y", "origin": [8, 8, 8]},
			"faces": {
				"north": {"uv": [3, 2, 5, 3], "texture": "#metal", "cullface": "up"},
				"east": {"uv": [9, 7, 11, 8], "texture": "#metal", "cullface": "up"},
				"south": {"uv": [6, 12, 8, 13], "texture": "#metal", "cullface": "up"},
				"west": {"uv": [3, 6, 5, 7], "texture": "#metal", "cullface": "up"},
				"up": {"uv": [10, 2, 12, 4], "texture": "#metal", "cullface": "up"}
			}
		},
		{
			"name": "north",
			"from": [13, 6, -1],
			"to": [15, 8, 0],
			"rotation": {"angle": -22.5, "axis": "z", "origin": [8, 8, 8]},
			"faces": {
				"north": {"uv": [10, 2, 12, 4], "rotation": 180, "texture": "#metal", "cullface": "north"},
				"east": {"uv": [9, 7, 11, 8], "rotation": 90, "texture": "#metal", "cullface": "north"},
				"west": {"uv": [3, 6, 5, 7], "rotation": 270, "texture": "#metal", "cullface": "north"},
				"up": {"uv": [6, 12, 8, 13], "texture": "#metal", "cullface": "north"},
				"down": {"uv": [3, 2, 5, 3], "rotation": 180, "texture": "#metal", "cullface": "north"}
			}
		},
		{
			"name": "down",
			"from": [13, -1, 8],
			"to": [15, 0, 10],
			"rotation": {"angle": 22.5, "axis": "y", "origin": [8, 8, 8]},
			"faces": {
				"north": {"uv": [6, 12, 8, 13], "rotation": 180, "texture": "#metal", "cullface": "down"},
				"east": {"uv": [9, 7, 11, 8], "rotation": 180, "texture": "#metal", "cullface": "down"},
				"south": {"uv": [3, 2, 5, 3], "rotation": 180, "texture": "#metal", "cullface": "down"},
				"west": {"uv": [3, 6, 5, 7], "rotation": 180, "texture": "#metal", "cullface": "down"},
				"down": {"uv": [10, 2, 12, 4], "texture": "#metal", "cullface": "down"}
			}
		},
		{
			"name": "east",
			"from": [16, 1, 6],
			"to": [17, 3, 8],
			"rotation": {"angle": -22.5, "axis": "x", "origin": [8, 8, 8]},
			"faces": {
				"north": {"uv": [3, 2, 5, 3], "rotation": 270, "texture": "#metal", "cullface": "east"},
				"east": {"uv": [10, 2, 12, 4], "rotation": 90, "texture": "#metal", "cullface": "east"},
				"south": {"uv": [6, 12, 8, 13], "rotation": 90, "texture": "#metal", "cullface": "east"},
				"up": {"uv": [3, 6, 5, 7], "rotation": 90, "texture": "#metal", "cullface": "east"},
				"down": {"uv": [9, 7, 11, 8], "rotation": 90, "texture": "#metal", "cullface": "east"}
			}
		},
		{
			"name": "south",
			"from": [13, 8, 16],
			"to": [15, 10, 17],
			"rotation": {"angle": -22.5, "axis": "z", "origin": [8, 8, 8]},
			"faces": {
				"east": {"uv": [9, 7, 11, 8], "rotation": 270, "texture": "#metal", "cullface": "south"},
				"south": {"uv": [10, 2, 12, 4], "texture": "#metal", "cullface": "south"},
				"west": {"uv": [3, 6, 5, 7], "rotation": 90, "texture": "#metal", "cullface": "south"},
				"up": {"uv": [3, 2, 5, 3], "rotation": 180, "texture": "#metal", "cullface": "south"},
				"down": {"uv": [6, 12, 8, 13], "texture": "#metal", "cullface": "south"}
			}
		},
		{
			"name": "west",
			"from": [-1, 13, 6],
			"to": [0, 15, 8],
			"rotation": {"angle": -22.5, "axis": "x", "origin": [8, 8, 8]},
			"faces": {
				"north": {"uv": [3, 2, 5, 3], "rotation": 90, "texture": "#metal", "cullface": "west"},
				"south": {"uv": [6, 12, 8, 13], "rotation": 270, "texture": "#metal", "cullface": "west"},
				"west": {"uv": [10, 2, 12, 4], "rotation": 270, "texture": "#metal", "cullface": "west"},
				"up": {"uv": [9, 7, 11, 8], "rotation": 270, "texture": "#metal", "cullface": "west"},
				"down": {"uv": [3, 6, 5, 7], "rotation": 270, "texture": "#metal", "cullface": "west"}
			}
		},
		{
			"name": "up",
			"from": [3, 16, 3],
			"to": [5, 17, 5],
			"rotation": {"angle": -22.5, "axis": "y", "origin": [8, 8, 8]},
			"faces": {
				"north": {"uv": [3, 2, 5, 3], "texture": "#metal", "cullface": "up"},
				"east": {"uv": [9, 7, 11, 8], "texture": "#metal", "cullface": "west"},
				"south": {"uv": [6, 12, 8, 13], "texture": "#metal", "cullface": "west"},
				"west": {"uv": [3, 6, 5, 7], "texture": "#metal", "cullface": "west"},
				"up": {"uv": [10, 2, 12, 4], "texture": "#metal", "cullface": "west"}
			}
		},
		{
			"name": "north",
			"from": [3, 3, -1],
			"to": [5, 5, 0],
			"rotation": {"angle": -22.5, "axis": "z", "origin": [8, 8, 8]},
			"faces": {
				"north": {"uv": [10, 2, 12, 4], "rotation": 180, "texture": "#metal", "cullface": "north"},
				"east": {"uv": [9, 7, 11, 8], "rotation": 90, "texture": "#metal", "cullface": "north"},
				"west": {"uv": [3, 6, 5, 7], "rotation": 270, "texture": "#metal", "cullface": "north"},
				"up": {"uv": [6, 12, 8, 13], "texture": "#metal", "cullface": "north"},
				"down": {"uv": [3, 2, 5, 3], "rotation": 180, "texture": "#metal", "cullface": "north"}
			}
		},
		{
			"name": "down",
			"from": [3, -1, 11],
			"to": [5, 0, 13],
			"rotation": {"angle": 22.5, "axis": "y", "origin": [8, 8, 8]},
			"faces": {
				"north": {"uv": [6, 12, 8, 13], "rotation": 180, "texture": "#metal", "cullface": "down"},
				"east": {"uv": [9, 7, 11, 8], "rotation": 180, "texture": "#metal", "cullface": "down"},
				"south": {"uv": [3, 2, 5, 3], "rotation": 180, "texture": "#metal", "cullface": "down"},
				"west": {"uv": [3, 6, 5, 7], "rotation": 180, "texture": "#metal", "cullface": "down"},
				"down": {"uv": [10, 2, 12, 4], "texture": "#metal", "cullface": "down"}
			}
		},
		{
			"name": "east",
			"from": [16, 11, 3],
			"to": [17, 13, 5],
			"rotation": {"angle": -22.5, "axis": "x", "origin": [8, 8, 8]},
			"faces": {
				"north": {"uv": [3, 2, 5, 3], "rotation": 270, "texture": "#metal", "cullface": "east"},
				"east": {"uv": [10, 2, 12, 4], "rotation": 90, "texture": "#metal", "cullface": "east"},
				"south": {"uv": [6, 12, 8, 13], "rotation": 90, "texture": "#metal", "cullface": "east"},
				"up": {"uv": [3, 6, 5, 7], "rotation": 90, "texture": "#metal", "cullface": "east"},
				"down": {"uv": [9, 7, 11, 8], "rotation": 90, "texture": "#metal", "cullface": "east"}
			}
		},
		{
			"name": "south",
			"from": [3, 11, 16],
			"to": [5, 13, 17],
			"rotation": {"angle": -22.5, "axis": "z", "origin": [8, 8, 8]},
			"faces": {
				"east": {"uv": [9, 7, 11, 8], "rotation": 270, "texture": "#metal", "cullface": "south"},
				"south": {"uv": [10, 2, 12, 4], "texture": "#metal", "cullface": "south"},
				"west": {"uv": [3, 6, 5, 7], "rotation": 90, "texture": "#metal", "cullface": "south"},
				"up": {"uv": [3, 2, 5, 3], "rotation": 180, "texture": "#metal", "cullface": "south"},
				"down": {"uv": [6, 12, 8, 13], "texture": "#metal", "cullface": "south"}
			}
		},
		{
			"name": "west",
			"from": [-1, 3, 3],
			"to": [0, 5, 5],
			"rotation": {"angle": -22.5, "axis": "x", "origin": [8, 8, 8]},
			"faces": {
				"north": {"uv": [3, 2, 5, 3], "rotation": 90, "texture": "#metal", "cullface": "west"},
				"south": {"uv": [6, 12, 8, 13], "rotation": 270, "texture": "#metal", "cullface": "west"},
				"west": {"uv": [10, 2, 12, 4], "rotation": 270, "texture": "#metal", "cullface": "west"},
				"up": {"uv": [9, 7, 11, 8], "rotation": 270, "texture": "#metal", "cullface": "west"},
				"down": {"uv": [3, 6, 5, 7], "rotation": 270, "texture": "#metal", "cullface": "west"}
			}
		},
		{
			"name": "up",
			"from": [7, 16, 10],
			"to": [9, 17, 12],
			"rotation": {"angle": -22.5, "axis": "y", "origin": [8, 8, 8]},
			"faces": {
				"north": {"uv": [3, 2, 5, 3], "texture": "#metal", "cullface": "up"},
				"east": {"uv": [9, 7, 11, 8], "texture": "#metal", "cullface": "up"},
				"south": {"uv": [6, 12, 8, 13], "texture": "#metal", "cullface": "up"},
				"west": {"uv": [3, 6, 5, 7], "texture": "#metal", "cullface": "up"},
				"up": {"uv": [10, 2, 12, 4], "texture": "#metal", "cullface": "up"}
			}
		},
		{
			"name": "north",
			"from": [7, 10, -1],
			"to": [9, 12, 0],
			"rotation": {"angle": -22.5, "axis": "z", "origin": [8, 8, 8]},
			"faces": {
				"north": {"uv": [10, 2, 12, 4], "rotation": 180, "texture": "#metal", "cullface": "north"},
				"east": {"uv": [9, 7, 11, 8], "rotation": 90, "texture": "#metal", "cullface": "north"},
				"west": {"uv": [3, 6, 5, 7], "rotation": 270, "texture": "#metal", "cullface": "north"},
				"up": {"uv": [6, 12, 8, 13], "texture": "#metal", "cullface": "north"},
				"down": {"uv": [3, 2, 5, 3], "rotation": 180, "texture": "#metal", "cullface": "north"}
			}
		},
		{
			"name": "down",
			"from": [7, -1, 4],
			"to": [9, 0, 6],
			"rotation": {"angle": 22.5, "axis": "y", "origin": [8, 8, 8]},
			"faces": {
				"north": {"uv": [6, 12, 8, 13], "rotation": 180, "texture": "#metal", "cullface": "down"},
				"east": {"uv": [9, 7, 11, 8], "rotation": 180, "texture": "#metal", "cullface": "down"},
				"south": {"uv": [3, 2, 5, 3], "rotation": 180, "texture": "#metal", "cullface": "down"},
				"west": {"uv": [3, 6, 5, 7], "rotation": 180, "texture": "#metal", "cullface": "down"},
				"down": {"uv": [10, 2, 12, 4], "texture": "#metal", "cullface": "down"}
			}
		},
		{
			"name": "east",
			"from": [16, 7, 10],
			"to": [17, 9, 12],
			"rotation": {"angle": -22.5, "axis": "x", "origin": [8, 8, 8]},
			"faces": {
				"north": {"uv": [3, 2, 5, 3], "rotation": 270, "texture": "#metal", "cullface": "east"},
				"east": {"uv": [10, 2, 12, 4], "rotation": 90, "texture": "#metal", "cullface": "east"},
				"south": {"uv": [6, 12, 8, 13], "rotation": 90, "texture": "#metal", "cullface": "east"},
				"up": {"uv": [3, 6, 5, 7], "rotation": 90, "texture": "#metal", "cullface": "east"},
				"down": {"uv": [9, 7, 11, 8], "rotation": 90, "texture": "#metal", "cullface": "east"}
			}
		},
		{
			"name": "south",
			"from": [7, 4, 16],
			"to": [9, 6, 17],
			"rotation": {"angle": -22.5, "axis": "z", "origin": [8, 8, 8]},
			"faces": {
				"east": {"uv": [9, 7, 11, 8], "rotation": 270, "texture": "#metal", "cullface": "south"},
				"south": {"uv": [10, 2, 12, 4], "texture": "#metal", "cullface": "south"},
				"west": {"uv": [3, 6, 5, 7], "rotation": 90, "texture": "#metal", "cullface": "south"},
				"up": {"uv": [3, 2, 5, 3], "rotation": 180, "texture": "#metal", "cullface": "south"},
				"down": {"uv": [6, 12, 8, 13], "texture": "#metal", "cullface": "south"}
			}
		},
		{
			"name": "west",
			"from": [-1, 7, 10],
			"to": [0, 9, 12],
			"rotation": {"angle": -22.5, "axis": "x", "origin": [8, 8, 8]},
			"faces": {
				"north": {"uv": [3, 2, 5, 3], "rotation": 90, "texture": "#metal", "cullface": "west"},
				"south": {"uv": [6, 12, 8, 13], "rotation": 270, "texture": "#metal", "cullface": "west"},
				"west": {"uv": [10, 2, 12, 4], "rotation": 270, "texture": "#metal", "cullface": "west"},
				"up": {"uv": [9, 7, 11, 8], "rotation": 270, "texture": "#metal", "cullface": "west"},
				"down": {"uv": [3, 6, 5, 7], "rotation": 270, "texture": "#metal", "cullface": "west"}
			}
		},
		{
			"name": "up",
			"from": [3, 16, 12],
			"to": [5, 17, 14],
			"rotation": {"angle": -22.5, "axis": "y", "origin": [8, 8, 8]},
			"faces": {
				"north": {"uv": [3, 2, 5, 3], "texture": "#metal", "cullface": "up"},
				"east": {"uv": [9, 7, 11, 8], "texture": "#metal", "cullface": "up"},
				"south": {"uv": [6, 12, 8, 13], "texture": "#metal", "cullface": "up"},
				"west": {"uv": [3, 6, 5, 7], "texture": "#metal", "cullface": "up"},
				"up": {"uv": [10, 2, 12, 4], "texture": "#metal", "cullface": "up"}
			}
		},
		{
			"name": "north",
			"from": [3, 12, -1],
			"to": [5, 14, 0],
			"rotation": {"angle": -22.5, "axis": "z", "origin": [8, 8, 8]},
			"faces": {
				"north": {"uv": [10, 2, 12, 4], "rotation": 180, "texture": "#metal", "cullface": "north"},
				"east": {"uv": [9, 7, 11, 8], "rotation": 90, "texture": "#metal", "cullface": "north"},
				"west": {"uv": [3, 6, 5, 7], "rotation": 270, "texture": "#metal", "cullface": "north"},
				"up": {"uv": [6, 12, 8, 13], "texture": "#metal", "cullface": "north"},
				"down": {"uv": [3, 2, 5, 3], "rotation": 180, "texture": "#metal", "cullface": "north"}
			}
		},
		{
			"name": "down",
			"from": [3, -1, 2],
			"to": [5, 0, 4],
			"rotation": {"angle": 22.5, "axis": "y", "origin": [8, 8, 8]},
			"faces": {
				"north": {"uv": [6, 12, 8, 13], "rotation": 180, "texture": "#metal", "cullface": "down"},
				"east": {"uv": [9, 7, 11, 8], "rotation": 180, "texture": "#metal", "cullface": "down"},
				"south": {"uv": [3, 2, 5, 3], "rotation": 180, "texture": "#metal", "cullface": "down"},
				"west": {"uv": [3, 6, 5, 7], "rotation": 180, "texture": "#metal", "cullface": "down"},
				"down": {"uv": [10, 2, 12, 4], "texture": "#metal", "cullface": "down"}
			}
		},
		{
			"name": "east",
			"from": [16, 11, 12],
			"to": [17, 13, 14],
			"rotation": {"angle": -22.5, "axis": "x", "origin": [8, 8, 8]},
			"faces": {
				"north": {"uv": [3, 2, 5, 3], "rotation": 270, "texture": "#metal", "cullface": "east"},
				"east": {"uv": [10, 2, 12, 4], "rotation": 90, "texture": "#metal", "cullface": "east"},
				"south": {"uv": [6, 12, 8, 13], "rotation": 90, "texture": "#metal", "cullface": "east"},
				"up": {"uv": [3, 6, 5, 7], "rotation": 90, "texture": "#metal", "cullface": "east"},
				"down": {"uv": [9, 7, 11, 8], "rotation": 90, "texture": "#metal", "cullface": "east"}
			}
		},
		{
			"name": "south",
			"from": [3, 2, 16],
			"to": [5, 4, 17],
			"rotation": {"angle": -22.5, "axis": "z", "origin": [8, 8, 8]},
			"faces": {
				"east": {"uv": [9, 7, 11, 8], "rotation": 270, "texture": "#metal", "cullface": "south"},
				"south": {"uv": [10, 2, 12, 4], "texture": "#metal", "cullface": "south"},
				"west": {"uv": [3, 6, 5, 7], "rotation": 90, "texture": "#metal", "cullface": "south"},
				"up": {"uv": [3, 2, 5, 3], "rotation": 180, "texture": "#metal", "cullface": "south"},
				"down": {"uv": [6, 12, 8, 13], "texture": "#metal", "cullface": "south"}
			}
		},
		{
			"name": "west",
			"from": [-1, 3, 12],
			"to": [0, 5, 14],
			"rotation": {"angle": -22.5, "axis": "x", "origin": [8, 8, 8]},
			"faces": {
				"north": {"uv": [3, 2, 5, 3], "rotation": 90, "texture": "#metal", "cullface": "west"},
				"south": {"uv": [6, 12, 8, 13], "rotation": 270, "texture": "#metal", "cullface": "west"},
				"west": {"uv": [10, 2, 12, 4], "rotation": 270, "texture": "#metal", "cullface": "west"},
				"up": {"uv": [9, 7, 11, 8], "rotation": 270, "texture": "#metal", "cullface": "west"},
				"down": {"uv": [3, 6, 5, 7], "rotation": 270, "texture": "#metal", "cullface": "west"}
			}
		},
		{
			"name": "up",
			"from": [2, 16, 8],
			"to": [5, 17, 10],
			"rotation": {"angle": -22.5, "axis": "y", "origin": [8, 8, 8]},
			"faces": {
				"north": {"uv": [5, 12, 8, 13], "texture": "#metal", "cullface": "up"},
				"east": {"uv": [0, 0, 2, 1], "texture": "#metal", "cullface": "up"},
				"south": {"uv": [8, 12, 11, 13], "texture": "#metal", "cullface": "up"},
				"west": {"uv": [1, 13, 3, 14], "texture": "#metal", "cullface": "up"},
				"up": {"uv": [10, 6, 13, 8], "texture": "#metal", "cullface": "up"}
			}
		},
		{
			"name": "north",
			"from": [2, 8, -1],
			"to": [5, 10, 0],
			"rotation": {"angle": -22.5, "axis": "z", "origin": [8, 8, 8]},
			"faces": {
				"north": {"uv": [10, 6, 13, 8], "rotation": 180, "texture": "#metal", "cullface": "north"},
				"east": {"uv": [0, 0, 2, 1], "rotation": 90, "texture": "#metal", "cullface": "north"},
				"west": {"uv": [1, 13, 3, 14], "rotation": 270, "texture": "#metal", "cullface": "north"},
				"up": {"uv": [8, 12, 11, 13], "texture": "#metal", "cullface": "north"},
				"down": {"uv": [5, 12, 8, 13], "rotation": 180, "texture": "#metal", "cullface": "north"}
			}
		},
		{
			"name": "down",
			"from": [2, -1, 6],
			"to": [5, 0, 8],
			"rotation": {"angle": 22.5, "axis": "y", "origin": [8, 8, 8]},
			"faces": {
				"north": {"uv": [8, 12, 11, 13], "rotation": 180, "texture": "#metal", "cullface": "down"},
				"east": {"uv": [0, 0, 2, 1], "rotation": 180, "texture": "#metal", "cullface": "down"},
				"south": {"uv": [5, 12, 8, 13], "rotation": 180, "texture": "#metal", "cullface": "down"},
				"west": {"uv": [1, 13, 3, 14], "rotation": 180, "texture": "#metal", "cullface": "down"},
				"down": {"uv": [10, 6, 13, 8], "texture": "#metal", "cullface": "down"}
			}
		},
		{
			"name": "east",
			"from": [16, 11, 8],
			"to": [17, 14, 10],
			"rotation": {"angle": -22.5, "axis": "x", "origin": [8, 8, 8]},
			"faces": {
				"north": {"uv": [5, 12, 8, 13], "rotation": 270, "texture": "#metal", "cullface": "east"},
				"east": {"uv": [10, 6, 13, 8], "rotation": 90, "texture": "#metal", "cullface": "east"},
				"south": {"uv": [8, 12, 11, 13], "rotation": 90, "texture": "#metal", "cullface": "east"},
				"up": {"uv": [1, 13, 3, 14], "rotation": 90, "texture": "#metal", "cullface": "east"},
				"down": {"uv": [0, 0, 2, 1], "rotation": 90, "texture": "#metal", "cullface": "east"}
			}
		},
		{
			"name": "south",
			"from": [2, 6, 16],
			"to": [5, 8, 17],
			"rotation": {"angle": -22.5, "axis": "z", "origin": [8, 8, 8]},
			"faces": {
				"east": {"uv": [0, 0, 2, 1], "rotation": 270, "texture": "#metal", "cullface": "south"},
				"south": {"uv": [10, 6, 13, 8], "texture": "#metal", "cullface": "south"},
				"west": {"uv": [1, 13, 3, 14], "rotation": 90, "texture": "#metal", "cullface": "south"},
				"up": {"uv": [5, 12, 8, 13], "rotation": 180, "texture": "#metal", "cullface": "south"},
				"down": {"uv": [8, 12, 11, 13], "texture": "#metal", "cullface": "south"}
			}
		},
		{
			"name": "west",
			"from": [-1, 2, 8],
			"to": [0, 5, 10],
			"rotation": {"angle": -22.5, "axis": "x", "origin": [8, 8, 8]},
			"faces": {
				"north": {"uv": [5, 12, 8, 13], "rotation": 90, "texture": "#metal", "cullface": "west"},
				"south": {"uv": [8, 12, 11, 13], "rotation": 270, "texture": "#metal", "cullface": "west"},
				"west": {"uv": [10, 6, 13, 8], "rotation": 270, "texture": "#metal", "cullface": "west"},
				"up": {"uv": [0, 0, 2, 1], "rotation": 270, "texture": "#metal", "cullface": "west"},
				"down": {"uv": [1, 13, 3, 14], "rotation": 270, "texture": "#metal", "cullface": "west"}
			}
		},
		{
			"name": "up",
			"from": [10, 16, 2],
			"to": [13, 17, 3],
			"rotation": {"angle": -22.5, "axis": "y", "origin": [8, 8, 8]},
			"faces": {
				"north": {"uv": [11, 7, 14, 8], "texture": "#metal", "cullface": "up"},
				"east": {"uv": [0, 0, 1, 1], "texture": "#metal", "cullface": "up"},
				"south": {"uv": [1, 13, 4, 14], "texture": "#metal", "cullface": "up"},
				"west": {"uv": [0, 0, 1, 1], "texture": "#metal", "cullface": "up"},
				"up": {"uv": [11, 13, 14, 14], "texture": "#metal", "cullface": "up"}
			}
		},
		{
			"name": "north",
			"from": [10, 2, -1],
			"to": [13, 3, 0],
			"rotation": {"angle": -22.5, "axis": "z", "origin": [8, 8, 8]},
			"faces": {
				"north": {"uv": [11, 13, 14, 14], "rotation": 180, "texture": "#metal", "cullface": "north"},
				"east": {"uv": [0, 0, 1, 1], "rotation": 90, "texture": "#metal", "cullface": "north"},
				"west": {"uv": [0, 0, 1, 1], "rotation": 270, "texture": "#metal", "cullface": "north"},
				"up": {"uv": [1, 13, 4, 14], "texture": "#metal", "cullface": "north"},
				"down": {"uv": [11, 7, 14, 8], "rotation": 180, "texture": "#metal", "cullface": "north"}
			}
		},
		{
			"name": "down",
			"from": [10, -1, 13],
			"to": [13, 0, 14],
			"rotation": {"angle": 22.5, "axis": "y", "origin": [8, 8, 8]},
			"faces": {
				"north": {"uv": [1, 13, 4, 14], "rotation": 180, "texture": "#metal", "cullface": "down"},
				"east": {"uv": [0, 0, 1, 1], "rotation": 180, "texture": "#metal", "cullface": "down"},
				"south": {"uv": [11, 7, 14, 8], "rotation": 180, "texture": "#metal", "cullface": "down"},
				"west": {"uv": [0, 0, 1, 1], "rotation": 180, "texture": "#metal", "cullface": "down"},
				"down": {"uv": [11, 13, 14, 14], "texture": "#metal", "cullface": "down"}
			}
		},
		{
			"name": "east",
			"from": [16, 3, 2],
			"to": [17, 6, 3],
			"rotation": {"angle": -22.5, "axis": "x", "origin": [8, 8, 8]},
			"faces": {
				"north": {"uv": [11, 7, 14, 8], "rotation": 270, "texture": "#metal", "cullface": "east"},
				"east": {"uv": [11, 13, 14, 14], "rotation": 90, "texture": "#metal", "cullface": "east"},
				"south": {"uv": [1, 13, 4, 14], "rotation": 90, "texture": "#metal", "cullface": "east"},
				"up": {"uv": [0, 0, 1, 1], "rotation": 90, "texture": "#metal", "cullface": "east"},
				"down": {"uv": [0, 0, 1, 1], "rotation": 90, "texture": "#metal", "cullface": "east"}
			}
		},
		{
			"name": "south",
			"from": [10, 13, 16],
			"to": [13, 14, 17],
			"rotation": {"angle": -22.5, "axis": "z", "origin": [8, 8, 8]},
			"faces": {
				"east": {"uv": [0, 0, 1, 1], "rotation": 270, "texture": "#metal", "cullface": "south"},
				"south": {"uv": [11, 13, 14, 14], "texture": "#metal", "cullface": "south"},
				"west": {"uv": [0, 0, 1, 1], "rotation": 90, "texture": "#metal", "cullface": "south"},
				"up": {"uv": [11, 7, 14, 8], "rotation": 180, "texture": "#metal", "cullface": "south"},
				"down": {"uv": [1, 13, 4, 14], "texture": "#metal", "cullface": "south"}
			}
		},
		{
			"name": "west",
			"from": [-1, 10, 2],
			"to": [0, 13, 3],
			"rotation": {"angle": -22.5, "axis": "x", "origin": [8, 8, 8]},
			"faces": {
				"north": {"uv": [11, 7, 14, 8], "rotation": 90, "texture": "#metal", "cullface": "west"},
				"south": {"uv": [1, 13, 4, 14], "rotation": 270, "texture": "#metal", "cullface": "west"},
				"west": {"uv": [11, 13, 14, 14], "rotation": 270, "texture": "#metal", "cullface": "west"},
				"up": {"uv": [0, 0, 1, 1], "rotation": 270, "texture": "#metal", "cullface": "west"},
				"down": {"uv": [0, 0, 1, 1], "rotation": 270, "texture": "#metal", "cullface": "west"}
			}
		},
		{
			"name": "up",
			"from": [8, 16, 5],
			"to": [10, 17, 6],
			"rotation": {"angle": -22.5, "axis": "y", "origin": [8, 8, 8]},
			"faces": {
				"north": {"uv": [8, 5, 10, 6], "texture": "#metal", "cullface": "up"},
				"east": {"uv": [0, 0, 1, 1], "texture": "#metal", "cullface": "up"},
				"south": {"uv": [13, 6, 15, 7], "texture": "#metal", "cullface": "up"},
				"west": {"uv": [0, 0, 1, 1], "texture": "#metal", "cullface": "up"},
				"up": {"uv": [10, 2, 12, 3], "texture": "#metal", "cullface": "up"}
			}
		},
		{
			"name": "north",
			"from": [8, 5, -1],
			"to": [10, 6, 0],
			"rotation": {"angle": -22.5, "axis": "z", "origin": [8, 8, 8]},
			"faces": {
				"north": {"uv": [10, 2, 12, 3], "rotation": 180, "texture": "#metal", "cullface": "north"},
				"east": {"uv": [0, 0, 1, 1], "rotation": 90, "texture": "#metal", "cullface": "north"},
				"west": {"uv": [0, 0, 1, 1], "rotation": 270, "texture": "#metal", "cullface": "north"},
				"up": {"uv": [13, 6, 15, 7], "texture": "#metal", "cullface": "north"},
				"down": {"uv": [8, 5, 10, 6], "rotation": 180, "texture": "#metal", "cullface": "north"}
			}
		},
		{
			"name": "down",
			"from": [8, -1, 10],
			"to": [10, 0, 11],
			"rotation": {"angle": 22.5, "axis": "y", "origin": [8, 8, 8]},
			"faces": {
				"north": {"uv": [13, 6, 15, 7], "rotation": 180, "texture": "#metal", "cullface": "down"},
				"east": {"uv": [0, 0, 1, 1], "rotation": 180, "texture": "#metal", "cullface": "down"},
				"south": {"uv": [8, 5, 10, 6], "rotation": 180, "texture": "#metal", "cullface": "down"},
				"west": {"uv": [0, 0, 1, 1], "rotation": 180, "texture": "#metal", "cullface": "down"},
				"down": {"uv": [10, 2, 12, 3], "texture": "#metal", "cullface": "down"}
			}
		},
		{
			"name": "east",
			"from": [16, 6, 5],
			"to": [17, 8, 6],
			"rotation": {"angle": -22.5, "axis": "x", "origin": [8, 8, 8]},
			"faces": {
				"north": {"uv": [8, 5, 10, 6], "rotation": 270, "texture": "#metal", "cullface": "east"},
				"east": {"uv": [10, 2, 12, 3], "rotation": 90, "texture": "#metal", "cullface": "east"},
				"south": {"uv": [13, 6, 15, 7], "rotation": 90, "texture": "#metal", "cullface": "east"},
				"up": {"uv": [0, 0, 1, 1], "rotation": 90, "texture": "#metal", "cullface": "east"},
				"down": {"uv": [0, 0, 1, 1], "rotation": 90, "texture": "#metal", "cullface": "east"}
			}
		},
		{
			"name": "south",
			"from": [8, 10, 16],
			"to": [10, 11, 17],
			"rotation": {"angle": -22.5, "axis": "z", "origin": [8, 8, 8]},
			"faces": {
				"east": {"uv": [0, 0, 1, 1], "rotation": 270, "texture": "#metal", "cullface": "south"},
				"south": {"uv": [10, 2, 12, 3], "texture": "#metal", "cullface": "south"},
				"west": {"uv": [0, 0, 1, 1], "rotation": 90, "texture": "#metal", "cullface": "south"},
				"up": {"uv": [8, 5, 10, 6], "rotation": 180, "texture": "#metal", "cullface": "south"},
				"down": {"uv": [13, 6, 15, 7], "texture": "#metal", "cullface": "south"}
			}
		},
		{
			"name": "west",
			"from": [-1, 8, 5],
			"to": [0, 10, 6],
			"rotation": {"angle": -22.5, "axis": "x", "origin": [8, 8, 8]},
			"faces": {
				"north": {"uv": [8, 5, 10, 6], "rotation": 90, "texture": "#metal", "cullface": "west"},
				"south": {"uv": [13, 6, 15, 7], "rotation": 270, "texture": "#metal", "cullface": "west"},
				"west": {"uv": [10, 2, 12, 3], "rotation": 270, "texture": "#metal", "cullface": "west"},
				"up": {"uv": [0, 0, 1, 1], "rotation": 270, "texture": "#metal", "cullface": "west"},
				"down": {"uv": [0, 0, 1, 1], "rotation": 270, "texture": "#metal", "cullface": "west"}
			}
		}
	],
	"display": {
		"thirdperson_righthand": {
			"rotation": [75, 45, 0],
			"translation": [0, 2.5, 0],
			"scale": [0.375, 0.375, 0.375]
		},
		"firstperson_righthand": {
			"rotation": [0, 45, 0],
			"scale": [0.4, 0.4, 0.4]
		},
		"firstperson_lefthand": {
			"rotation": [0, 225, 0],
			"scale": [0.4, 0.4, 0.4]
		},
		"ground": {
			"translation": [0, 3, 0],
			"scale": [0.25, 0.25, 0.25]
		},
		"gui": {
			"rotation": [30, 225, 0],
			"scale": [0.625, 0.625, 0.625]
		},
		"fixed": {
			"scale": [0.5, 0.5, 0.5]
		}
	}
}