{
	"credit": "Made with Blockbench",
	"parent": "block/cube",
	"elements": [
		{
			"from": [0, 0, 0],
			"to": [16, 16, 16],
			"faces": {
				"north": {"uv": [0, 0, 16, 16], "rotation": 90, "texture": "#all", "cullface": "north"},
				"east": {"uv": [0, 0, 16, 16], "rotation": 90, "texture": "#all", "cullface": "east"},
				"south": {"uv": [0, 0, 16, 16], "rotation": 90, "texture": "#all", "cullface": "south"},
				"west": {"uv": [0, 0, 16, 16], "rotation": 90, "texture": "#all", "cullface": "west"},
				"up": {"uv": [0, 0, 16, 16], "rotation": 90, "texture": "#all", "cullface": "up"},
				"down": {"uv": [0, 0, 16, 16], "rotation": 270, "texture": "#all", "cullface": "down"}
			}
		},
		{
			"from": [8, 16.005, 0],
			"to": [16, 16.005, 16],
			"faces": {
				"up": {"uv": [0, 0, 16, 8], "rotation": 90, "texture": "#border", "cullface": "east"}
			}
		},
		{
			"from": [0, 16.005, 0],
			"to": [8, 16.005, 16],
			"faces": {
				"up": {"uv": [0, 8, 16, 16], "rotation": 90, "texture": "#border", "cullface": "west"}
			}
		},
		{
			"from": [8, 0, -0.005],
			"to": [16, 16, -0.005],
			"faces": {
				"north": {"uv": [0, 8, 16, 16], "rotation": 90, "texture": "#border", "cullface": "east"}
			}
		},
		{
			"from": [0, 0, -0.005],
			"to": [8, 16, -0.005],
			"faces": {
				"north": {"uv": [0, 0, 16, 8], "rotation": 90, "texture": "#border", "cullface": "west"}
			}
		},
		{
			"from": [-0.005, 0, 0],
			"to": [-0.005, 16, 8],
			"faces": {
				"west": {"uv": [0, 8, 16, 16], "rotation": 90, "texture": "#border", "cullface": "north"}
			}
		},
		{
			"from": [-0.005, 0, 8],
			"to": [-0.005, 16, 16],
			"faces": {
				"west": {"uv": [0, 0, 16, 8], "rotation": 90, "texture": "#border", "cullface": "south"}
			}
		},
		{
			"from": [8, 0, 16.005],
			"to": [16, 16, 16.005],
			"faces": {
				"south": {"uv": [0, 0, 16, 8], "rotation": 90, "texture": "#border", "cullface": "east"}
			}
		},
		{
			"from": [0, 0, 16.005],
			"to": [8, 16, 16.005],
			"faces": {
				"south": {"uv": [0, 8, 16, 16], "rotation": 90, "texture": "#border", "cullface": "west"}
			}
		},
		{
			"from": [16.005, 0, 0],
			"to": [16.005, 16, 8],
			"faces": {
				"east": {"uv": [0, 0, 16, 8], "rotation": 90, "texture": "#border", "cullface": "north"}
			}
		},
		{
			"from": [16.005, 0, 8],
			"to": [16.005, 16, 16],
			"faces": {
				"east": {"uv": [0, 8, 16, 16], "rotation": 90, "texture": "#border", "cullface": "south"}
			}
		},
		{
			"from": [8, -0.005, 0],
			"to": [16, -0.005, 16],
			"faces": {
				"down": {"uv": [0, 8, 16, 16], "rotation": 270, "texture": "#border", "cullface": "east"}
			}
		},
		{
			"from": [0, -0.005, 0],
			"to": [8, -0.005, 16],
			"faces": {
				"down": {"uv": [0, 0, 16, 8], "rotation": 270, "texture": "#border", "cullface": "west"}
			}
		}
	]
}