{
	"credit": "Made with Blockbench",
	"textures": {
		"1": "crystalpledge:mob/rat"
	},
	"elements": [
		{
			"name": "cube2",
			"from": [2, 2, 1],
			"to": [14, 14, 17],
			"rotation": {"angle": 0, "axis": "y", "origin": [9, 12, 8]},
			"faces": {
				"north": {"uv": [0, 0, 2.931, 3.954], "texture": "#1"},
				"east": {"uv": [6, 0, 9, 4], "rotation": 90, "texture": "#1"},
				"south": {"uv": [0, 0, 3, 4], "texture": "#1"},
				"west": {"uv": [0, 0, 3, 4], "rotation": 270, "texture": "#1"},
				"up": {"uv": [9, 0, 12, 4], "texture": "#1"},
				"down": {"uv": [6, 0, 3, 4], "rotation": 180, "texture": "#1"}
			}
		},
		{
			"from": [4, 2, -9],
			"to": [12, 12, 1],
			"rotation": {"angle": 0, "axis": "y", "origin": [9, 12, 8]},
			"faces": {
				"north": {"uv": [7, 4.5, 9, 7], "texture": "#1"},
				"east": {"uv": [4.5, 7, 7, 9.5], "texture": "#1"},
				"west": {"uv": [0, 7, 2.5, 9.5], "texture": "#1"},
				"up": {"uv": [7, 7, 9, 9.5], "texture": "#1"},
				"down": {"uv": [2.5, 7, 4.5, 9.5], "rotation": 180, "texture": "#1"}
			}
		},
		{
			"from": [6, 3, -15],
			"to": [10, 7, -9],
			"rotation": {"angle": 0, "axis": "y", "origin": [20, 12, 8]},
			"faces": {
				"north": {"uv": [1.5, 11, 2.5, 12], "texture": "#1"},
				"east": {"uv": [0, 11, 1.5, 12], "texture": "#1"},
				"south": {"uv": [2.5, 7, 4, 8], "texture": "#1"},
				"west": {"uv": [2.5, 11, 4, 12], "texture": "#1"},
				"up": {"uv": [1.5, 9.5, 2.5, 11], "rotation": 180, "texture": "#1"},
				"down": {"uv": [1.5, 12, 2.5, 13.5], "rotation": 180, "texture": "#1"}
			}
		},
		{
			"from": [3, 6, -11],
			"to": [7, 10, -10],
			"rotation": {"angle": 0, "axis": "y", "origin": [11, 9, 8]},
			"faces": {
				"north": {"uv": [4, 10.5, 5, 11.5], "texture": "#1"},
				"east": {"uv": [5, 12.5, 5.25, 13.5], "texture": "#1"},
				"south": {"uv": [5.25, 10.5, 6.25, 11.5], "texture": "#1"},
				"west": {"uv": [5, 10.5, 5.25, 11.5], "texture": "#1"},
				"up": {"uv": [5, 9.5, 5.25, 10.5], "texture": "#1"},
				"down": {"uv": [5, 11.5, 5.25, 12.5], "texture": "#1"}
			}
		},
		{
			"from": [9, 6, -11],
			"to": [13, 10, -10],
			"rotation": {"angle": 0, "axis": "y", "origin": [11, 9, 8]},
			"faces": {
				"north": {"uv": [4, 10.5, 5, 11.5], "rotation": 90, "texture": "#1"},
				"east": {"uv": [5, 12.5, 5.25, 13.5], "texture": "#1"},
				"south": {"uv": [5.25, 10.5, 6.25, 11.5], "rotation": 180, "texture": "#1"},
				"west": {"uv": [5, 10.5, 5.25, 11.5], "texture": "#1"},
				"up": {"uv": [5, 9.5, 5.25, 10.5], "texture": "#1"},
				"down": {"uv": [5, 11.5, 5.25, 12.5], "texture": "#1"}
			}
		},
		{
			"from": [3, 3, -15.1],
			"to": [7, 6, -15.1],
			"rotation": {"angle": 0, "axis": "y", "origin": [9, 10, 8]},
			"faces": {
				"north": {"uv": [2.75, 12.25, 3.75, 13], "rotation": 180, "texture": "#1"},
				"south": {"uv": [2.75, 12.25, 3.75, 13], "texture": "#1"}
			}
		},
		{
			"from": [9, 3, -15.1],
			"to": [13, 6, -15.1],
			"rotation": {"angle": 0, "axis": "y", "origin": [9, 10, 8]},
			"faces": {
				"north": {"uv": [2.75, 12.25, 3.75, 13], "texture": "#1"},
				"south": {"uv": [2.75, 12.25, 3.75, 13], "rotation": 180, "texture": "#1"}
			}
		},
		{
			"from": [3, -1, 11],
			"to": [4, 0, 16],
			"rotation": {"angle": -22.5, "axis": "x", "origin": [3.5, 4.5, 14.25]},
			"faces": {
				"north": {"uv": [1.5, 15, 1.75, 15.25], "texture": "#1"},
				"east": {"uv": [1.75, 15, 3, 15.25], "rotation": 180, "texture": "#1"},
				"south": {"uv": [3, 15, 3.25, 15.25], "texture": "#1"},
				"west": {"uv": [0.25, 15, 1.5, 15.25], "rotation": 180, "texture": "#1"},
				"up": {"uv": [0.25, 14.75, 1.5, 15], "rotation": 270, "texture": "#1"},
				"down": {"uv": [0.25, 15.25, 1.5, 15.5], "rotation": 90, "texture": "#1"}
			}
		},
		{
			"from": [5, -2, -8],
			"to": [6, -1, -3],
			"rotation": {"angle": 22.5, "axis": "x", "origin": [5.5, 4.5, -2.75]},
			"faces": {
				"north": {"uv": [1.5, 15, 1.75, 15.25], "texture": "#1"},
				"east": {"uv": [1.75, 15, 3, 15.25], "rotation": 180, "texture": "#1"},
				"south": {"uv": [3, 15, 3.25, 15.25], "texture": "#1"},
				"west": {"uv": [0.25, 15, 1.5, 15.25], "rotation": 180, "texture": "#1"},
				"up": {"uv": [0.25, 14.75, 1.5, 15], "rotation": 270, "texture": "#1"},
				"down": {"uv": [0.25, 15.25, 1.5, 15.5], "rotation": 90, "texture": "#1"}
			}
		},
		{
			"from": [12, -1, 9],
			"to": [13, 0, 14],
			"rotation": {"angle": 22.5, "axis": "x", "origin": [12.5, 4.5, 14.25]},
			"faces": {
				"north": {"uv": [1.5, 15, 1.75, 15.25], "texture": "#1"},
				"east": {"uv": [0.25, 15, 1.5, 15.25], "texture": "#1"},
				"south": {"uv": [3, 15, 3.25, 15.25], "texture": "#1"},
				"west": {"uv": [1.75, 15, 3, 15.25], "texture": "#1"},
				"up": {"uv": [0.25, 14.75, 1.5, 15], "rotation": 270, "texture": "#1"},
				"down": {"uv": [0.25, 15.25, 1.5, 15.5], "rotation": 90, "texture": "#1"}
			}
		},
		{
			"from": [10, -1, -6],
			"to": [11, 0, -1],
			"rotation": {"angle": -22.5, "axis": "x", "origin": [10.5, 4.5, -2.75]},
			"faces": {
				"north": {"uv": [1.5, 15, 1.75, 15.25], "texture": "#1"},
				"east": {"uv": [0.25, 15, 1.5, 15.25], "texture": "#1"},
				"south": {"uv": [3, 15, 3.25, 15.25], "texture": "#1"},
				"west": {"uv": [1.75, 15, 3, 15.25], "texture": "#1"},
				"up": {"uv": [0.25, 14.75, 1.5, 15], "rotation": 270, "texture": "#1"},
				"down": {"uv": [0.25, 15.25, 1.5, 15.5], "rotation": 90, "texture": "#1"}
			}
		},
		{
			"from": [3, 0, 14],
			"to": [4, 3, 16],
			"rotation": {"angle": -22.5, "axis": "x", "origin": [3.5, 4.5, 14.25]},
			"faces": {
				"north": {"uv": [0.75, 14, 1, 14.75], "texture": "#1"},
				"east": {"uv": [1, 14, 1.5, 14.75], "texture": "#1"},
				"south": {"uv": [1.5, 14, 1.75, 14.75], "texture": "#1"},
				"west": {"uv": [0.25, 14, 0.75, 14.75], "texture": "#1"},
				"up": {"uv": [0, 0, 0, 0], "texture": "#1"},
				"down": {"uv": [0, 0, 0, 0], "texture": "#1"}
			}
		},
		{
			"from": [5, -1, -5],
			"to": [6, 2, -3],
			"rotation": {"angle": 22.5, "axis": "x", "origin": [5.5, 4.5, -2.75]},
			"faces": {
				"north": {"uv": [0.75, 14, 1, 14.75], "texture": "#1"},
				"east": {"uv": [1, 14, 1.5, 14.75], "texture": "#1"},
				"south": {"uv": [1.5, 14, 1.75, 14.75], "texture": "#1"},
				"west": {"uv": [0.25, 14, 0.75, 14.75], "texture": "#1"},
				"up": {"uv": [0, 0, 0, 0], "texture": "#1"},
				"down": {"uv": [0, 0, 0, 0], "texture": "#1"}
			}
		},
		{
			"from": [12, 0, 12],
			"to": [13, 3, 14],
			"rotation": {"angle": 22.5, "axis": "x", "origin": [12.5, 4.5, 14.25]},
			"faces": {
				"north": {"uv": [0.75, 14, 1, 14.75], "texture": "#1"},
				"east": {"uv": [0.25, 14, 0.75, 14.75], "texture": "#1"},
				"south": {"uv": [1.5, 14, 1.75, 14.75], "texture": "#1"},
				"west": {"uv": [1, 14, 1.5, 14.75], "texture": "#1"},
				"up": {"uv": [0, 0, 0, 0], "texture": "#1"},
				"down": {"uv": [0, 0, 0, 0], "texture": "#1"}
			}
		},
		{
			"from": [10, 0, -3],
			"to": [11, 3, -1],
			"rotation": {"angle": -22.5, "axis": "x", "origin": [10.5, 4.5, -2.75]},
			"faces": {
				"north": {"uv": [0.75, 14, 1, 14.75], "texture": "#1"},
				"east": {"uv": [0.25, 14, 0.75, 14.75], "texture": "#1"},
				"south": {"uv": [1.5, 14, 1.75, 14.75], "texture": "#1"},
				"west": {"uv": [1, 14, 1.5, 14.75], "texture": "#1"},
				"up": {"uv": [0, 0, 0, 0], "texture": "#1"},
				"down": {"uv": [0, 0, 0, 0], "texture": "#1"}
			}
		},
		{
			"from": [6, 4, 17],
			"to": [10, 8, 24],
			"rotation": {"angle": 0, "axis": "y", "origin": [20, 9, 8]},
			"faces": {
				"east": {"uv": [12.5, 5.5, 14.5, 6.5], "rotation": 180, "texture": "#1"},
				"south": {"uv": [11.5, 5.5, 12.5, 6.5], "texture": "#1"},
				"west": {"uv": [9.5, 5.5, 11.5, 6.5], "texture": "#1"},
				"up": {"uv": [9.5, 4.5, 11.5, 5.5], "rotation": 90, "texture": "#1"},
				"down": {"uv": [9.5, 6.5, 11.5, 7.5], "rotation": 270, "texture": "#1"}
			}
		},
		{
			"from": [7, 5, 22],
			"to": [9, 7, 32],
			"rotation": {"angle": 22.5, "axis": "y", "origin": [8, 6, 22]},
			"faces": {
				"east": {"uv": [12.5, 8.25, 15, 8.75], "rotation": 180, "texture": "#1"},
				"south": {"uv": [12, 8.25, 12.5, 8.75], "texture": "#1"},
				"west": {"uv": [9.5, 8.25, 12, 8.75], "texture": "#1"},
				"up": {"uv": [9.5, 7.75, 12, 8.25], "rotation": 90, "texture": "#1"},
				"down": {"uv": [9.5, 8.75, 12, 9.25], "rotation": 270, "texture": "#1"}
			}
		}
	],
	"display": {
		"head": {
			"translation": [0, -8.9, 15],
			"scale": [3, 3, 3]
		}
	}
}