{
	"credit": "Made with Blockbench",
    "textures": {
        "particle": "#0"
    },
	"gui_light": "front",
	"elements": [
		{
			"from": [0.125, 0, 0],
			"to": [0.875, 3, 1],
			"faces": {
				"north": {"uv": [0, 13, 0.75, 16], "texture": "#0"},
				"east": {"uv": [0, 13, 1, 16], "texture": "#0"},
				"south": {"uv": [0, 0, 0.75, 3], "texture": "#0"},
				"west": {"uv": [0, 13, 1, 16], "texture": "#0"},
				"up": {"uv": [0, 13, 0.75, 14], "texture": "#0"},
				"down": {"uv": [0, 15, 0.75, 16], "texture": "#0"}
			}
		},
		{
			"from": [0.125, 2, 1],
			"to": [0.875, 3, 2],
			"faces": {
				"north": {"uv": [0, 0, 0.75, 1], "texture": "#0"},
				"east": {"uv": [1, 13, 2, 14], "texture": "#0"},
				"south": {"uv": [1, 13, 1.75, 14], "texture": "#0"},
				"west": {"uv": [1, 13, 2, 14], "texture": "#0"},
				"up": {"uv": [1, 13, 1.75, 14], "texture": "#0"},
				"down": {"uv": [0, 0, 0.75, 1], "texture": "#0"}
			}
		},
		{
			"from": [0.125, 0, 1],
			"to": [0.875, 1, 2],
			"faces": {
				"north": {"uv": [0, 0, 0.75, 1], "texture": "#0"},
				"east": {"uv": [1, 15, 2, 16], "texture": "#0"},
				"south": {"uv": [0, 0, 0.75, 1], "texture": "#0"},
				"west": {"uv": [1, 15, 2, 16], "texture": "#0"},
				"up": {"uv": [0, 0, 0.75, 1], "texture": "#0"},
				"down": {"uv": [1, 15, 1.75, 16], "texture": "#0"}
			}
		},
		{
			"from": [0, 1, 1],
			"to": [1, 2, 2],
			"faces": {
				"north": {"uv": [1, 14, 2, 15], "texture": "#0"},
				"east": {"uv": [1, 14, 2, 15], "texture": "#0"},
				"south": {"uv": [1, 14, 2, 15], "texture": "#0"},
				"west": {"uv": [1, 14, 2, 15], "texture": "#0"},
				"up": {"uv": [1, 14, 2, 15], "texture": "#0"},
				"down": {"uv": [1, 14, 2, 15], "texture": "#0"}
			}
		},
		{
			"from": [0.125, 0, 2],
			"to": [0.875, 2, 3],
			"faces": {
				"north": {"uv": [0, 0, 0.75, 2], "texture": "#0"},
				"east": {"uv": [2, 14, 3, 16], "texture": "#0"},
				"south": {"uv": [2, 14, 2.75, 16], "texture": "#0"},
				"west": {"uv": [2, 14, 3, 16], "texture": "#0"},
				"up": {"uv": [2, 14, 2.75, 15], "texture": "#0"},
				"down": {"uv": [2, 15, 2.75, 16], "texture": "#0"}
			}
		},
		{
			"from": [0.25, 2, 2],
			"to": [0.75, 4, 3],
			"faces": {
				"north": {"uv": [2, 12, 2.5, 14], "texture": "#0"},
				"east": {"uv": [2, 12, 3, 14], "texture": "#0"},
				"south": {"uv": [0, 0, 0.5, 2], "texture": "#0"},
				"west": {"uv": [2, 12, 3, 14], "texture": "#0"},
				"up": {"uv": [2, 12, 2.5, 13], "texture": "#0"},
				"down": {"uv": [0, 0, 0.5, 1], "texture": "#0"}
			}
		},
		{
			"from": [0.25, 2, 3],
			"to": [0.75, 5, 4],
			"faces": {
				"north": {"uv": [3, 11, 3.5, 14], "texture": "#0"},
				"east": {"uv": [3, 11, 4, 14], "texture": "#0"},
				"south": {"uv": [3, 11, 3.5, 14], "texture": "#0"},
				"west": {"uv": [3, 11, 4, 14], "texture": "#0"},
				"up": {"uv": [3, 11, 3.5, 12], "texture": "#0"},
				"down": {"uv": [3, 13, 3.5, 14], "texture": "#0"}
			}
		},
		{
			"from": [0.25, 3, 4],
			"to": [0.75, 4, 5],
			"faces": {
				"north": {"uv": [0, 0, 0.5, 1], "texture": "#0"},
				"east": {"uv": [4, 12, 5, 13], "texture": "#0"},
				"south": {"uv": [4, 12, 4.5, 13], "texture": "#0"},
				"west": {"uv": [4, 12, 5, 13], "texture": "#0"},
				"up": {"uv": [0, 0, 0.5, 1], "texture": "#0"},
				"down": {"uv": [4, 12, 4.5, 13], "texture": "#0"}
			}
		},
		{
			"from": [0.25, 7, 4],
			"to": [0.75, 9, 5],
			"faces": {
				"north": {"uv": [0, 0, 0.5, 2], "texture": "#0"},
				"east": {"uv": [4, 7, 5, 9], "texture": "#0"},
				"south": {"uv": [4, 7, 4.5, 9], "texture": "#0"},
				"west": {"uv": [4, 7, 5, 9], "texture": "#0"},
				"up": {"uv": [4, 7, 4.5, 8], "texture": "#0"},
				"down": {"uv": [0, 0, 0.5, 1], "texture": "#0"}
			}
		},
		{
			"from": [0.25, 4, 7],
			"to": [0.75, 5, 9],
			"faces": {
				"north": {"uv": [0, 0, 0.5, 1], "texture": "#0"},
				"east": {"uv": [7, 11, 9, 12], "rotation": 180, "texture": "#0"},
				"south": {"uv": [8, 11, 8.5, 12], "texture": "#0"},
				"west": {"uv": [7, 11, 9, 12], "texture": "#0"},
				"up": {"uv": [7, 11, 9, 12], "rotation": 90, "texture": "#0"},
				"down": {"uv": [0, 0, 0.5, 2], "texture": "#0"}
			}
		},
		{
			"from": [0.25, 3, 6],
			"to": [0.75, 4, 8],
			"faces": {
				"north": {"uv": [6, 12, 6.5, 13], "texture": "#0"},
				"east": {"uv": [6, 12, 8, 13], "rotation": 180, "texture": "#0"},
				"south": {"uv": [0, 0, 0.5, 1], "texture": "#0"},
				"west": {"uv": [6, 12, 8, 13], "texture": "#0"},
				"up": {"uv": [0, 0, 0.5, 2], "texture": "#0"},
				"down": {"uv": [6, 12, 7.5, 13], "rotation": 270, "texture": "#0"}
			}
		},
		{
			"from": [0, 4, 4],
			"to": [1, 7, 5],
			"faces": {
				"north": {"uv": [4, 9, 5, 12], "texture": "#0"},
				"east": {"uv": [4, 9, 5, 12], "texture": "#0"},
				"south": {"uv": [4, 9, 5, 12], "texture": "#0"},
				"west": {"uv": [4, 9, 5, 12], "texture": "#0"},
				"up": {"uv": [4, 9, 5, 10], "texture": "#0"},
				"down": {"uv": [4, 11, 5, 12], "texture": "#0"}
			}
		},
		{
			"from": [0.25, 6, 3],
			"to": [0.75, 8, 4],
			"faces": {
				"north": {"uv": [3, 8, 3.5, 10], "texture": "#0"},
				"east": {"uv": [3, 8, 4, 10], "texture": "#0"},
				"south": {"uv": [0, 0, 0.5, 2], "texture": "#0"},
				"west": {"uv": [3, 8, 4, 10], "texture": "#0"},
				"up": {"uv": [0, 0, 0.5, 1], "texture": "#0"},
				"down": {"uv": [3, 9, 3.5, 10], "texture": "#0"}
			}
		},
		{
			"from": [0, 8, 2],
			"to": [1, 10, 4],
			"faces": {
				"north": {"uv": [2, 6, 3, 8], "texture": "#0"},
				"east": {"uv": [2, 6, 4, 8], "rotation": 90, "texture": "#0"},
				"south": {"uv": [3, 6, 4, 8], "texture": "#0"},
				"west": {"uv": [2, 6, 4, 8], "texture": "#0"},
				"up": {"uv": [2, 6, 4, 7], "rotation": 180, "texture": "#0"},
				"down": {"uv": [2, 7, 4, 8], "rotation": 270, "texture": "#0"}
			}
		},
		{
			"from": [0, 4, 5],
			"to": [1, 5, 7],
			"faces": {
				"north": {"uv": [0, 0, 1, 1], "texture": "#0"},
				"east": {"uv": [5, 11, 7, 12], "rotation": 180, "texture": "#0"},
				"south": {"uv": [6, 11, 7, 12], "texture": "#0"},
				"west": {"uv": [5, 11, 7, 12], "texture": "#0"},
				"up": {"uv": [5, 11, 7, 12], "rotation": 90, "texture": "#0"},
				"down": {"uv": [5, 11, 7, 12], "rotation": 270, "texture": "#0"}
			}
		},
		{
			"from": [0, 5, 5],
			"to": [1, 6, 6],
			"faces": {
				"north": {"uv": [0, 0, 1, 1], "texture": "#0"},
				"east": {"uv": [5, 10, 6, 11], "texture": "#0"},
				"south": {"uv": [5, 10, 6, 11], "texture": "#0"},
				"west": {"uv": [5, 10, 6, 11], "texture": "#0"},
				"up": {"uv": [5, 10, 6, 11], "texture": "#0"},
				"down": {"uv": [0, 0, 1, 1], "texture": "#0"}
			}
		},
		{
			"from": [0, 2, 8],
			"to": [1, 4, 10],
			"faces": {
				"north": {"uv": [8, 12, 9, 14], "texture": "#0"},
				"east": {"uv": [8, 12, 10, 14], "rotation": 90, "texture": "#0"},
				"south": {"uv": [9, 12, 10, 14], "texture": "#0"},
				"west": {"uv": [8, 12, 10, 14], "texture": "#0"},
				"up": {"uv": [8, 12, 10, 13], "rotation": 90, "texture": "#0"},
				"down": {"uv": [8, 13, 10, 14], "rotation": 270, "texture": "#0"}
			}
		},
		{
			"from": [0.125, 13, 12],
			"to": [0.875, 14, 13],
			"faces": {
				"north": {"uv": [12, 2, 12.75, 3], "texture": "#0"},
				"east": {"uv": [12, 2, 13, 3], "texture": "#0"},
				"south": {"uv": [0, 0, 0.75, 1], "texture": "#0"},
				"west": {"uv": [12, 2, 13, 3], "texture": "#0"},
				"up": {"uv": [12, 2, 12.75, 3], "texture": "#0"},
				"down": {"uv": [0, 0, 0.75, 1], "texture": "#0"}
			}
		},
		{
			"from": [0.125, 14, 13],
			"to": [0.875, 15, 15],
			"faces": {
				"north": {"uv": [13, 1, 13.75, 2], "texture": "#0"},
				"east": {"uv": [13, 1, 15, 2], "rotation": 180, "texture": "#0"},
				"south": {"uv": [14, 1, 14.75, 2], "texture": "#0"},
				"west": {"uv": [13, 1, 15, 2], "texture": "#0"},
				"up": {"uv": [13, 1, 15, 2], "rotation": 90, "texture": "#0"},
				"down": {"uv": [0, 0, 0.75, 1], "texture": "#0"}
			}
		},
		{
			"from": [-0.125, 12, 12],
			"to": [1.125, 13, 13],
			"faces": {
				"north": {"uv": [12, 3, 13, 4], "texture": "#0"},
				"east": {"uv": [12, 3, 13, 4], "texture": "#0"},
				"south": {"uv": [12, 3, 13, 4], "texture": "#0"},
				"west": {"uv": [12, 3, 13, 4], "texture": "#0"},
				"up": {"uv": [12, 3, 13, 4], "texture": "#0"},
				"down": {"uv": [12, 3, 13, 4], "texture": "#0"}
			}
		},
		{
			"from": [-0.125, 13, 13],
			"to": [1.125, 14, 14],
			"faces": {
				"north": {"uv": [13, 2, 14, 3], "texture": "#0"},
				"east": {"uv": [13, 2, 14, 3], "texture": "#0"},
				"south": {"uv": [13, 2, 14, 3], "texture": "#0"},
				"west": {"uv": [13, 2, 14, 3], "texture": "#0"},
				"up": {"uv": [13, 2, 14, 3], "texture": "#0"},
				"down": {"uv": [13, 2, 14, 3], "texture": "#0"}
			}
		},
		{
			"from": [-0.125, 11, 11],
			"to": [1.125, 12, 12],
			"faces": {
				"north": {"uv": [11, 4, 12, 5], "texture": "#0"},
				"east": {"uv": [11, 4, 12, 5], "texture": "#0"},
				"south": {"uv": [11, 4, 12, 5], "texture": "#0"},
				"west": {"uv": [11, 4, 12, 5], "texture": "#0"},
				"up": {"uv": [11, 4, 12, 5], "texture": "#0"},
				"down": {"uv": [11, 4, 12, 5], "texture": "#0"}
			}
		},
		{
			"from": [-0.125, 10, 10],
			"to": [1.125, 11, 11],
			"faces": {
				"north": {"uv": [10, 5, 11, 6], "texture": "#0"},
				"east": {"uv": [10, 5, 11, 6], "texture": "#0"},
				"south": {"uv": [10, 5, 11, 6], "texture": "#0"},
				"west": {"uv": [10, 5, 11, 6], "texture": "#0"},
				"up": {"uv": [10, 5, 11, 6], "texture": "#0"},
				"down": {"uv": [10, 5, 11, 6], "texture": "#0"}
			}
		},
		{
			"from": [-0.125, 9, 9],
			"to": [1.125, 10, 10],
			"faces": {
				"north": {"uv": [9, 6, 10, 7], "texture": "#0"},
				"east": {"uv": [9, 6, 10, 7], "texture": "#0"},
				"south": {"uv": [9, 6, 10, 7], "texture": "#0"},
				"west": {"uv": [9, 6, 10, 7], "texture": "#0"},
				"up": {"uv": [9, 6, 10, 7], "texture": "#0"},
				"down": {"uv": [9, 6, 10, 7], "texture": "#0"}
			}
		},
		{
			"from": [-0.125, 8, 8],
			"to": [1.125, 9, 9],
			"faces": {
				"north": {"uv": [8, 7, 9, 8], "texture": "#0"},
				"east": {"uv": [8, 7, 9, 8], "texture": "#0"},
				"south": {"uv": [8, 7, 9, 8], "texture": "#0"},
				"west": {"uv": [8, 7, 9, 8], "texture": "#0"},
				"up": {"uv": [8, 7, 9, 8], "texture": "#0"},
				"down": {"uv": [8, 7, 9, 8], "texture": "#0"}
			}
		},
		{
			"from": [-0.125, 7, 7],
			"to": [1.125, 8, 8],
			"faces": {
				"north": {"uv": [7, 8, 8, 9], "texture": "#0"},
				"east": {"uv": [7, 8, 8, 9], "texture": "#0"},
				"south": {"uv": [7, 8, 8, 9], "texture": "#0"},
				"west": {"uv": [7, 8, 8, 9], "texture": "#0"},
				"up": {"uv": [7, 8, 8, 9], "texture": "#0"},
				"down": {"uv": [7, 8, 8, 9], "texture": "#0"}
			}
		},
		{
			"from": [-0.125, 6, 6],
			"to": [1.125, 7, 7],
			"faces": {
				"north": {"uv": [6, 9, 7, 10], "texture": "#0"},
				"east": {"uv": [6, 9, 7, 10], "texture": "#0"},
				"south": {"uv": [6, 9, 7, 10], "texture": "#0"},
				"west": {"uv": [6, 9, 7, 10], "texture": "#0"},
				"up": {"uv": [6, 9, 7, 10], "texture": "#0"},
				"down": {"uv": [6, 9, 7, 10], "texture": "#0"}
			}
		},
		{
			"from": [0.125, 12, 11],
			"to": [0.875, 13, 12],
			"faces": {
				"north": {"uv": [11, 3, 11.75, 4], "texture": "#0"},
				"east": {"uv": [11, 3, 12, 4], "texture": "#0"},
				"south": {"uv": [0, 0, 0.75, 1], "texture": "#0"},
				"west": {"uv": [11, 3, 12, 4], "texture": "#0"},
				"up": {"uv": [11, 3, 11.75, 4], "texture": "#0"},
				"down": {"uv": [0, 0, 0.75, 1], "texture": "#0"}
			}
		},
		{
			"from": [0.125, 11, 12],
			"to": [0.875, 12, 13],
			"faces": {
				"north": {"uv": [0, 0, 0.75, 1], "texture": "#0"},
				"east": {"uv": [12, 4, 13, 5], "texture": "#0"},
				"south": {"uv": [12, 4, 12.75, 5], "texture": "#0"},
				"west": {"uv": [12, 4, 13, 5], "texture": "#0"},
				"up": {"uv": [0, 0, 0.75, 1], "texture": "#0"},
				"down": {"uv": [12, 4, 12.75, 5], "texture": "#0"}
			}
		},
		{
			"from": [0.125, 12, 13],
			"to": [0.875, 13, 14],
			"faces": {
				"north": {"uv": [0, 0, 0.75, 1], "texture": "#0"},
				"east": {"uv": [13, 3, 14, 4], "texture": "#0"},
				"south": {"uv": [13, 3, 13.75, 4], "texture": "#0"},
				"west": {"uv": [13, 3, 14, 4], "texture": "#0"},
				"up": {"uv": [0, 0, 0.75, 1], "texture": "#0"},
				"down": {"uv": [13, 3, 13.75, 4], "texture": "#0"}
			}
		},
		{
			"from": [0.125, 13, 14],
			"to": [0.875, 14, 15],
			"faces": {
				"north": {"uv": [0, 0, 0.75, 1], "texture": "#0"},
				"east": {"uv": [14, 2, 15, 3], "texture": "#0"},
				"south": {"uv": [14, 2, 14.75, 3], "texture": "#0"},
				"west": {"uv": [14, 2, 15, 3], "texture": "#0"},
				"up": {"uv": [0, 0, 0.75, 1], "texture": "#0"},
				"down": {"uv": [14, 2, 14.75, 3], "texture": "#0"}
			}
		},
		{
			"from": [0.125, 11, 10],
			"to": [0.875, 12, 11],
			"faces": {
				"north": {"uv": [10, 4, 10.75, 5], "texture": "#0"},
				"east": {"uv": [10, 4, 11, 5], "texture": "#0"},
				"south": {"uv": [0, 0, 0.75, 1], "texture": "#0"},
				"west": {"uv": [10, 4, 11, 5], "texture": "#0"},
				"up": {"uv": [10, 4, 10.75, 5], "texture": "#0"},
				"down": {"uv": [0, 0, 0.75, 1], "texture": "#0"}
			}
		},
		{
			"from": [0.125, 10, 11],
			"to": [0.875, 11, 12],
			"faces": {
				"north": {"uv": [0, 0, 0.75, 1], "texture": "#0"},
				"east": {"uv": [11, 5, 12, 6], "texture": "#0"},
				"south": {"uv": [11, 5, 11.75, 6], "texture": "#0"},
				"west": {"uv": [11, 5, 12, 6], "texture": "#0"},
				"up": {"uv": [0, 0, 0.75, 1], "texture": "#0"},
				"down": {"uv": [11, 5, 11.75, 6], "texture": "#0"}
			}
		},
		{
			"from": [0.125, 10, 9],
			"to": [0.875, 11, 10],
			"faces": {
				"north": {"uv": [9, 5, 9.75, 6], "texture": "#0"},
				"east": {"uv": [9, 5, 10, 6], "texture": "#0"},
				"south": {"uv": [0, 0, 0.75, 1], "texture": "#0"},
				"west": {"uv": [9, 5, 10, 6], "texture": "#0"},
				"up": {"uv": [9, 5, 9.75, 6], "texture": "#0"},
				"down": {"uv": [0, 0, 0.75, 1], "texture": "#0"}
			}
		},
		{
			"from": [0.125, 9, 10],
			"to": [0.875, 10, 11],
			"faces": {
				"north": {"uv": [0, 0, 0.75, 1], "texture": "#0"},
				"east": {"uv": [10, 6, 11, 7], "texture": "#0"},
				"south": {"uv": [10, 6, 10.75, 7], "texture": "#0"},
				"west": {"uv": [10, 6, 11, 7], "texture": "#0"},
				"up": {"uv": [0, 0, 0.75, 1], "texture": "#0"},
				"down": {"uv": [10, 6, 10.75, 7], "texture": "#0"}
			}
		},
		{
			"from": [0.125, 9, 8],
			"to": [0.875, 10, 9],
			"faces": {
				"north": {"uv": [8, 6, 8.75, 7], "texture": "#0"},
				"east": {"uv": [8, 6, 9, 7], "texture": "#0"},
				"south": {"uv": [0, 0, 0.75, 1], "texture": "#0"},
				"west": {"uv": [8, 6, 9, 7], "texture": "#0"},
				"up": {"uv": [8, 6, 8.75, 7], "texture": "#0"},
				"down": {"uv": [0, 0, 0.75, 1], "texture": "#0"}
			}
		},
		{
			"from": [0.125, 8, 9],
			"to": [0.875, 9, 10],
			"faces": {
				"north": {"uv": [0, 0, 0.75, 1], "texture": "#0"},
				"east": {"uv": [9, 7, 10, 8], "texture": "#0"},
				"south": {"uv": [9, 7, 9.75, 8], "texture": "#0"},
				"west": {"uv": [9, 7, 10, 8], "texture": "#0"},
				"up": {"uv": [0, 0, 0.75, 1], "texture": "#0"},
				"down": {"uv": [9, 7, 9.75, 8], "texture": "#0"}
			}
		},
		{
			"from": [0.125, 8, 7],
			"to": [0.875, 9, 8],
			"faces": {
				"north": {"uv": [7, 7, 7.75, 8], "texture": "#0"},
				"east": {"uv": [7, 7, 8, 8], "texture": "#0"},
				"south": {"uv": [0, 0, 0.75, 1], "texture": "#0"},
				"west": {"uv": [7, 7, 8, 8], "texture": "#0"},
				"up": {"uv": [7, 7, 7.75, 8], "texture": "#0"},
				"down": {"uv": [0, 0, 0.75, 1], "texture": "#0"}
			}
		},
		{
			"from": [0.125, 7, 8],
			"to": [0.875, 8, 9],
			"faces": {
				"north": {"uv": [0, 0, 0.75, 1], "texture": "#0"},
				"east": {"uv": [8, 8, 9, 9], "texture": "#0"},
				"south": {"uv": [8, 8, 8.75, 9], "texture": "#0"},
				"west": {"uv": [8, 8, 9, 9], "texture": "#0"},
				"up": {"uv": [0, 0, 0.75, 1], "texture": "#0"},
				"down": {"uv": [8, 8, 8.75, 9], "texture": "#0"}
			}
		},
		{
			"from": [0.125, 7, 6],
			"to": [0.875, 8, 7],
			"faces": {
				"north": {"uv": [6, 8, 6.75, 9], "texture": "#0"},
				"east": {"uv": [6, 8, 7, 9], "texture": "#0"},
				"south": {"uv": [0, 0, 0.75, 1], "texture": "#0"},
				"west": {"uv": [6, 8, 7, 9], "texture": "#0"},
				"up": {"uv": [6, 8, 6.75, 9], "texture": "#0"},
				"down": {"uv": [0, 0, 0.75, 1], "texture": "#0"}
			}
		},
		{
			"from": [0.125, 6, 7],
			"to": [0.875, 7, 8],
			"faces": {
				"north": {"uv": [0, 0, 0.75, 1], "texture": "#0"},
				"east": {"uv": [7, 9, 8, 10], "texture": "#0"},
				"south": {"uv": [7, 9, 7.75, 10], "texture": "#0"},
				"west": {"uv": [7, 9, 8, 10], "texture": "#0"},
				"up": {"uv": [0, 0, 0.75, 1], "texture": "#0"},
				"down": {"uv": [7, 9, 7.75, 10], "texture": "#0"}
			}
		},
		{
			"from": [0.125, 6, 5],
			"to": [0.875, 7, 6],
			"faces": {
				"north": {"uv": [0, 0, 0.75, 1], "texture": "#0"},
				"east": {"uv": [5, 9, 6, 10], "texture": "#0"},
				"south": {"uv": [0, 0, 0.75, 1], "texture": "#0"},
				"west": {"uv": [5, 9, 6, 10], "texture": "#0"},
				"up": {"uv": [5, 9, 5.75, 10], "texture": "#0"},
				"down": {"uv": [0, 0, 0.75, 1], "texture": "#0"}
			}
		},
		{
			"from": [0.125, 5, 6],
			"to": [0.875, 6, 7],
			"faces": {
				"north": {"uv": [0, 0, 0.75, 1], "texture": "#0"},
				"east": {"uv": [6, 10, 7, 11], "texture": "#0"},
				"south": {"uv": [6, 10, 6.75, 11], "texture": "#0"},
				"west": {"uv": [6, 10, 7, 11], "texture": "#0"},
				"up": {"uv": [0, 0, 0.75, 1], "texture": "#0"},
				"down": {"uv": [0, 0, 0.75, 1], "texture": "#0"}
			}
		},
		{
			"from": [0.375, 11, 9],
			"to": [0.625, 12, 10],
			"faces": {
				"north": {"uv": [9, 4, 9.25, 5], "texture": "#0"},
				"east": {"uv": [9, 4, 10, 5], "texture": "#0"},
				"south": {"uv": [0, 0, 0.25, 1], "texture": "#0"},
				"west": {"uv": [9, 4, 10, 5], "texture": "#0"},
				"up": {"uv": [9, 4, 9.25, 5], "texture": "#0"},
				"down": {"uv": [0, 0, 0.25, 1], "texture": "#0"}
			}
		},
		{
			"from": [0.375, 9, 11],
			"to": [0.625, 10, 12],
			"faces": {
				"north": {"uv": [0, 0, 0.25, 1], "texture": "#0"},
				"east": {"uv": [11, 6, 12, 7], "texture": "#0"},
				"south": {"uv": [11, 6, 11.25, 7], "texture": "#0"},
				"west": {"uv": [11, 6, 12, 7], "texture": "#0"},
				"up": {"uv": [0, 0, 0.25, 1], "texture": "#0"},
				"down": {"uv": [11, 6, 11.25, 7], "texture": "#0"}
			}
		},
		{
			"from": [0.375, 10, 8],
			"to": [0.625, 11, 9],
			"faces": {
				"north": {"uv": [8, 5, 8.25, 6], "texture": "#0"},
				"east": {"uv": [8, 5, 9, 6], "texture": "#0"},
				"south": {"uv": [0, 0, 0.25, 1], "texture": "#0"},
				"west": {"uv": [8, 5, 9, 6], "texture": "#0"},
				"up": {"uv": [8, 5, 8.25, 6], "texture": "#0"},
				"down": {"uv": [0, 0, 0.25, 1], "texture": "#0"}
			}
		},
		{
			"from": [0.375, 8, 10],
			"to": [0.625, 9, 11],
			"faces": {
				"north": {"uv": [0, 0, 0.25, 1], "texture": "#0"},
				"east": {"uv": [10, 7, 11, 8], "texture": "#0"},
				"south": {"uv": [10, 7, 10.25, 8], "texture": "#0"},
				"west": {"uv": [10, 7, 11, 8], "texture": "#0"},
				"up": {"uv": [0, 0, 0.25, 1], "texture": "#0"},
				"down": {"uv": [10, 7, 10.25, 8], "texture": "#0"}
			}
		},
		{
			"from": [0.375, 9, 7],
			"to": [0.625, 10, 8],
			"faces": {
				"north": {"uv": [7, 6, 7.25, 7], "texture": "#0"},
				"east": {"uv": [7, 6, 8, 7], "texture": "#0"},
				"south": {"uv": [0, 0, 0.25, 1], "texture": "#0"},
				"west": {"uv": [7, 6, 8, 7], "texture": "#0"},
				"up": {"uv": [7, 6, 7.25, 7], "texture": "#0"},
				"down": {"uv": [0, 0, 0.25, 1], "texture": "#0"}
			}
		},
		{
			"from": [0.375, 7, 9],
			"to": [0.625, 8, 10],
			"faces": {
				"north": {"uv": [0, 0, 0.25, 1], "texture": "#0"},
				"east": {"uv": [9, 8, 10, 9], "texture": "#0"},
				"south": {"uv": [9, 8, 9.25, 9], "texture": "#0"},
				"west": {"uv": [9, 8, 10, 9], "texture": "#0"},
				"up": {"uv": [0, 0, 0.25, 1], "texture": "#0"},
				"down": {"uv": [9, 8, 9.25, 9], "texture": "#0"}
			}
		},
		{
			"from": [0.375, 8, 6],
			"to": [0.625, 9, 7],
			"faces": {
				"north": {"uv": [6, 7, 6.25, 8], "texture": "#0"},
				"east": {"uv": [6, 7, 7, 8], "texture": "#0"},
				"south": {"uv": [0, 0, 0.25, 1], "texture": "#0"},
				"west": {"uv": [6, 7, 7, 8], "texture": "#0"},
				"up": {"uv": [6, 7, 6.25, 8], "texture": "#0"},
				"down": {"uv": [0, 0, 0.25, 1], "texture": "#0"}
			}
		},
		{
			"from": [0.375, 6, 8],
			"to": [0.625, 7, 9],
			"faces": {
				"north": {"uv": [0, 0, 0.25, 1], "texture": "#0"},
				"east": {"uv": [8, 9, 9, 10], "texture": "#0"},
				"south": {"uv": [8, 9, 8.25, 10], "texture": "#0"},
				"west": {"uv": [8, 9, 9, 10], "texture": "#0"},
				"up": {"uv": [0, 0, 0.25, 1], "texture": "#0"},
				"down": {"uv": [8, 9, 8.25, 10], "texture": "#0"}
			}
		},
		{
			"from": [0.375, 7, 5],
			"to": [0.625, 8, 6],
			"faces": {
				"north": {"uv": [0, 0, 0.25, 1], "texture": "#0"},
				"east": {"uv": [5, 8, 6, 9], "texture": "#0"},
				"south": {"uv": [0, 0, 0.25, 1], "texture": "#0"},
				"west": {"uv": [5, 8, 6, 9], "texture": "#0"},
				"up": {"uv": [5, 8, 5.25, 9], "texture": "#0"},
				"down": {"uv": [0, 0, 0.25, 1], "texture": "#0"}
			}
		},
		{
			"from": [0.375, 5, 7],
			"to": [0.625, 6, 8],
			"faces": {
				"north": {"uv": [0, 0, 0.25, 1], "texture": "#0"},
				"east": {"uv": [7, 10, 8, 11], "texture": "#0"},
				"south": {"uv": [7, 10, 7.25, 11], "texture": "#0"},
				"west": {"uv": [7, 10, 8, 11], "texture": "#0"},
				"up": {"uv": [0, 0, 0.25, 1], "texture": "#0"},
				"down": {"uv": [0, 0, 0.25, 1], "texture": "#0"}
			}
		},
		{
			"from": [0.375, 12, 10],
			"to": [0.625, 13, 11],
			"faces": {
				"north": {"uv": [10, 3, 10.25, 4], "texture": "#0"},
				"east": {"uv": [10, 3, 11, 4], "texture": "#0"},
				"south": {"uv": [0, 0, 0.25, 1], "texture": "#0"},
				"west": {"uv": [10, 3, 11, 4], "texture": "#0"},
				"up": {"uv": [10, 3, 10.25, 4], "texture": "#0"},
				"down": {"uv": [0, 0, 0.25, 1], "texture": "#0"}
			}
		},
		{
			"from": [0.375, 10, 12],
			"to": [0.625, 11, 13],
			"faces": {
				"north": {"uv": [0, 0, 0.25, 1], "texture": "#0"},
				"east": {"uv": [12, 5, 13, 6], "texture": "#0"},
				"south": {"uv": [12, 5, 12.25, 6], "texture": "#0"},
				"west": {"uv": [12, 5, 13, 6], "texture": "#0"},
				"up": {"uv": [0, 0, 0.25, 1], "texture": "#0"},
				"down": {"uv": [12, 5, 12.25, 6], "texture": "#0"}
			}
		},
		{
			"from": [0.375, 13, 11],
			"to": [0.625, 14, 12],
			"faces": {
				"north": {"uv": [11, 2, 11.25, 3], "texture": "#0"},
				"east": {"uv": [11, 2, 12, 3], "texture": "#0"},
				"south": {"uv": [0, 0, 0.25, 1], "texture": "#0"},
				"west": {"uv": [11, 2, 12, 3], "texture": "#0"},
				"up": {"uv": [11, 2, 11.25, 3], "texture": "#0"},
				"down": {"uv": [0, 0, 0.25, 1], "texture": "#0"}
			}
		},
		{
			"from": [0.375, 14, 12],
			"to": [0.625, 15, 13],
			"faces": {
				"north": {"uv": [12, 1, 12.25, 2], "texture": "#0"},
				"east": {"uv": [12, 1, 13, 2], "texture": "#0"},
				"south": {"uv": [0, 0, 0.25, 1], "texture": "#0"},
				"west": {"uv": [12, 1, 13, 2], "texture": "#0"},
				"up": {"uv": [12, 1, 12.25, 2], "texture": "#0"},
				"down": {"uv": [0, 0, 0.25, 1], "texture": "#0"}
			}
		},
		{
			"from": [0.375, 15, 13],
			"to": [0.625, 16, 15],
			"faces": {
				"north": {"uv": [13, 0, 13.25, 1], "texture": "#0"},
				"east": {"uv": [13, 0, 15, 1], "rotation": 90, "texture": "#0"},
				"south": {"uv": [0, 0, 0.25, 1], "texture": "#0"},
				"west": {"uv": [13, 0, 15, 1], "texture": "#0"},
				"up": {"uv": [13, 0, 15, 1], "rotation": 90, "texture": "#0"},
				"down": {"uv": [0, 0, 0.25, 1], "texture": "#0"}
			}
		},
		{
			"from": [0.375, 11, 13],
			"to": [0.625, 12, 14],
			"faces": {
				"north": {"uv": [0, 0, 0.25, 1], "texture": "#0"},
				"east": {"uv": [13, 4, 14, 5], "texture": "#0"},
				"south": {"uv": [13, 4, 13.25, 5], "texture": "#0"},
				"west": {"uv": [13, 4, 14, 5], "texture": "#0"},
				"up": {"uv": [0, 0, 0.25, 1], "texture": "#0"},
				"down": {"uv": [13, 4, 13.25, 5], "texture": "#0"}
			}
		},
		{
			"from": [0.375, 12, 14],
			"to": [0.625, 13, 15],
			"faces": {
				"north": {"uv": [0, 0, 0.25, 1], "texture": "#0"},
				"east": {"uv": [14, 3, 15, 4], "texture": "#0"},
				"south": {"uv": [14, 3, 14.25, 4], "texture": "#0"},
				"west": {"uv": [14, 3, 15, 4], "texture": "#0"},
				"up": {"uv": [0, 0, 0.25, 1], "texture": "#0"},
				"down": {"uv": [14, 3, 14.25, 4], "texture": "#0"}
			}
		},
		{
			"from": [0.375, 13, 15],
			"to": [0.625, 16, 16],
			"faces": {
				"north": {"uv": [0, 0, 0.25, 1], "texture": "#0"},
				"east": {"uv": [15, 0, 16, 3], "texture": "#0"},
				"south": {"uv": [15, 0, 15.25, 3], "texture": "#0"},
				"west": {"uv": [15, 0, 16, 3], "texture": "#0"},
				"up": {"uv": [15, 0, 15.25, 1], "texture": "#0"},
				"down": {"uv": [15, 2, 15.25, 3], "texture": "#0"}
			}
		}
	],
	"display": {
		"thirdperson_righthand": {
			"rotation": [-54, 0, 0],
			"translation": [7.5, 4.5, 0.75]
		},
		"thirdperson_lefthand": {
			"rotation": [-54, 0, 0],
			"translation": [-7.5, 4.5, 0.75]
		},
		"firstperson_righthand": {
			"rotation": [-32, 5, 4],
			"translation": [7.25, 4.25, 0],
			"scale": [0.75, 0.75, 0.75]
		},
		"firstperson_lefthand": {
			"rotation": [-32, -5, -4],
			"translation": [-3.75, 4.25, 0],
			"scale": [0.75, 0.75, 0.75]
		},
		"ground": {
			"rotation": [0, 0, 90],
			"translation": [0, 4.5, 0]
		},
		"gui": {
			"rotation": [0, 90, 0],
			"translation": [0.5, 0, 0]
		},
		"fixed": {
			"rotation": [0, -90, 0],
			"translation": [0, 0, 6.75]
		}
	}
}