{
	"credit": "Made with Blockbench",
	"parent": "crystalpledge:item/headset",
	"texture_size": [32, 32],
	"textures": {
		"2": "crystalpledge:item/berserker_headset",
		"particle": "crystalpledge:item/berserker_headset"
	},
	"elements": [
		{
			"from": [5, 12, 17],
			"to": [11, 17, 18],
			"rotation": {"angle": 0, "axis": "y", "origin": [14, 22, 25]},
			"faces": {
				"north": {"uv": [2, 3, 5, 5.5], "texture": "#2"},
				"east": {"uv": [4.5, 3, 5, 5.5], "texture": "#2"},
				"south": {"uv": [2, 3, 5, 5.5], "texture": "#2"},
				"west": {"uv": [2, 3, 2.5, 5.5], "texture": "#2"},
				"up": {"uv": [2, 3, 5, 3.5], "texture": "#2"},
				"down": {"uv": [2, 5, 5, 5.5], "texture": "#2"}
			}
		},
		{
			"from": [2, 13, -2.25],
			"to": [6, 16, -0.75],
			"rotation": {"angle": 0, "axis": "y", "origin": [12, 22, 5]},
			"faces": {
				"north": {"uv": [0, 0.5, 2, 2], "texture": "#2"},
				"east": {"uv": [0, 0.5, 0.5, 2], "texture": "#2"},
				"south": {"uv": [5, 6.5, 7, 8], "texture": "#2"},
				"west": {"uv": [1, 0.5, 2, 2], "texture": "#2"},
				"up": {"uv": [0, 0.5, 2, 1], "rotation": 180, "texture": "#2"},
				"down": {"uv": [2, 2, 0, 1.5], "texture": "#2"}
			}
		},
		{
			"from": [10, 13, -2.25],
			"to": [14, 16, -0.75],
			"rotation": {"angle": 0, "axis": "y", "origin": [20, 22, 5]},
			"faces": {
				"north": {"uv": [5, 6.5, 7, 8], "texture": "#2"},
				"east": {"uv": [5, 6.5, 6, 8], "texture": "#2"},
				"south": {"uv": [0, 0.5, 2, 2], "texture": "#2"},
				"west": {"uv": [0.5, 0.5, 1, 2], "texture": "#2"},
				"up": {"uv": [5, 6.5, 7, 7], "rotation": 180, "texture": "#2"},
				"down": {"uv": [7, 8, 5, 7.5], "texture": "#2"}
			}
		},
		{
			"from": [6, 6.8, 16],
			"to": [10, 10.8, 18],
			"rotation": {"angle": 0, "axis": "y", "origin": [16, 17, 25]},
			"faces": {
				"north": {"uv": [0, 0, 0, 0], "texture": "#3"},
				"east": {"uv": [6, 6, 8, 10], "texture": "#3"},
				"south": {"uv": [2, 6, 6, 10], "texture": "#3"},
				"west": {"uv": [0, 6, 2, 10], "texture": "#3"},
				"up": {"uv": [2, 4, 6, 6], "texture": "#3"},
				"down": {"uv": [2, 10, 6, 12], "texture": "#3"}
			}
		},
		{
			"from": [0, 12, -2],
			"to": [2, 15, -1],
			"rotation": {"angle": 0, "axis": "y", "origin": [10, 21, 6]},
			"faces": {
				"north": {"uv": [2, 1, 3, 2.5], "texture": "#2"},
				"east": {"uv": [2, 1, 2.5, 2.5], "texture": "#2"},
				"south": {"uv": [4, 7, 5, 8.5], "texture": "#2"},
				"up": {"uv": [3, 1.5, 2, 1], "texture": "#2"},
				"down": {"uv": [2, 2, 3, 2.5], "rotation": 180, "texture": "#2"}
			}
		},
		{
			"from": [14, 12, -2],
			"to": [16, 15, -1],
			"rotation": {"angle": 0, "axis": "y", "origin": [24, 21, 6]},
			"faces": {
				"north": {"uv": [4, 7, 5, 8.5], "texture": "#2"},
				"east": {"uv": [2, 1, 2.5, 2.5], "texture": "#2"},
				"south": {"uv": [2, 1, 3, 2.5], "texture": "#2"},
				"up": {"uv": [5, 7.5, 4, 7], "texture": "#2"},
				"down": {"uv": [4, 8, 5, 8.5], "rotation": 180, "texture": "#2"}
			}
		},
		{
			"from": [1, 11, 17],
			"to": [5, 16, 18],
			"rotation": {"angle": 0, "axis": "y", "origin": [10, 21, 25]},
			"faces": {
				"north": {"uv": [5, 3.5, 7, 6], "texture": "#2"},
				"east": {"uv": [1.5, 3.5, 2, 6], "texture": "#2"},
				"south": {"uv": [0, 3.5, 2, 6], "texture": "#2"},
				"west": {"uv": [0, 3.5, 0.5, 6], "texture": "#2"},
				"up": {"uv": [0, 3.5, 2, 4], "texture": "#2"},
				"down": {"uv": [0, 5.5, 2, 6], "texture": "#2"}
			}
		},
		{
			"from": [11, 11, 17],
			"to": [15, 16, 18],
			"rotation": {"angle": 0, "axis": "y", "origin": [20, 21, 25]},
			"faces": {
				"north": {"uv": [0, 3.5, 2, 6], "texture": "#2"},
				"east": {"uv": [6.5, 3.5, 7, 6], "texture": "#2"},
				"south": {"uv": [5, 3.5, 7, 6], "texture": "#2"},
				"west": {"uv": [0, 3.5, 0.5, 6], "texture": "#2"},
				"up": {"uv": [5, 3.5, 7, 4], "texture": "#2"},
				"down": {"uv": [5, 5.5, 7, 6], "texture": "#2"}
			}
		},
		{
			"from": [-2, 11, -2],
			"to": [0, 16, -1],
			"rotation": {"angle": 0, "axis": "y", "origin": [7, 22, 6]},
			"faces": {
				"north": {"uv": [3, 0.5, 4, 3], "texture": "#2"},
				"east": {"uv": [3, 0.5, 3.5, 3], "texture": "#2"},
				"south": {"uv": [3, 6.5, 4, 9], "texture": "#2"},
				"west": {"uv": [4, 0.5, 4.5, 3], "texture": "#2"},
				"up": {"uv": [4, 1, 3, 0.5], "texture": "#2"},
				"down": {"uv": [3, 2.5, 4, 3], "rotation": 180, "texture": "#2"}
			}
		},
		{
			"from": [16, 11, -2],
			"to": [18, 16, -1],
			"rotation": {"angle": 0, "axis": "y", "origin": [25, 22, 6]},
			"faces": {
				"north": {"uv": [3, 6.5, 4, 9], "texture": "#2"},
				"east": {"uv": [2.5, 6.5, 3, 9], "texture": "#2"},
				"south": {"uv": [3, 0.5, 4, 3], "texture": "#2"},
				"west": {"uv": [3.5, 6.5, 4, 9], "texture": "#2"},
				"up": {"uv": [4, 7, 3, 6.5], "texture": "#2"},
				"down": {"uv": [3, 2.5, 4, 3], "rotation": 180, "texture": "#2"}
			}
		},
		{
			"from": [-2, 11, 17],
			"to": [1, 15, 18],
			"rotation": {"angle": 0, "axis": "y", "origin": [7, 22, 25]},
			"faces": {
				"north": {"uv": [7, 4, 8.5, 6], "texture": "#2"},
				"south": {"uv": [14, 1, 15.5, 3], "texture": "#2"},
				"west": {"uv": [13.5, 1, 14, 3], "texture": "#2"},
				"up": {"uv": [14, 1, 15.5, 1.5], "texture": "#2"},
				"down": {"uv": [14, 2.5, 15.5, 3], "texture": "#2"}
			}
		},
		{
			"from": [15, 11, 17],
			"to": [18, 15, 18],
			"rotation": {"angle": 0, "axis": "y", "origin": [24, 22, 25]},
			"faces": {
				"north": {"uv": [14, 1, 15.5, 3], "texture": "#2"},
				"east": {"uv": [8.5, 4, 9, 6], "texture": "#2"},
				"south": {"uv": [7, 4, 8.5, 6], "texture": "#2"},
				"west": {"uv": [0, 0, 0, 0], "texture": "#2"},
				"up": {"uv": [7, 4, 8.5, 4.5], "texture": "#2"},
				"down": {"uv": [14, 2.5, 15.5, 3], "texture": "#2"}
			}
		},
		{
			"from": [-2, 11, -1],
			"to": [-1, 16, 1],
			"rotation": {"angle": 0, "axis": "y", "origin": [6, 22, 7]},
			"faces": {
				"east": {"uv": [1.5, 6.5, 2.5, 9], "texture": "#2"},
				"south": {"uv": [5, 1.5, 5.5, 3], "texture": "#2"},
				"west": {"uv": [4.5, 0.5, 5.5, 3], "texture": "#2"},
				"up": {"uv": [4.5, 0.5, 5.5, 1], "rotation": 90, "texture": "#2"},
				"down": {"uv": [5.5, 3, 4.5, 2.5], "rotation": 90, "texture": "#2"}
			}
		},
		{
			"from": [17, 11, -1],
			"to": [18, 16, 1],
			"rotation": {"angle": 0, "axis": "y", "origin": [25, 22, 7]},
			"faces": {
				"east": {"uv": [1.5, 6.5, 2.5, 9], "texture": "#2"},
				"west": {"uv": [4.5, 0.5, 5.5, 3], "texture": "#2"},
				"up": {"uv": [1.5, 6.5, 2.5, 7], "rotation": 270, "texture": "#2"},
				"down": {"uv": [5.5, 3, 4.5, 2.5], "rotation": 90, "texture": "#2"}
			}
		},
		{
			"from": [-2, 10, 15],
			"to": [-1, 15, 17],
			"rotation": {"angle": 0, "axis": "y", "origin": [6, 22, 24]},
			"faces": {
				"east": {"uv": [9, 4, 10, 6.5], "texture": "#2"},
				"south": {"uv": [13, 1, 13.5, 3.5], "texture": "#2"},
				"west": {"uv": [12.5, 1, 13.5, 3.5], "texture": "#2"},
				"up": {"uv": [12.5, 1, 13.5, 1.5], "rotation": 90, "texture": "#2"},
				"down": {"uv": [12.5, 3, 13.5, 3.5], "rotation": 270, "texture": "#2"}
			}
		},
		{
			"from": [17, 10, 15],
			"to": [18, 15, 17],
			"rotation": {"angle": 0, "axis": "y", "origin": [25, 22, 24]},
			"faces": {
				"east": {"uv": [9, 4, 10, 6.5], "texture": "#2"},
				"south": {"uv": [9, 4, 9.5, 6.5], "texture": "#2"},
				"west": {"uv": [12.5, 1, 13.5, 3.5], "texture": "#2"},
				"up": {"uv": [9, 4, 10, 4.5], "rotation": 270, "texture": "#2"},
				"down": {"uv": [12.5, 3, 13.5, 3.5], "rotation": 270, "texture": "#2"}
			}
		},
		{
			"from": [-2, 11, 4],
			"to": [-1, 16, 6],
			"rotation": {"angle": 0, "axis": "y", "origin": [6, 22, 12]},
			"faces": {
				"east": {"uv": [14.5, 3.5, 15.5, 6], "texture": "#2"},
				"south": {"uv": [7.5, 0.5, 8, 3], "texture": "#2"},
				"west": {"uv": [7, 0.5, 8, 3], "texture": "#2"},
				"up": {"uv": [7, 0.5, 8, 1], "rotation": 90, "texture": "#2"},
				"down": {"uv": [7, 2.5, 8, 3], "rotation": 270, "texture": "#2"}
			}
		},
		{
			"from": [17, 11, 4],
			"to": [18, 16, 6],
			"rotation": {"angle": 0, "axis": "y", "origin": [25, 22, 12]},
			"faces": {
				"east": {"uv": [14.5, 3.5, 15.5, 6], "texture": "#2"},
				"south": {"uv": [14.5, 3.5, 15, 6], "texture": "#2"},
				"west": {"uv": [7, 0.5, 8, 3], "texture": "#2"},
				"up": {"uv": [14.5, 3.5, 15.5, 4], "rotation": 270, "texture": "#2"},
				"down": {"uv": [7, 2.5, 8, 3], "rotation": 270, "texture": "#2"}
			}
		},
		{
			"from": [-2, 10, 1],
			"to": [-1, 17, 4],
			"rotation": {"angle": 0, "axis": "y", "origin": [6, 22, 10]},
			"faces": {
				"north": {"uv": [5.5, 0, 6, 3.5], "texture": "#2"},
				"east": {"uv": [0, 6, 1.5, 9.5], "texture": "#2"},
				"south": {"uv": [6.5, 0, 7, 3.5], "texture": "#2"},
				"west": {"uv": [5.5, 0, 7, 3.5], "texture": "#2"},
				"up": {"uv": [5.5, 0, 7, 0.5], "rotation": 90, "texture": "#2"},
				"down": {"uv": [5.5, 3, 7, 3.5], "rotation": 270, "texture": "#2"}
			}
		},
		{
			"from": [17, 10, 1],
			"to": [18, 17, 4],
			"rotation": {"angle": 0, "axis": "y", "origin": [25, 22, 10]},
			"faces": {
				"north": {"uv": [1, 6, 1.5, 9.5], "texture": "#2"},
				"east": {"uv": [0, 6, 1.5, 9.5], "texture": "#2"},
				"south": {"uv": [0, 6, 0.5, 9.5], "texture": "#2"},
				"west": {"uv": [5.5, 0, 7, 3.5], "texture": "#2"},
				"up": {"uv": [0, 6, 1.5, 6.5], "rotation": 270, "texture": "#2"},
				"down": {"uv": [5.5, 3, 7, 3.5], "rotation": 270, "texture": "#2"}
			}
		},
		{
			"from": [-2, 11, 6],
			"to": [-1, 15, 9],
			"rotation": {"angle": 0, "axis": "y", "origin": [6, 21, 14]},
			"faces": {
				"north": {"uv": [8.5, 1.5, 9, 3.5], "texture": "#2"},
				"east": {"uv": [13, 4, 14.5, 6], "texture": "#2"},
				"south": {"uv": [9, 1, 9.5, 3], "texture": "#2"},
				"west": {"uv": [8, 1, 9.5, 3], "texture": "#2"},
				"up": {"uv": [8, 1, 9.5, 1.5], "rotation": 90, "texture": "#2"},
				"down": {"uv": [8, 2.5, 9.5, 3], "rotation": 270, "texture": "#2"}
			}
		},
		{
			"from": [17, 11, 6],
			"to": [18, 15, 9],
			"rotation": {"angle": 0, "axis": "y", "origin": [25, 21, 14]},
			"faces": {
				"east": {"uv": [13, 4, 14.5, 6], "texture": "#2"},
				"south": {"uv": [13, 4, 13.5, 6], "texture": "#2"},
				"west": {"uv": [8, 1, 9.5, 3], "texture": "#2"},
				"up": {"uv": [11.5, 4.5, 13, 5], "rotation": 270, "texture": "#2"},
				"down": {"uv": [8, 2.5, 9.5, 3], "rotation": 270, "texture": "#2"}
			}
		},
		{
			"from": [-2, 9, 12],
			"to": [-1, 15, 15],
			"rotation": {"angle": 0, "axis": "y", "origin": [6, 18, 21]},
			"faces": {
				"north": {"uv": [11, 1, 11.5, 4], "texture": "#2"},
				"east": {"uv": [10, 4, 11.5, 7], "texture": "#2"},
				"south": {"uv": [12, 1, 12.5, 4], "texture": "#2"},
				"west": {"uv": [11, 1, 12.5, 4], "texture": "#2"},
				"up": {"uv": [11, 1, 12.5, 1.5], "rotation": 90, "texture": "#2"},
				"down": {"uv": [11, 3.5, 12.5, 4], "rotation": 270, "texture": "#2"}
			}
		},
		{
			"from": [17, 9, 12],
			"to": [18, 15, 15],
			"rotation": {"angle": 0, "axis": "y", "origin": [25, 18, 21]},
			"faces": {
				"north": {"uv": [11, 1, 11.5, 4], "texture": "#2"},
				"east": {"uv": [10, 4, 11.5, 7], "texture": "#2"},
				"south": {"uv": [10, 4, 10.5, 7], "texture": "#2"},
				"west": {"uv": [11, 1, 12.5, 4], "texture": "#2"},
				"up": {"uv": [10, 4, 11.5, 4.5], "rotation": 270, "texture": "#2"},
				"down": {"uv": [11, 3.5, 12.5, 4], "rotation": 270, "texture": "#2"}
			}
		},
		{
			"from": [-2, 10, 9],
			"to": [-1, 14, 12],
			"rotation": {"angle": 0, "axis": "y", "origin": [6, 18, 18]},
			"faces": {
				"north": {"uv": [9.5, 1.5, 10, 3.5], "texture": "#2"},
				"east": {"uv": [11.5, 4.5, 13, 6.5], "texture": "#2"},
				"west": {"uv": [9.5, 1.5, 11, 3.5], "texture": "#2"},
				"up": {"uv": [9.5, 1.5, 11, 2], "rotation": 90, "texture": "#2"},
				"down": {"uv": [9.5, 3, 11, 3.5], "rotation": 270, "texture": "#2"}
			}
		},
		{
			"from": [17, 10, 9],
			"to": [18, 14, 12],
			"rotation": {"angle": 0, "axis": "y", "origin": [25, 18, 18]},
			"faces": {
				"north": {"uv": [12.5, 4.5, 13, 6.5], "texture": "#2"},
				"east": {"uv": [11.5, 4.5, 13, 6.5], "texture": "#2"},
				"west": {"uv": [9.5, 1.5, 11, 3.5], "texture": "#2"},
				"up": {"uv": [11.5, 4.5, 13, 5], "rotation": 270, "texture": "#2"},
				"down": {"uv": [9.5, 3, 11, 3.5], "rotation": 270, "texture": "#2"}
			}
		},
		{
			"from": [7.25, 6.75, 17],
			"to": [8.75, 8.25, 22],
			"rotation": {"angle": -45, "axis": "x", "origin": [8, 8, 16.5]},
			"faces": {
				"east": {"uv": [11.5, 11, 12.5, 13.5], "rotation": 270, "texture": "#2"},
				"west": {"uv": [9.5, 11, 10.5, 13.5], "rotation": 90, "texture": "#2"},
				"up": {"uv": [12.5, 11, 13.5, 13.5], "rotation": 180, "texture": "#2"},
				"down": {"uv": [10.5, 11, 11.5, 13.5], "texture": "#2"}
			}
		},
		{
			"from": [7.25, 11, 20.1],
			"to": [8.75, 14.3, 21.6],
			"rotation": {"angle": 0, "axis": "x", "origin": [8, 12.5, 21.5]},
			"faces": {
				"north": {"uv": [12.5, 9, 13.5, 11], "texture": "#2"},
				"east": {"uv": [11.5, 9, 12.5, 11], "texture": "#2"},
				"south": {"uv": [10.5, 9, 11.5, 11], "texture": "#2"},
				"west": {"uv": [9.5, 9, 10.5, 11], "texture": "#2"},
				"down": {"uv": [10.5, 10, 11.5, 11], "texture": "#2"}
			}
		},
		{
			"from": [7.25, 14, 18.25],
			"to": [8.75, 15.5, 22.05],
			"rotation": {"angle": 22.5, "axis": "x", "origin": [8, 15.75, 18.75]},
			"faces": {
				"east": {"uv": [11.5, 7, 12.5, 9], "rotation": 90, "texture": "#2"},
				"south": {"uv": [10.5, 8, 11.5, 9], "texture": "#2"},
				"west": {"uv": [9.5, 7, 10.5, 9], "rotation": 270, "texture": "#2"},
				"up": {"uv": [10.5, 7, 11.5, 9], "texture": "#2"},
				"down": {"uv": [12, 7, 13, 9], "rotation": 180, "texture": "#2"}
			}
		},
		{
			"from": [6.75, 13.4, 18],
			"to": [9.25, 15.9, 19],
			"rotation": {"angle": 0, "axis": "y", "origin": [16, 22, 26]},
			"faces": {
				"east": {"uv": [9, 6.5, 9.5, 8], "texture": "#2"},
				"south": {"uv": [7.5, 6.5, 9, 8], "texture": "#2"},
				"west": {"uv": [7, 6.5, 7.5, 8], "texture": "#2"},
				"up": {"uv": [7.5, 6, 9, 6.5], "texture": "#2"},
				"down": {"uv": [7.5, 8, 9, 8.5], "texture": "#2"}
			}
		},
		{
			"from": [16, 13, 7],
			"to": [17, 15, 9],
			"rotation": {"angle": 0, "axis": "y", "origin": [24, 22, 16]},
			"faces": {
				"north": {"uv": [9, 1, 10, 3], "texture": "#3"},
				"east": {"uv": [0, 0, 2, 2], "texture": "#3"},
				"south": {"uv": [10, 1, 11, 3], "texture": "#3"},
				"west": {"uv": [0, 0, 2, 2], "texture": "#3"},
				"up": {"uv": [9, 0, 11, 1], "rotation": 270, "texture": "#3"},
				"down": {"uv": [9, 3, 11, 4], "rotation": 90, "texture": "#3"}
			}
		},
		{
			"from": [7, 13, 16],
			"to": [9, 15, 17],
			"rotation": {"angle": 0, "axis": "y", "origin": [15, 22, 24]},
			"faces": {
				"north": {"uv": [0, 0, 2, 2], "texture": "#3"},
				"east": {"uv": [12, 1, 13, 3], "texture": "#3"},
				"south": {"uv": [0, 0, 2, 2], "texture": "#3"},
				"west": {"uv": [11, 1, 12, 3], "texture": "#3"},
				"up": {"uv": [11, 0, 13, 1], "texture": "#3"},
				"down": {"uv": [11, 3, 13, 4], "texture": "#3"}
			}
		},
		{
			"from": [-1, 13, 7],
			"to": [0, 15, 9],
			"rotation": {"angle": 0, "axis": "y", "origin": [7, 22, 16]},
			"faces": {
				"north": {"uv": [7, 1, 8, 3], "texture": "#3"},
				"east": {"uv": [0, 0, 2, 2], "texture": "#3"},
				"south": {"uv": [8, 1, 9, 3], "texture": "#3"},
				"west": {"uv": [0, 0, 2, 2], "texture": "#3"},
				"up": {"uv": [7, 0, 9, 1], "rotation": 90, "texture": "#3"},
				"down": {"uv": [7, 3, 9, 4], "rotation": 270, "texture": "#3"}
			}
		},
		{
			"from": [-3, 12, 0],
			"to": [-2, 16, 4],
			"rotation": {"angle": 0, "axis": "y", "origin": [5, 23, 9]},
			"faces": {
				"north": {"uv": [2.5, 14, 2, 16], "texture": "#2"},
				"south": {"uv": [2, 14, 2.5, 16], "texture": "#2"},
				"west": {"uv": [4, 14, 6, 16], "texture": "#2"},
				"up": {"uv": [8, 14, 8.5, 16], "texture": "#2"},
				"down": {"uv": [9, 14, 8.5, 16], "texture": "#2"}
			}
		},
		{
			"from": [18, 12, 0],
			"to": [19, 16, 4],
			"rotation": {"angle": 0, "axis": "y", "origin": [26, 23, 9]},
			"faces": {
				"north": {"uv": [2.5, 14, 2, 16], "texture": "#2"},
				"east": {"uv": [6, 14, 4, 16], "texture": "#2"},
				"south": {"uv": [2, 14, 2.5, 16], "texture": "#2"},
				"up": {"uv": [8, 14, 8.5, 16], "texture": "#2"},
				"down": {"uv": [9, 14, 8.5, 16], "texture": "#2"}
			}
		},
		{
			"from": [-4, 13, 0],
			"to": [-3, 16, 4],
			"rotation": {"angle": 0, "axis": "y", "origin": [4, 23, 10]},
			"faces": {
				"north": {"uv": [2, 14, 1.5, 15.5], "texture": "#2"},
				"south": {"uv": [1.5, 14, 2, 15.5], "texture": "#2"},
				"west": {"uv": [4, 14, 6, 15.5], "texture": "#2"},
				"up": {"uv": [7.5, 14, 8, 16], "texture": "#2"},
				"down": {"uv": [9, 14, 7.5, 16], "rotation": 180, "texture": "#2"}
			}
		},
		{
			"from": [19, 13, 0],
			"to": [20, 16, 4],
			"rotation": {"angle": 0, "axis": "y", "origin": [27, 23, 10]},
			"faces": {
				"north": {"uv": [2, 14, 1.5, 15.5], "texture": "#2"},
				"east": {"uv": [6, 14, 4, 15.5], "texture": "#2"},
				"south": {"uv": [1.5, 14, 2, 15.5], "texture": "#2"},
				"west": {"uv": [4, 14, 6, 15.5], "texture": "#2"},
				"up": {"uv": [7.5, 14, 8, 16], "texture": "#2"},
				"down": {"uv": [8, 14, 7.5, 16], "rotation": 180, "texture": "#2"}
			}
		},
		{
			"from": [-5, 14, -1],
			"to": [-4, 17, 3],
			"rotation": {"angle": 0, "axis": "y", "origin": [3, 24, 9]},
			"faces": {
				"north": {"uv": [1.5, 13.5, 1, 15], "texture": "#2"},
				"east": {"uv": [5.5, 13.5, 3.5, 15], "texture": "#2"},
				"south": {"uv": [1, 13.5, 1.5, 15], "texture": "#2"},
				"west": {"uv": [3.5, 13.5, 5.5, 15], "texture": "#2"},
				"up": {"uv": [7, 13.5, 7.5, 15.5], "texture": "#2"},
				"down": {"uv": [7.5, 13.5, 7, 15.5], "rotation": 180, "texture": "#2"}
			}
		},
		{
			"from": [20, 14, -1],
			"to": [21, 17, 3],
			"rotation": {"angle": 0, "axis": "y", "origin": [28, 24, 9]},
			"faces": {
				"north": {"uv": [1.5, 13.5, 1, 15], "texture": "#2"},
				"east": {"uv": [5.5, 13.5, 3.5, 15], "texture": "#2"},
				"south": {"uv": [1, 13.5, 1.5, 15], "texture": "#2"},
				"west": {"uv": [3.5, 13.5, 5.5, 15], "texture": "#2"},
				"up": {"uv": [7, 13.5, 7.5, 15.5], "texture": "#2"},
				"down": {"uv": [7.5, 13.5, 7, 15.5], "rotation": 180, "texture": "#2"}
			}
		},
		{
			"from": [-6, 15, -2],
			"to": [-5, 18, 2],
			"rotation": {"angle": 0, "axis": "y", "origin": [2, 25, 7]},
			"faces": {
				"north": {"uv": [1, 13, 0.5, 14.5], "texture": "#2"},
				"east": {"uv": [5, 13, 3, 14.5], "texture": "#2"},
				"south": {"uv": [0.5, 13, 1, 14.5], "texture": "#2"},
				"west": {"uv": [3, 13, 5, 14.5], "texture": "#2"},
				"up": {"uv": [6.5, 13, 7, 15], "texture": "#2"},
				"down": {"uv": [7, 13, 6.5, 15], "rotation": 180, "texture": "#2"}
			}
		},
		{
			"from": [21, 15, -2],
			"to": [22, 18, 2],
			"rotation": {"angle": 0, "axis": "y", "origin": [29, 25, 7]},
			"faces": {
				"north": {"uv": [1, 13, 0.5, 14.5], "texture": "#2"},
				"east": {"uv": [5, 13, 3, 14.5], "texture": "#2"},
				"south": {"uv": [0.5, 13, 1, 14.5], "texture": "#2"},
				"west": {"uv": [3, 13, 5, 14.5], "texture": "#2"},
				"up": {"uv": [6.5, 13, 7, 15], "texture": "#2"},
				"down": {"uv": [7, 13, 6.5, 15], "rotation": 180, "texture": "#2"}
			}
		},
		{
			"from": [-7, 16, -2],
			"to": [-6, 18, 1],
			"rotation": {"angle": 0, "axis": "y", "origin": [1, 26, 7]},
			"faces": {
				"north": {"uv": [0.5, 13, 0, 14], "texture": "#2"},
				"south": {"uv": [0, 13, 0.5, 14], "texture": "#2"},
				"west": {"uv": [3, 13, 4.5, 14], "texture": "#2"},
				"up": {"uv": [6, 13, 6.5, 14.5], "texture": "#2"},
				"down": {"uv": [6.5, 13, 6, 14.5], "rotation": 180, "texture": "#2"}
			}
		},
		{
			"from": [22, 16, -2],
			"to": [23, 18, 1],
			"rotation": {"angle": 0, "axis": "y", "origin": [30, 26, 7]},
			"faces": {
				"north": {"uv": [0.5, 13, 0, 14], "texture": "#2"},
				"east": {"uv": [4.5, 13, 3, 14], "texture": "#2"},
				"south": {"uv": [0, 13, 0.5, 14], "texture": "#2"},
				"up": {"uv": [6, 13, 6.5, 14.5], "texture": "#2"},
				"down": {"uv": [6.5, 13, 6, 14.5], "rotation": 180, "texture": "#2"}
			}
		},
		{
			"from": [-6, 16, -3],
			"to": [-5, 20, -2],
			"rotation": {"angle": 0, "axis": "y", "origin": [2, 26, 4]},
			"faces": {
				"north": {"uv": [1, 12, 0.5, 14], "texture": "#2"},
				"east": {"uv": [3, 12, 2.5, 14], "texture": "#2"},
				"south": {"uv": [0.5, 12, 1, 13], "texture": "#2"},
				"west": {"uv": [2.5, 12, 3, 14], "texture": "#2"},
				"up": {"uv": [6.5, 12.5, 7, 13], "texture": "#2"},
				"down": {"uv": [7, 12.5, 6.5, 13], "rotation": 180, "texture": "#2"}
			}
		},
		{
			"from": [21, 16, -3],
			"to": [22, 20, -2],
			"rotation": {"angle": 0, "axis": "y", "origin": [29, 26, 4]},
			"faces": {
				"north": {"uv": [1, 12, 0.5, 14], "texture": "#2"},
				"east": {"uv": [3, 12, 2.5, 14], "texture": "#2"},
				"south": {"uv": [0.5, 11.5, 1, 12.5], "texture": "#2"},
				"west": {"uv": [2.5, 12, 3, 14], "texture": "#2"},
				"up": {"uv": [6.5, 12.5, 7, 13], "texture": "#2"},
				"down": {"uv": [7, 12.5, 6.5, 13], "rotation": 180, "texture": "#2"}
			}
		},
		{
			"from": [-5, 16, -2],
			"to": [-4, 18, -1],
			"rotation": {"angle": 0, "axis": "y", "origin": [3, 26, 4]},
			"faces": {
				"north": {"uv": [1.5, 13, 1, 14], "texture": "#2"},
				"east": {"uv": [3.5, 13, 3, 14], "texture": "#2"},
				"down": {"uv": [7.5, 13, 7, 13.5], "texture": "#2"}
			}
		},
		{
			"from": [20, 16, -2],
			"to": [21, 18, -1],
			"rotation": {"angle": 0, "axis": "y", "origin": [28, 26, 4]},
			"faces": {
				"north": {"uv": [1.5, 13, 1, 14], "texture": "#2"},
				"south": {"uv": [0, 0, 0, 0], "texture": "#2"},
				"west": {"uv": [3, 13, 3.5, 14], "texture": "#2"},
				"down": {"uv": [7.5, 13, 7, 13.5], "rotation": 180, "texture": "#2"}
			}
		},
		{
			"from": [-5, 17, -1],
			"to": [-4, 18, 1],
			"rotation": {"angle": 0, "axis": "y", "origin": [3, 27, 6]},
			"faces": {
				"east": {"uv": [4.5, 13, 3.5, 13.5], "texture": "#2"},
				"south": {"uv": [1, 13, 1.5, 13.5], "texture": "#2"},
				"up": {"uv": [7, 13.5, 7.5, 14.5], "texture": "#2"}
			}
		},
		{
			"from": [20, 17, -1],
			"to": [21, 18, 1],
			"rotation": {"angle": 0, "axis": "y", "origin": [28, 27, 6]},
			"faces": {
				"south": {"uv": [1, 13, 1.5, 13.5], "texture": "#2"},
				"west": {"uv": [3.5, 13, 4.5, 13.5], "texture": "#2"},
				"up": {"uv": [7, 13.5, 7.5, 14.5], "texture": "#2"},
				"down": {"uv": [0, 0, 0, 0], "texture": "#2"}
			}
		},
		{
			"from": [-5, 18, -3],
			"to": [-4, 19, -1],
			"rotation": {"angle": 0, "axis": "y", "origin": [3, 28, 4]},
			"faces": {
				"north": {"uv": [1.5, 12.5, 1, 13], "texture": "#2"},
				"east": {"uv": [3.5, 12.5, 2.5, 13], "texture": "#2"},
				"south": {"uv": [1, 12.5, 1.5, 13], "texture": "#2"},
				"up": {"uv": [7, 12.5, 7.5, 13.5], "texture": "#2"},
				"down": {"uv": [7.5, 12.5, 7, 13], "rotation": 180, "texture": "#2"}
			}
		},
		{
			"from": [20, 18, -3],
			"to": [21, 19, -1],
			"rotation": {"angle": 0, "axis": "y", "origin": [28, 28, 4]},
			"faces": {
				"north": {"uv": [1.5, 12.5, 1, 13], "texture": "#2"},
				"south": {"uv": [1, 12.5, 1.5, 13], "texture": "#2"},
				"west": {"uv": [2.5, 12.5, 3.5, 13], "texture": "#2"},
				"up": {"uv": [7, 12.5, 7.5, 13.5], "texture": "#2"},
				"down": {"uv": [7.5, 12.5, 7, 13], "rotation": 180, "texture": "#2"}
			}
		},
		{
			"from": [-4, 15, -1],
			"to": [-3, 16, 0],
			"rotation": {"angle": 0, "axis": "y", "origin": [4, 26, 6]},
			"faces": {
				"north": {"uv": [2, 14, 1.5, 14.5], "texture": "#2"},
				"east": {"uv": [4, 14, 3.5, 14.5], "texture": "#2"},
				"down": {"uv": [8, 13.5, 7.5, 14], "rotation": 180, "texture": "#2"}
			}
		},
		{
			"from": [19, 15, -1],
			"to": [20, 16, 0],
			"rotation": {"angle": 0, "axis": "y", "origin": [27, 26, 6]},
			"faces": {
				"north": {"uv": [2, 14, 1.5, 14.5], "texture": "#2"},
				"west": {"uv": [3.5, 14, 4, 14.5], "texture": "#2"},
				"down": {"uv": [8, 13.5, 7.5, 14], "rotation": 180, "texture": "#2"}
			}
		},
		{
			"from": [-4, 16, -1],
			"to": [-3, 17, 2],
			"rotation": {"angle": 0, "axis": "y", "origin": [4, 26, 6]},
			"faces": {
				"north": {"uv": [2, 13.5, 1.5, 14], "texture": "#2"},
				"east": {"uv": [5, 13.5, 3.5, 14], "texture": "#2"},
				"south": {"uv": [1.5, 13.5, 2, 14], "texture": "#2"},
				"up": {"uv": [7.5, 13.5, 8, 15], "texture": "#2"}
			}
		},
		{
			"from": [19, 16, -1],
			"to": [20, 17, 2],
			"rotation": {"angle": 0, "axis": "y", "origin": [27, 26, 6]},
			"faces": {
				"north": {"uv": [2, 13.5, 1.5, 14], "texture": "#2"},
				"south": {"uv": [1.5, 13.5, 2, 14], "texture": "#2"},
				"west": {"uv": [3.5, 13.5, 5, 14], "texture": "#2"},
				"up": {"uv": [7.5, 13.5, 8, 15], "texture": "#2"},
				"down": {"uv": [0, 0, 0, 0], "texture": "#2"}
			}
		},
		{
			"from": [-6, 18, -4],
			"to": [-5, 22, -3],
			"rotation": {"angle": 0, "axis": "y", "origin": [2, 29, 3]},
			"faces": {
				"north": {"uv": [1, 11, 0.5, 13], "texture": "#2"},
				"east": {"uv": [2.5, 11, 2, 13], "texture": "#2"},
				"south": {"uv": [0.5, 11, 1, 13], "texture": "#2"},
				"west": {"uv": [2, 11, 2.5, 13], "texture": "#2"},
				"up": {"uv": [6.5, 12, 7, 12.5], "texture": "#2"},
				"down": {"uv": [7, 12, 6.5, 12.5], "rotation": 180, "texture": "#2"}
			}
		},
		{
			"from": [21, 18, -4],
			"to": [22, 22, -3],
			"rotation": {"angle": 0, "axis": "y", "origin": [29, 29, 3]},
			"faces": {
				"north": {"uv": [1, 11, 0.5, 13], "texture": "#2"},
				"east": {"uv": [2.5, 11, 2, 13], "texture": "#2"},
				"south": {"uv": [0.5, 11, 1, 13], "texture": "#2"},
				"west": {"uv": [2, 11, 2.5, 13], "texture": "#2"},
				"up": {"uv": [6.5, 12, 7, 12.5], "texture": "#2"},
				"down": {"uv": [7, 12, 6.5, 12.5], "rotation": 180, "texture": "#2"}
			}
		},
		{
			"from": [-6, 18, -2],
			"to": [-5, 19, 0],
			"rotation": {"angle": 0, "axis": "y", "origin": [2, 28, 4]},
			"faces": {
				"east": {"uv": [4, 12.5, 3, 13], "texture": "#2"},
				"south": {"uv": [0.5, 12.5, 1, 13], "texture": "#2"},
				"west": {"uv": [3, 12.5, 4, 13], "texture": "#2"},
				"up": {"uv": [6.5, 13, 7, 14], "texture": "#2"}
			}
		},
		{
			"from": [21, 18, -2],
			"to": [22, 19, 0],
			"rotation": {"angle": 0, "axis": "y", "origin": [29, 28, 4]},
			"faces": {
				"east": {"uv": [4, 12.5, 3, 13], "texture": "#2"},
				"south": {"uv": [0.5, 12.5, 1, 13], "texture": "#2"},
				"west": {"uv": [3, 12.5, 4, 13], "texture": "#2"},
				"up": {"uv": [6.5, 13, 7, 14], "texture": "#2"}
			}
		},
		{
			"from": [-4, 11, 7.5],
			"to": [-2, 14, 10.5],
			"rotation": {"angle": 0, "axis": "y", "origin": [5, 20, 17]},
			"faces": {
				"north": {"uv": [3.5, 9, 2.5, 10.5], "texture": "#2"},
				"south": {"uv": [2.5, 9, 3.5, 10.5], "texture": "#2"},
				"west": {"uv": [3.5, 9, 5, 10.5], "texture": "#2"},
				"up": {"uv": [5, 9, 6.5, 10], "rotation": 90, "texture": "#2"},
				"down": {"uv": [5, 9, 6.5, 10], "rotation": 90, "texture": "#2"}
			}
		},
		{
			"from": [18, 11, 7.5],
			"to": [20, 14, 10.5],
			"rotation": {"angle": 0, "axis": "y", "origin": [27, 20, 17]},
			"faces": {
				"north": {"uv": [3.5, 9, 2.5, 10.5], "texture": "#2"},
				"east": {"uv": [3.5, 9, 5, 10.5], "texture": "#2"},
				"south": {"uv": [2.5, 9, 3.5, 10.5], "texture": "#2"},
				"up": {"uv": [5, 9, 6.5, 10], "rotation": 90, "texture": "#2"},
				"down": {"uv": [5, 9, 6.5, 10], "rotation": 90, "texture": "#2"}
			}
		},
		{
			"from": [-4, 10, 13],
			"to": [-2, 13, 16],
			"rotation": {"angle": 0, "axis": "y", "origin": [5, 19, 22]},
			"faces": {
				"north": {"uv": [3.5, 9, 2.5, 10.5], "texture": "#2"},
				"south": {"uv": [2.5, 9, 3.5, 10.5], "texture": "#2"},
				"west": {"uv": [3.5, 9, 5, 10.5], "texture": "#2"},
				"up": {"uv": [5, 9, 6.5, 10], "rotation": 90, "texture": "#2"},
				"down": {"uv": [5, 9, 6.5, 10], "rotation": 90, "texture": "#2"}
			}
		},
		{
			"from": [18, 10, 13],
			"to": [20, 13, 16],
			"rotation": {"angle": 0, "axis": "y", "origin": [27, 19, 22]},
			"faces": {
				"north": {"uv": [3.5, 9, 2.5, 10.5], "texture": "#2"},
				"east": {"uv": [3.5, 9, 5, 10.5], "texture": "#2"},
				"south": {"uv": [2.5, 9, 3.5, 10.5], "texture": "#2"},
				"up": {"uv": [5, 9, 6.5, 10], "rotation": 90, "texture": "#2"},
				"down": {"uv": [5, 9, 6.5, 10], "rotation": 90, "texture": "#2"}
			}
		},
		{
			"from": [-5, 10, 8],
			"to": [-4, 13, 10],
			"rotation": {"angle": 0, "axis": "y", "origin": [3, 19, 17]},
			"faces": {
				"north": {"uv": [2.5, 9.5, 2, 11], "texture": "#2"},
				"east": {"uv": [4, 9.5, 5, 11], "texture": "#2"},
				"south": {"uv": [2, 9.5, 2.5, 11], "texture": "#2"},
				"west": {"uv": [4, 9.5, 5, 11], "texture": "#2"},
				"up": {"uv": [5, 10, 6, 10.5], "rotation": 90, "texture": "#2"},
				"down": {"uv": [5, 10, 6, 10.5], "rotation": 90, "texture": "#2"}
			}
		},
		{
			"from": [20, 10, 8],
			"to": [21, 13, 10],
			"rotation": {"angle": 0, "axis": "y", "origin": [28, 19, 17]},
			"faces": {
				"north": {"uv": [2.5, 9.5, 2, 11], "texture": "#2"},
				"east": {"uv": [4, 9.5, 5, 11], "texture": "#2"},
				"south": {"uv": [2, 9.5, 2.5, 11], "texture": "#2"},
				"west": {"uv": [4, 9.5, 5, 11], "texture": "#2"},
				"up": {"uv": [5, 10, 6, 10.5], "rotation": 90, "texture": "#2"},
				"down": {"uv": [5, 10, 6, 10.5], "rotation": 90, "texture": "#2"}
			}
		},
		{
			"from": [-5, 9, 13.5],
			"to": [-4, 12, 15.5],
			"rotation": {"angle": 0, "axis": "y", "origin": [3, 18, 22]},
			"faces": {
				"north": {"uv": [2.5, 9.5, 2, 11], "texture": "#2"},
				"east": {"uv": [4, 9.5, 5, 11], "texture": "#2"},
				"south": {"uv": [2, 9.5, 2.5, 11], "texture": "#2"},
				"west": {"uv": [4, 9.5, 5, 11], "texture": "#2"},
				"up": {"uv": [5, 10, 6, 10.5], "rotation": 90, "texture": "#2"},
				"down": {"uv": [5, 10, 6, 10.5], "rotation": 90, "texture": "#2"}
			}
		},
		{
			"from": [20, 9, 13.5],
			"to": [21, 12, 15.5],
			"rotation": {"angle": 0, "axis": "y", "origin": [28, 18, 22]},
			"faces": {
				"north": {"uv": [2.5, 9.5, 2, 11], "texture": "#2"},
				"east": {"uv": [4, 9.5, 5, 11], "texture": "#2"},
				"south": {"uv": [2, 9.5, 2.5, 11], "texture": "#2"},
				"west": {"uv": [4, 9.5, 5, 11], "texture": "#2"},
				"up": {"uv": [5, 10, 6, 10.5], "rotation": 90, "texture": "#2"},
				"down": {"uv": [5, 10, 6, 10.5], "rotation": 90, "texture": "#2"}
			}
		},
		{
			"from": [-6, 9, 8.25],
			"to": [-5, 12, 9.75],
			"rotation": {"angle": 0, "axis": "y", "origin": [2, 18, 17]},
			"faces": {
				"north": {"uv": [2, 10, 1.5, 11.5], "texture": "#2"},
				"east": {"uv": [4, 10, 5, 11.5], "texture": "#2"},
				"south": {"uv": [1.5, 10, 2, 11.5], "texture": "#2"},
				"west": {"uv": [4, 10, 5, 11.5], "texture": "#2"},
				"up": {"uv": [5, 10.5, 6, 11], "rotation": 90, "texture": "#2"},
				"down": {"uv": [5, 10.5, 6, 11], "rotation": 90, "texture": "#2"}
			}
		},
		{
			"from": [21, 9, 8.25],
			"to": [22, 12, 9.75],
			"rotation": {"angle": 0, "axis": "y", "origin": [29, 18, 17]},
			"faces": {
				"north": {"uv": [2, 10, 1.5, 11.5], "texture": "#2"},
				"east": {"uv": [4, 10, 5, 11.5], "texture": "#2"},
				"south": {"uv": [1.5, 10, 2, 11.5], "texture": "#2"},
				"west": {"uv": [4, 10, 5, 11.5], "texture": "#2"},
				"up": {"uv": [5, 10.5, 6, 11], "rotation": 90, "texture": "#2"},
				"down": {"uv": [5, 10.5, 6, 11], "rotation": 90, "texture": "#2"}
			}
		},
		{
			"from": [-6, 8, 13.75],
			"to": [-5, 11, 15.25],
			"rotation": {"angle": 0, "axis": "y", "origin": [2, 17, 22]},
			"faces": {
				"north": {"uv": [2, 10, 1.5, 11.5], "texture": "#2"},
				"east": {"uv": [4, 10, 5, 11.5], "texture": "#2"},
				"south": {"uv": [1.5, 10, 2, 11.5], "texture": "#2"},
				"west": {"uv": [4, 10, 5, 11.5], "texture": "#2"},
				"up": {"uv": [5, 10.5, 6, 11], "rotation": 90, "texture": "#2"},
				"down": {"uv": [5, 10.5, 6, 11], "rotation": 90, "texture": "#2"}
			}
		},
		{
			"from": [21, 8, 13.75],
			"to": [22, 11, 15.25],
			"rotation": {"angle": 0, "axis": "y", "origin": [29, 17, 22]},
			"faces": {
				"north": {"uv": [2, 10, 1.5, 11.5], "texture": "#2"},
				"east": {"uv": [4, 10, 5, 11.5], "texture": "#2"},
				"south": {"uv": [1.5, 10, 2, 11.5], "texture": "#2"},
				"west": {"uv": [4, 10, 5, 11.5], "texture": "#2"},
				"up": {"uv": [5, 10.5, 6, 11], "rotation": 90, "texture": "#2"},
				"down": {"uv": [5, 10.5, 6, 11], "rotation": 90, "texture": "#2"}
			}
		},
		{
			"from": [-7, 8, 8.5],
			"to": [-6, 11, 9.5],
			"rotation": {"angle": 0, "axis": "y", "origin": [1, 17, 17]},
			"faces": {
				"north": {"uv": [1.5, 10.5, 1, 12], "texture": "#2"},
				"east": {"uv": [4.5, 10.5, 5, 12], "texture": "#2"},
				"south": {"uv": [1, 10.5, 1.5, 12], "texture": "#2"},
				"west": {"uv": [4.5, 10.5, 5, 12], "texture": "#2"},
				"up": {"uv": [5, 11, 5.5, 11.5], "texture": "#2"},
				"down": {"uv": [5, 11, 5.5, 11.5], "rotation": 90, "texture": "#2"}
			}
		},
		{
			"from": [22, 8, 8.5],
			"to": [23, 11, 9.5],
			"rotation": {"angle": 0, "axis": "y", "origin": [30, 17, 17]},
			"faces": {
				"north": {"uv": [1.5, 10.5, 1, 12], "texture": "#2"},
				"east": {"uv": [4.5, 10.5, 5, 12], "texture": "#2"},
				"south": {"uv": [1, 10.5, 1.5, 12], "texture": "#2"},
				"west": {"uv": [4.5, 10.5, 5, 12], "texture": "#2"},
				"up": {"uv": [5, 11, 5.5, 11.5], "texture": "#2"},
				"down": {"uv": [5, 11, 5.5, 11.5], "rotation": 90, "texture": "#2"}
			}
		},
		{
			"from": [-7, 7, 14],
			"to": [-6, 10, 15],
			"rotation": {"angle": 0, "axis": "y", "origin": [1, 16, 22]},
			"faces": {
				"north": {"uv": [1.5, 10.5, 1, 12], "texture": "#2"},
				"east": {"uv": [4.5, 10.5, 5, 12], "texture": "#2"},
				"south": {"uv": [1, 10.5, 1.5, 12], "texture": "#2"},
				"west": {"uv": [4.5, 10.5, 5, 12], "texture": "#2"},
				"up": {"uv": [5, 11, 5.5, 11.5], "texture": "#2"},
				"down": {"uv": [5, 11, 5.5, 11.5], "rotation": 90, "texture": "#2"}
			}
		},
		{
			"from": [22, 7, 14],
			"to": [23, 10, 15],
			"rotation": {"angle": 0, "axis": "y", "origin": [30, 16, 22]},
			"faces": {
				"north": {"uv": [1.5, 10.5, 1, 12], "texture": "#2"},
				"east": {"uv": [4.5, 10.5, 5, 12], "texture": "#2"},
				"south": {"uv": [1, 10.5, 1.5, 12], "texture": "#2"},
				"west": {"uv": [4.5, 10.5, 5, 12], "texture": "#2"},
				"up": {"uv": [5, 11, 5.5, 11.5], "texture": "#2"},
				"down": {"uv": [5, 11, 5.5, 11.5], "rotation": 90, "texture": "#2"}
			}
		}
	]
}