{
	"credit": "Made with Blockbench",
	"parent": "crystalpledge:item/headset",
	"texture_size": [32, 32],
	"textures": {
		"2": "crystalpledge:item/blade_dancer_headset"
	},
	"elements": [
		{
			"from": [5, 12, 17],
			"to": [11, 17, 18],
			"rotation": {"angle": 0, "axis": "y", "origin": [14, 22, 25]},
			"faces": {
				"north": {"uv": [2, 4, 5, 6.5], "texture": "#2"},
				"east": {"uv": [4.5, 4, 5, 6.5], "texture": "#2"},
				"south": {"uv": [2, 4, 5, 6.5], "texture": "#2"},
				"west": {"uv": [2, 4, 2.5, 6.5], "texture": "#2"},
				"up": {"uv": [2, 4, 5, 4.5], "texture": "#2"},
				"down": {"uv": [2, 6, 5, 6.5], "texture": "#2"}
			}
		},
		{
			"from": [3, 13, -3],
			"to": [6, 15, -1],
			"rotation": {"angle": 0, "axis": "y", "origin": [12, 22, 5]},
			"faces": {
				"north": {"uv": [0, 1, 1.5, 2], "texture": "#2"},
				"east": {"uv": [0, 1, 1, 2], "texture": "#2"},
				"south": {"uv": [8, 8, 9.5, 9], "texture": "#2"},
				"west": {"uv": [1, 1, 2, 2], "texture": "#2"},
				"up": {"uv": [1.5, 2, 0, 1], "texture": "#2"},
				"down": {"uv": [0, 2, 1.5, 1], "rotation": 180, "texture": "#2"}
			}
		},
		{
			"from": [10, 13, -3],
			"to": [13, 15, -1],
			"rotation": {"angle": 0, "axis": "y", "origin": [19, 22, 5]},
			"faces": {
				"north": {"uv": [8, 8, 9.5, 9], "texture": "#2"},
				"east": {"uv": [7.5, 8, 8.5, 9], "texture": "#2"},
				"south": {"uv": [0, 1, 1.5, 2], "texture": "#2"},
				"west": {"uv": [8.5, 8, 9.5, 9], "texture": "#2"},
				"up": {"uv": [9.5, 9, 8, 8], "texture": "#2"},
				"down": {"uv": [8, 9, 9.5, 8], "rotation": 180, "texture": "#2"}
			}
		},
		{
			"from": [6, 6.8, 16],
			"to": [10, 10.8, 18],
			"rotation": {"angle": 0, "axis": "y", "origin": [16, 17, 25]},
			"faces": {
				"north": {"uv": [0, 0, 0, 0], "texture": "#3"},
				"east": {"uv": [6, 6, 8, 10], "texture": "#3"},
				"south": {"uv": [2, 6, 6, 10], "texture": "#3"},
				"west": {"uv": [0, 6, 2, 10], "texture": "#3"},
				"up": {"uv": [2, 4, 6, 6], "texture": "#3"},
				"down": {"uv": [2, 10, 6, 12], "texture": "#3"}
			}
		},
		{
			"from": [0, 12, -2],
			"to": [3, 16, -1],
			"rotation": {"angle": 0, "axis": "y", "origin": [10, 21, 6]},
			"faces": {
				"north": {"uv": [1.5, 0.5, 3, 2.5], "texture": "#2"},
				"east": {"uv": [1.5, 0.5, 2, 2.5], "texture": "#2"},
				"south": {"uv": [6.5, 7.5, 8, 9.5], "texture": "#2"},
				"west": {"uv": [2.5, 0.5, 3, 2.5], "texture": "#2"},
				"up": {"uv": [8, 8, 6.5, 7.5], "texture": "#2"},
				"down": {"uv": [3, 2.5, 1.5, 2], "texture": "#2"}
			}
		},
		{
			"from": [13, 12, -2],
			"to": [16, 16, -1],
			"rotation": {"angle": 0, "axis": "y", "origin": [23, 21, 6]},
			"faces": {
				"north": {"uv": [6.5, 7.5, 8, 9.5], "texture": "#2"},
				"east": {"uv": [6.5, 7.5, 7, 9.5], "texture": "#2"},
				"south": {"uv": [1.5, 0.5, 3, 2.5], "texture": "#2"},
				"west": {"uv": [7.5, 7.5, 8, 9.5], "texture": "#2"},
				"up": {"uv": [8, 8, 6.5, 7.5], "texture": "#2"},
				"down": {"uv": [8, 9.5, 6.5, 9], "texture": "#2"}
			}
		},
		{
			"from": [1, 11, 17],
			"to": [5, 16, 18],
			"rotation": {"angle": 0, "axis": "y", "origin": [10, 21, 25]},
			"faces": {
				"north": {"uv": [5, 4.5, 7, 7], "texture": "#2"},
				"east": {"uv": [1.5, 4.5, 2, 7], "texture": "#2"},
				"south": {"uv": [0, 4.5, 2, 7], "texture": "#2"},
				"west": {"uv": [0, 4.5, 0.5, 7], "texture": "#2"},
				"up": {"uv": [0, 4.5, 2, 5], "texture": "#2"},
				"down": {"uv": [0, 6.5, 2, 7], "texture": "#2"}
			}
		},
		{
			"from": [11, 11, 17],
			"to": [15, 16, 18],
			"rotation": {"angle": 0, "axis": "y", "origin": [20, 21, 25]},
			"faces": {
				"north": {"uv": [0, 4.5, 2, 7], "texture": "#2"},
				"east": {"uv": [6.5, 4.5, 7, 7], "texture": "#2"},
				"south": {"uv": [5, 4.5, 7, 7], "texture": "#2"},
				"west": {"uv": [5, 4.5, 5.5, 7], "texture": "#2"},
				"up": {"uv": [5, 4.5, 7, 5], "texture": "#2"},
				"down": {"uv": [5, 6.5, 7, 7], "texture": "#2"}
			}
		},
		{
			"from": [-2, 11, -2],
			"to": [0, 15, -1],
			"rotation": {"angle": 0, "axis": "y", "origin": [7, 22, 6]},
			"faces": {
				"north": {"uv": [3, 1, 4, 3], "texture": "#2"},
				"east": {"uv": [3, 1, 3.5, 3], "texture": "#2"},
				"south": {"uv": [5.5, 8, 6.5, 10], "texture": "#2"},
				"west": {"uv": [4, 1, 4.5, 3], "texture": "#2"},
				"up": {"uv": [6.5, 8.5, 5.5, 8], "texture": "#2"},
				"down": {"uv": [4, 3, 3, 2.5], "texture": "#2"}
			}
		},
		{
			"from": [16, 11, -2],
			"to": [18, 15, -1],
			"rotation": {"angle": 0, "axis": "y", "origin": [25, 22, 6]},
			"faces": {
				"north": {"uv": [5.5, 8, 6.5, 10], "texture": "#2"},
				"east": {"uv": [5, 8, 5.5, 10], "texture": "#2"},
				"south": {"uv": [3, 1, 4, 3], "texture": "#2"},
				"west": {"uv": [6, 8, 6.5, 10], "texture": "#2"},
				"up": {"uv": [6.5, 8.5, 5.5, 8], "texture": "#2"},
				"down": {"uv": [6.5, 10, 5.5, 9.5], "texture": "#2"}
			}
		},
		{
			"from": [-2, 10, 17],
			"to": [1, 15, 18],
			"rotation": {"angle": 0, "axis": "y", "origin": [7, 22, 25]},
			"faces": {
				"north": {"uv": [7, 5, 8.5, 7.5], "texture": "#2"},
				"east": {"uv": [15, 1, 15.5, 3.5], "texture": "#2"},
				"south": {"uv": [14, 1, 15.5, 3.5], "texture": "#2"},
				"west": {"uv": [13.5, 1, 14, 3.5], "texture": "#2"},
				"up": {"uv": [14, 1, 15.5, 1.5], "texture": "#2"},
				"down": {"uv": [14, 3, 15.5, 3.5], "texture": "#2"}
			}
		},
		{
			"from": [15, 10, 17],
			"to": [18, 15, 18],
			"rotation": {"angle": 0, "axis": "y", "origin": [24, 22, 25]},
			"faces": {
				"north": {"uv": [14, 1, 15.5, 3.5], "texture": "#2"},
				"east": {"uv": [8.5, 5, 9, 7.5], "texture": "#2"},
				"south": {"uv": [7, 5, 8.5, 7.5], "texture": "#2"},
				"west": {"uv": [7, 5, 7.5, 7.5], "texture": "#2"},
				"up": {"uv": [7, 5, 8.5, 5.5], "texture": "#2"},
				"down": {"uv": [7, 7, 8.5, 7.5], "texture": "#2"}
			}
		},
		{
			"from": [-2, 11, -1],
			"to": [-1, 14, 1],
			"rotation": {"angle": 0, "axis": "y", "origin": [6, 22, 7]},
			"faces": {
				"east": {"uv": [4, 8.5, 5, 10], "texture": "#2"},
				"south": {"uv": [5, 1.5, 5.5, 3], "texture": "#2"},
				"west": {"uv": [4.5, 1.5, 5.5, 3], "texture": "#2"},
				"up": {"uv": [4, 8.5, 5, 9], "rotation": 90, "texture": "#2"},
				"down": {"uv": [5.5, 3, 4.5, 2.5], "rotation": 90, "texture": "#2"}
			}
		},
		{
			"from": [17, 11, -1],
			"to": [18, 14, 1],
			"rotation": {"angle": 0, "axis": "y", "origin": [25, 22, 7]},
			"faces": {
				"east": {"uv": [4, 8.5, 5, 10], "texture": "#2"},
				"south": {"uv": [4, 8.5, 4.5, 10], "texture": "#2"},
				"west": {"uv": [4.5, 1.5, 5.5, 3], "texture": "#2"},
				"up": {"uv": [4, 8.5, 5, 9], "rotation": 270, "texture": "#2"},
				"down": {"uv": [5, 10, 4, 9.5], "rotation": 270, "texture": "#2"}
			}
		},
		{
			"from": [-2, 9, 15],
			"to": [-1, 14, 17],
			"rotation": {"angle": 0, "axis": "y", "origin": [6, 22, 24]},
			"faces": {
				"north": {"uv": [12.5, 1.5, 13, 4], "texture": "#2"},
				"east": {"uv": [9, 5.5, 10, 8], "texture": "#2"},
				"south": {"uv": [13, 1.5, 13.5, 4], "texture": "#2"},
				"west": {"uv": [12.5, 1.5, 13.5, 4], "texture": "#2"},
				"up": {"uv": [12.5, 1.5, 13.5, 2], "rotation": 90, "texture": "#2"},
				"down": {"uv": [12.5, 3.5, 13.5, 4], "rotation": 270, "texture": "#2"}
			}
		},
		{
			"from": [17, 9, 15],
			"to": [18, 14, 17],
			"rotation": {"angle": 0, "axis": "y", "origin": [25, 22, 24]},
			"faces": {
				"north": {"uv": [9.5, 5.5, 10, 8], "texture": "#2"},
				"east": {"uv": [9, 5.5, 10, 8], "texture": "#2"},
				"south": {"uv": [9, 5.5, 9.5, 8], "texture": "#2"},
				"west": {"uv": [12.5, 1.5, 13.5, 4], "texture": "#2"},
				"up": {"uv": [9, 5.5, 10, 6], "rotation": 270, "texture": "#2"},
				"down": {"uv": [9, 7.5, 10, 8], "rotation": 90, "texture": "#2"}
			}
		},
		{
			"from": [-2, 11, 5],
			"to": [-1, 15, 7],
			"rotation": {"angle": 0, "axis": "y", "origin": [6, 22, 12]},
			"faces": {
				"north": {"uv": [7.5, 1, 8, 3], "texture": "#2"},
				"east": {"uv": [1, 8, 2, 10], "texture": "#2"},
				"south": {"uv": [8, 1, 8.5, 3], "texture": "#2"},
				"west": {"uv": [7.5, 1, 8.5, 3], "texture": "#2"},
				"up": {"uv": [1, 8, 2, 8.5], "rotation": 90, "texture": "#2"},
				"down": {"uv": [7.5, 2.5, 8.5, 3], "rotation": 270, "texture": "#2"}
			}
		},
		{
			"from": [17, 11, 5],
			"to": [18, 15, 7],
			"rotation": {"angle": 0, "axis": "y", "origin": [25, 22, 12]},
			"faces": {
				"north": {"uv": [1.5, 8, 2, 10], "texture": "#2"},
				"east": {"uv": [1, 8, 2, 10], "texture": "#2"},
				"south": {"uv": [1, 8, 1.5, 10], "texture": "#2"},
				"west": {"uv": [7.5, 1, 8.5, 3], "texture": "#2"},
				"up": {"uv": [1, 8, 2, 8.5], "rotation": 270, "texture": "#2"},
				"down": {"uv": [1, 9.5, 2, 10], "rotation": 90, "texture": "#2"}
			}
		},
		{
			"from": [-2, 12, 1],
			"to": [-1, 15, 5],
			"rotation": {"angle": 0, "axis": "y", "origin": [6, 22, 10]},
			"faces": {
				"north": {"uv": [5.5, 1, 6, 2.5], "texture": "#2"},
				"east": {"uv": [2, 8, 4, 9.5], "texture": "#2"},
				"west": {"uv": [5.5, 1, 7.5, 2.5], "texture": "#2"},
				"up": {"uv": [2, 8, 4, 8.5], "rotation": 90, "texture": "#2"},
				"down": {"uv": [5.5, 2, 7.5, 2.5], "rotation": 270, "texture": "#2"}
			}
		},
		{
			"from": [17, 12, 1],
			"to": [18, 15, 5],
			"rotation": {"angle": 0, "axis": "y", "origin": [25, 22, 10]},
			"faces": {
				"north": {"uv": [3.5, 8, 4, 9.5], "texture": "#2"},
				"east": {"uv": [2, 8, 4, 9.5], "texture": "#2"},
				"west": {"uv": [5.5, 1, 7.5, 2.5], "texture": "#2"},
				"up": {"uv": [2, 8, 4, 8.5], "rotation": 270, "texture": "#2"},
				"down": {"uv": [2, 9, 4, 9.5], "rotation": 90, "texture": "#2"}
			}
		},
		{
			"from": [-2, 10, 7],
			"to": [-1, 14, 10],
			"rotation": {"angle": 0, "axis": "y", "origin": [6, 21, 15]},
			"faces": {
				"north": {"uv": [8.5, 1.5, 9, 3.5], "texture": "#2"},
				"east": {"uv": [12.5, 5.5, 14, 7.5], "texture": "#2"},
				"south": {"uv": [9.5, 1.5, 10, 3.5], "texture": "#2"},
				"west": {"uv": [8.5, 1.5, 10, 3.5], "texture": "#2"},
				"up": {"uv": [8.5, 1.5, 10, 2], "rotation": 90, "texture": "#2"},
				"down": {"uv": [8.5, 3, 10, 3.5], "rotation": 270, "texture": "#2"}
			}
		},
		{
			"from": [17, 10, 7],
			"to": [18, 14, 10],
			"rotation": {"angle": 0, "axis": "y", "origin": [25, 21, 15]},
			"faces": {
				"north": {"uv": [13.5, 5.5, 14, 7.5], "texture": "#2"},
				"east": {"uv": [12.5, 5.5, 14, 7.5], "texture": "#2"},
				"south": {"uv": [12.5, 5.5, 13, 7.5], "texture": "#2"},
				"west": {"uv": [8.5, 1.5, 10, 3.5], "texture": "#2"},
				"up": {"uv": [12.5, 5.5, 14, 6], "rotation": 270, "texture": "#2"},
				"down": {"uv": [12.5, 7, 14, 7.5], "rotation": 90, "texture": "#2"}
			}
		},
		{
			"from": [-2, 8, 12],
			"to": [-1, 13, 15],
			"rotation": {"angle": 0, "axis": "y", "origin": [6, 18, 21]},
			"faces": {
				"north": {"uv": [11, 2, 11.5, 4.5], "texture": "#2"},
				"east": {"uv": [10, 6, 11.5, 8.5], "texture": "#2"},
				"south": {"uv": [12, 2, 12.5, 4.5], "texture": "#2"},
				"west": {"uv": [11, 2, 12.5, 4.5], "texture": "#2"},
				"up": {"uv": [11, 2, 12.5, 2.5], "rotation": 90, "texture": "#2"},
				"down": {"uv": [11, 4, 12.5, 4.5], "rotation": 270, "texture": "#2"}
			}
		},
		{
			"from": [17, 8, 12],
			"to": [18, 13, 15],
			"rotation": {"angle": 0, "axis": "y", "origin": [25, 18, 21]},
			"faces": {
				"north": {"uv": [11, 6, 11.5, 8.5], "texture": "#2"},
				"east": {"uv": [10, 6, 11.5, 8.5], "texture": "#2"},
				"south": {"uv": [10, 6, 10.5, 8.5], "texture": "#2"},
				"west": {"uv": [11, 2, 12.5, 4.5], "texture": "#2"},
				"up": {"uv": [10, 6, 11.5, 6.5], "rotation": 270, "texture": "#2"},
				"down": {"uv": [10, 8, 11.5, 8.5], "rotation": 90, "texture": "#2"}
			}
		},
		{
			"from": [-2, 9, 10],
			"to": [-1, 13, 12],
			"rotation": {"angle": 0, "axis": "y", "origin": [6, 18, 18]},
			"faces": {
				"north": {"uv": [10, 2, 10.5, 4], "texture": "#2"},
				"east": {"uv": [11.5, 6, 12.5, 8], "texture": "#2"},
				"west": {"uv": [10, 2, 11, 4], "texture": "#2"},
				"up": {"uv": [10, 2, 11, 2.5], "rotation": 90, "texture": "#2"},
				"down": {"uv": [10, 3.5, 11, 4], "rotation": 270, "texture": "#2"}
			}
		},
		{
			"from": [17, 9, 10],
			"to": [18, 13, 12],
			"rotation": {"angle": 0, "axis": "y", "origin": [25, 18, 18]},
			"faces": {
				"north": {"uv": [10, 0.5, 10.5, 3], "texture": "#2"},
				"east": {"uv": [11.5, 6, 12.5, 8], "texture": "#2"},
				"west": {"uv": [10, 2, 11, 4], "texture": "#2"},
				"up": {"uv": [11.5, 6, 12.5, 6.5], "rotation": 270, "texture": "#2"},
				"down": {"uv": [11.5, 7.5, 12.5, 8], "rotation": 90, "texture": "#2"}
			}
		},
		{
			"from": [7.25, 6.75, 17],
			"to": [8.75, 8.25, 22],
			"rotation": {"angle": -45, "axis": "x", "origin": [8, 8, 16.5]},
			"faces": {
				"east": {"uv": [14, 12, 15, 14.5], "rotation": 270, "texture": "#2"},
				"west": {"uv": [12, 12, 13, 14.5], "rotation": 90, "texture": "#2"},
				"up": {"uv": [15, 12, 16, 14.5], "rotation": 180, "texture": "#2"},
				"down": {"uv": [13, 12, 14, 14.5], "texture": "#2"}
			}
		},
		{
			"from": [7.25, 11, 20.1],
			"to": [8.75, 14.3, 21.6],
			"rotation": {"angle": 0, "axis": "x", "origin": [8, 12.5, 21.5]},
			"faces": {
				"north": {"uv": [15, 10, 16, 12], "texture": "#2"},
				"east": {"uv": [14, 10, 15, 12], "texture": "#2"},
				"south": {"uv": [13, 10, 14, 12], "texture": "#2"},
				"west": {"uv": [12, 10, 13, 12], "texture": "#2"},
				"down": {"uv": [13, 11, 14, 12], "texture": "#2"}
			}
		},
		{
			"from": [7.25, 14, 18.25],
			"to": [8.75, 15.5, 22.05],
			"rotation": {"angle": 22.5, "axis": "x", "origin": [8, 15.75, 18.75]},
			"faces": {
				"east": {"uv": [14, 8, 15, 10], "rotation": 90, "texture": "#2"},
				"south": {"uv": [13, 9, 14, 10], "texture": "#2"},
				"west": {"uv": [12, 8, 13, 10], "rotation": 270, "texture": "#2"},
				"up": {"uv": [13, 8, 14, 10], "texture": "#2"},
				"down": {"uv": [15, 8, 16, 10], "rotation": 180, "texture": "#2"}
			}
		},
		{
			"from": [6.75, 13.4, 18],
			"to": [9.25, 15.9, 19],
			"rotation": {"angle": 0, "axis": "y", "origin": [16, 22, 26]},
			"faces": {
				"east": {"uv": [11.5, 9, 12, 10.5], "texture": "#2"},
				"south": {"uv": [10, 9, 11.5, 10.5], "texture": "#2"},
				"west": {"uv": [9.5, 9, 10, 10.5], "texture": "#2"},
				"up": {"uv": [10, 8.5, 11.5, 9], "texture": "#2"},
				"down": {"uv": [10, 10.5, 11.5, 11], "texture": "#2"}
			}
		},
		{
			"from": [16, 12, 7],
			"to": [17, 14, 9],
			"rotation": {"angle": 0, "axis": "y", "origin": [24, 21, 16]},
			"faces": {
				"north": {"uv": [9, 1, 10, 3], "texture": "#3"},
				"east": {"uv": [0, 0, 2, 2], "texture": "#3"},
				"south": {"uv": [10, 1, 11, 3], "texture": "#3"},
				"west": {"uv": [0, 0, 2, 2], "texture": "#3"},
				"up": {"uv": [9, 0, 11, 1], "rotation": 270, "texture": "#3"},
				"down": {"uv": [9, 3, 11, 4], "rotation": 90, "texture": "#3"}
			}
		},
		{
			"from": [7, 13, 16],
			"to": [9, 15, 17],
			"rotation": {"angle": 0, "axis": "y", "origin": [15, 22, 24]},
			"faces": {
				"north": {"uv": [0, 0, 2, 2], "texture": "#3"},
				"east": {"uv": [12, 1, 13, 3], "texture": "#3"},
				"south": {"uv": [0, 0, 2, 2], "texture": "#3"},
				"west": {"uv": [11, 1, 12, 3], "texture": "#3"},
				"up": {"uv": [11, 0, 13, 1], "texture": "#3"},
				"down": {"uv": [11, 3, 13, 4], "texture": "#3"}
			}
		},
		{
			"from": [-1, 12, 7],
			"to": [0, 14, 9],
			"rotation": {"angle": 0, "axis": "y", "origin": [7, 21, 16]},
			"faces": {
				"north": {"uv": [7, 1, 8, 3], "texture": "#3"},
				"east": {"uv": [0, 0, 2, 2], "texture": "#3"},
				"south": {"uv": [8, 1, 9, 3], "texture": "#3"},
				"west": {"uv": [0, 0, 2, 2], "texture": "#3"},
				"up": {"uv": [7, 0, 9, 1], "rotation": 90, "texture": "#3"},
				"down": {"uv": [7, 3, 9, 4], "rotation": 270, "texture": "#3"}
			}
		},
		{
			"from": [-1.6, 16, 1],
			"to": [-1.4, 17, 9],
			"rotation": {"angle": 0, "axis": "y", "origin": [6, 24, 9]},
			"faces": {
				"north": {"uv": [5, 0.5, 5.5, 1], "texture": "#2"},
				"east": {"uv": [5.5, 0, 9.5, 0.5], "texture": "#2"},
				"south": {"uv": [9, 0, 9.5, 0.5], "texture": "#2"},
				"west": {"uv": [5.5, 0, 9.5, 0.5], "texture": "#2"},
				"up": {"uv": [5.5, 0, 9.5, 0.5], "rotation": 90, "texture": "#2"}
			}
		},
		{
			"from": [17.4, 16, 1],
			"to": [17.6, 17, 9],
			"rotation": {"angle": 0, "axis": "y", "origin": [25, 24, 9]},
			"faces": {
				"north": {"uv": [3.5, 7, 4, 7.5], "texture": "#2"},
				"east": {"uv": [9.5, 4.5, 13.5, 5], "texture": "#2"},
				"south": {"uv": [9.5, 4.5, 10, 5], "texture": "#2"},
				"west": {"uv": [5.5, 0, 9.5, 0.5], "texture": "#2"},
				"up": {"uv": [0, 7, 4, 7.5], "rotation": 270, "texture": "#2"}
			}
		},
		{
			"from": [-1.6, 15, 8],
			"to": [-1.4, 16, 16],
			"rotation": {"angle": 0, "axis": "y", "origin": [6, 23, 15]},
			"faces": {
				"east": {"uv": [9.5, 4.5, 13.5, 5], "texture": "#2"},
				"south": {"uv": [12.5, 0.5, 13, 1], "texture": "#2"},
				"west": {"uv": [9, 0.5, 13, 1], "texture": "#2"},
				"up": {"uv": [9, 0.5, 13, 1], "rotation": 90, "texture": "#2"}
			}
		},
		{
			"from": [17.4, 15, 8],
			"to": [17.6, 16, 16],
			"rotation": {"angle": 0, "axis": "y", "origin": [25, 23, 15]},
			"faces": {
				"east": {"uv": [0, 7, 4, 7.5], "texture": "#2"},
				"south": {"uv": [0, 7, 0.5, 7.5], "texture": "#2"},
				"west": {"uv": [9, 0.5, 13, 1], "texture": "#2"},
				"up": {"uv": [0, 7, 4, 7.5], "rotation": 270, "texture": "#2"}
			}
		},
		{
			"from": [-1.6, 14, 11],
			"to": [-1.4, 15, 14],
			"rotation": {"angle": 0, "axis": "y", "origin": [6, 22, 18]},
			"faces": {
				"east": {"uv": [10.5, 5, 12, 5.5], "texture": "#2"},
				"west": {"uv": [10.5, 1, 12, 1.5], "texture": "#2"},
				"up": {"uv": [10.5, 1, 12, 1.5], "rotation": 90, "texture": "#2"}
			}
		},
		{
			"from": [17.4, 14, 11],
			"to": [17.6, 15, 14],
			"rotation": {"angle": 0, "axis": "y", "origin": [25, 22, 18]},
			"faces": {
				"east": {"uv": [10.5, 5, 12, 5.5], "texture": "#2"},
				"west": {"uv": [10.5, 1, 12, 1.5], "texture": "#2"},
				"up": {"uv": [10.5, 5, 12, 5.5], "rotation": 270, "texture": "#2"}
			}
		},
		{
			"from": [-1.75, 14, -1],
			"to": [-1.25, 15, 1],
			"rotation": {"angle": 0, "axis": "y", "origin": [6, 22, 8]},
			"faces": {
				"east": {"uv": [4, 8, 5, 8.5], "texture": "#2"},
				"west": {"uv": [4.5, 1, 5.5, 1.5], "texture": "#2"},
				"up": {"uv": [4, 8, 5, 8.5], "rotation": 90, "texture": "#2"}
			}
		},
		{
			"from": [17.25, 14, -1],
			"to": [17.75, 15, 1],
			"rotation": {"angle": 0, "axis": "y", "origin": [25, 22, 8]},
			"faces": {
				"east": {"uv": [4, 8, 5, 8.5], "texture": "#2"},
				"west": {"uv": [4.5, 1, 5.5, 1.5], "texture": "#2"},
				"up": {"uv": [4, 8, 5, 8.5], "rotation": 270, "texture": "#2"}
			}
		},
		{
			"from": [-1.75, 15, 0],
			"to": [-1.25, 16, 8],
			"rotation": {"angle": 0, "axis": "y", "origin": [6, 23, 10]},
			"faces": {
				"north": {"uv": [5, 0.5, 5.5, 1], "texture": "#2"},
				"east": {"uv": [0.5, 7.5, 4.5, 8], "texture": "#2"},
				"south": {"uv": [8.5, 0.5, 9, 1], "texture": "#2"},
				"west": {"uv": [5, 0.5, 9, 1], "texture": "#2"},
				"up": {"uv": [5, 0.5, 9, 1], "rotation": 90, "texture": "#2"}
			}
		},
		{
			"from": [17.25, 15, 0],
			"to": [17.75, 16, 8],
			"rotation": {"angle": 0, "axis": "y", "origin": [25, 23, 10]},
			"faces": {
				"north": {"uv": [4, 7.5, 4.5, 8], "texture": "#2"},
				"east": {"uv": [0.5, 7.5, 4.5, 8], "texture": "#2"},
				"south": {"uv": [0.5, 7.5, 1, 8], "texture": "#2"},
				"west": {"uv": [5, 0.5, 9, 1], "texture": "#2"},
				"up": {"uv": [0.5, 7.5, 4.5, 8], "rotation": 270, "texture": "#2"}
			}
		},
		{
			"from": [-1.75, 14, 7],
			"to": [-1.25, 15, 11],
			"rotation": {"angle": 0, "axis": "y", "origin": [6, 22, 16]},
			"faces": {
				"east": {"uv": [12, 5, 14, 5.5], "texture": "#2"},
				"south": {"uv": [10, 1, 10.5, 1.5], "texture": "#2"},
				"west": {"uv": [8.5, 1, 10.5, 1.5], "texture": "#2"},
				"up": {"uv": [8.5, 1, 10.5, 1.5], "rotation": 90, "texture": "#2"}
			}
		},
		{
			"from": [17.25, 14, 7],
			"to": [17.75, 15, 11],
			"rotation": {"angle": 0, "axis": "y", "origin": [25, 22, 16]},
			"faces": {
				"east": {"uv": [12, 5, 14, 5.5], "texture": "#2"},
				"south": {"uv": [12, 5, 12.5, 5.5], "texture": "#2"},
				"west": {"uv": [8.5, 1, 10.5, 1.5], "texture": "#2"},
				"up": {"uv": [12, 5, 14, 5.5], "rotation": 270, "texture": "#2"}
			}
		},
		{
			"from": [-1.75, 13, 10],
			"to": [-1.25, 14, 15],
			"rotation": {"angle": 0, "axis": "y", "origin": [6, 21, 19]},
			"faces": {
				"east": {"uv": [10, 5.5, 12.5, 6], "texture": "#2"},
				"west": {"uv": [10, 1.5, 12.5, 2], "texture": "#2"},
				"up": {"uv": [10, 5.5, 12.5, 6], "rotation": 90, "texture": "#2"}
			}
		},
		{
			"from": [17.25, 13, 10],
			"to": [17.75, 14, 15],
			"rotation": {"angle": 0, "axis": "y", "origin": [25, 21, 19]},
			"faces": {
				"east": {"uv": [10, 5.5, 12.5, 6], "texture": "#2"},
				"west": {"uv": [10, 1.5, 12.5, 2], "texture": "#2"},
				"up": {"uv": [10, 5.5, 12.5, 6], "rotation": 270, "texture": "#2"}
			}
		},
		{
			"from": [-1.75, 14, 14],
			"to": [-1.25, 15, 17],
			"rotation": {"angle": 0, "axis": "y", "origin": [6, 22, 21]},
			"faces": {
				"north": {"uv": [12, 1, 12.5, 1.5], "texture": "#2"},
				"east": {"uv": [9, 5, 10.5, 5.5], "texture": "#2"},
				"west": {"uv": [12, 1, 13.5, 1.5], "texture": "#2"},
				"up": {"uv": [12, 1, 13.5, 1.5], "rotation": 90, "texture": "#2"}
			}
		},
		{
			"from": [17.25, 14, 14],
			"to": [17.75, 15, 17],
			"rotation": {"angle": 0, "axis": "y", "origin": [25, 22, 21]},
			"faces": {
				"north": {"uv": [10, 5, 10.5, 5.5], "texture": "#2"},
				"east": {"uv": [9, 5, 10.5, 5.5], "texture": "#2"},
				"west": {"uv": [12, 1, 13.5, 1.5], "texture": "#2"},
				"up": {"uv": [9, 5, 10.5, 5.5], "rotation": 270, "texture": "#2"}
			}
		},
		{
			"from": [-3, 10, 6],
			"to": [-2, 11, 9],
			"rotation": {"angle": -22.5, "axis": "x", "origin": [-2.7, 12.5, 7.5]},
			"faces": {
				"north": {"uv": [8.5, 14.5, 9, 15], "texture": "#2"},
				"east": {"uv": [9, 15, 10.5, 15.5], "texture": "#2"},
				"south": {"uv": [10.5, 14.5, 11, 15], "texture": "#2"},
				"west": {"uv": [9, 14.5, 10.5, 15], "texture": "#2"},
				"up": {"uv": [0, 0, 0, 0], "texture": "#2"},
				"down": {"uv": [9, 15, 10.5, 15.5], "rotation": 270, "texture": "#2"}
			}
		},
		{
			"from": [-3, 14, 6],
			"to": [-2, 15, 9],
			"rotation": {"angle": -22.5, "axis": "x", "origin": [-2.7, 12.5, 7.5]},
			"faces": {
				"north": {"uv": [8.5, 11.5, 9, 12], "texture": "#2"},
				"south": {"uv": [10.5, 11.5, 11, 12], "texture": "#2"},
				"west": {"uv": [9, 11.5, 10.5, 12], "texture": "#2"},
				"up": {"uv": [9, 11, 10.5, 11.5], "rotation": 90, "texture": "#2"}
			}
		},
		{
			"from": [-4, 11, 6],
			"to": [-3, 14, 9],
			"rotation": {"angle": -22.5, "axis": "x", "origin": [-2.7, 12.5, 7.5]},
			"faces": {
				"north": {"uv": [8.5, 12.5, 9, 14], "texture": "#2"},
				"east": {"uv": [9, 12.5, 10.5, 14], "texture": "#2"},
				"south": {"uv": [10.5, 12.5, 11, 14], "texture": "#2"},
				"west": {"uv": [9, 12.5, 10.5, 14], "texture": "#2"},
				"up": {"uv": [9, 12, 10.5, 12.5], "rotation": 90, "texture": "#2"},
				"down": {"uv": [9, 14, 10.5, 14.5], "rotation": 270, "texture": "#2"}
			}
		},
		{
			"from": [-3, 11, 5],
			"to": [-2, 14, 6],
			"rotation": {"angle": -22.5, "axis": "x", "origin": [-2.7, 12.5, 7.5]},
			"faces": {
				"north": {"uv": [7.5, 12.5, 8, 14], "texture": "#2"},
				"east": {"uv": [11.5, 12.5, 12, 14], "texture": "#2"},
				"south": {"uv": [0, 0, 0, 0], "texture": "#2"},
				"west": {"uv": [8, 12.5, 8.5, 14], "texture": "#2"},
				"up": {"uv": [8, 12, 8.5, 12.5], "texture": "#2"},
				"down": {"uv": [8, 14, 8.5, 14.5], "texture": "#2"}
			}
		},
		{
			"from": [-3, 11, 9],
			"to": [-2, 14, 10],
			"rotation": {"angle": -22.5, "axis": "x", "origin": [-2.7, 12.5, 7.5]},
			"faces": {
				"south": {"uv": [11.5, 12.5, 12, 14], "texture": "#2"},
				"west": {"uv": [11, 12.5, 11.5, 14], "texture": "#2"},
				"up": {"uv": [11, 12, 11.5, 12.5], "texture": "#2"},
				"down": {"uv": [11, 14, 11.5, 14.5], "texture": "#2"}
			}
		},
		{
			"from": [-2.2, 13, 9],
			"to": [-2, 14, 16],
			"rotation": {"angle": -45, "axis": "x", "origin": [-3.5, 13.5, 9]},
			"faces": {
				"east": {"uv": [3.5, 10, 0, 10.5], "texture": "#2"},
				"south": {"uv": [3, 10, 3.5, 10.5], "texture": "#2"},
				"west": {"uv": [0, 10, 3.5, 10.5], "texture": "#2"},
				"up": {"uv": [0, 10, 3.5, 10.5], "rotation": 90, "texture": "#2"},
				"down": {"uv": [0, 10, 3.5, 10.5], "rotation": 270, "texture": "#2"}
			}
		},
		{
			"from": [-2.4, 12, 11],
			"to": [-2.2, 13, 19],
			"rotation": {"angle": -45, "axis": "x", "origin": [-3.5, 13.5, 9]},
			"faces": {
				"north": {"uv": [3, 10.5, 3.5, 11], "texture": "#2"},
				"east": {"uv": [5, 10.5, 1, 11], "texture": "#2"},
				"south": {"uv": [4.5, 10.5, 5, 11], "texture": "#2"},
				"west": {"uv": [1, 10.5, 5, 11], "texture": "#2"},
				"up": {"uv": [1, 10.5, 5, 11], "rotation": 90, "texture": "#2"},
				"down": {"uv": [1, 10.5, 5, 11], "rotation": 270, "texture": "#2"}
			}
		},
		{
			"from": [-2.6, 11, 13],
			"to": [-2.4, 12, 22],
			"rotation": {"angle": -45, "axis": "x", "origin": [-3.5, 13.5, 9]},
			"faces": {
				"north": {"uv": [3, 10.5, 3.5, 11], "texture": "#2"},
				"east": {"uv": [6.5, 11, 2, 11.5], "texture": "#2"},
				"south": {"uv": [6, 11, 6.5, 11.5], "texture": "#2"},
				"west": {"uv": [2, 11, 6.5, 11.5], "texture": "#2"},
				"up": {"uv": [2, 11, 6.5, 11.5], "rotation": 90, "texture": "#2"},
				"down": {"uv": [2, 11, 6.5, 11.5], "rotation": 270, "texture": "#2"}
			}
		},
		{
			"from": [-2.8, 10, 14],
			"to": [-2.6, 11, 19],
			"rotation": {"angle": -45, "axis": "x", "origin": [-3.5, 13.5, 9]},
			"faces": {
				"north": {"uv": [3, 10.5, 3.5, 11], "texture": "#2"},
				"east": {"uv": [5, 11.5, 2.5, 12], "texture": "#2"},
				"south": {"uv": [4.5, 11.5, 5, 12], "texture": "#2"},
				"west": {"uv": [2.5, 11.5, 5, 12], "texture": "#2"},
				"up": {"uv": [2.5, 11.5, 5, 12], "rotation": 90, "texture": "#2"},
				"down": {"uv": [2.5, 11.5, 5, 12], "rotation": 270, "texture": "#2"}
			}
		},
		{
			"from": [18, 12, 8],
			"to": [19, 13, 13],
			"rotation": {"angle": -22.5, "axis": "x", "origin": [18.5, 11.5, 8]},
			"faces": {
				"north": {"uv": [3, 13.5, 3.5, 14], "texture": "#2"},
				"east": {"uv": [0.5, 13.5, 3, 14], "texture": "#2"},
				"south": {"uv": [0, 13.5, 0.5, 14], "texture": "#2"},
				"up": {"uv": [0.5, 13, 3, 13.5], "rotation": 270, "texture": "#2"},
				"down": {"uv": [0.5, 14, 3, 14.5], "rotation": 90, "texture": "#2"}
			}
		},
		{
			"from": [18, 10, 9],
			"to": [19, 11, 15],
			"rotation": {"angle": -22.5, "axis": "x", "origin": [18.5, 11.5, 8]},
			"faces": {
				"north": {"uv": [3.5, 15, 4, 15.5], "texture": "#2"},
				"east": {"uv": [0.5, 15, 3.5, 15.5], "texture": "#2"},
				"south": {"uv": [0, 15, 0.5, 15.5], "texture": "#2"},
				"up": {"uv": [0.5, 14.5, 3.5, 15], "rotation": 270, "texture": "#2"},
				"down": {"uv": [0.5, 15.5, 3.5, 16], "rotation": 90, "texture": "#2"}
			}
		}
	]
}