{
    "parent": "crystalpledge:item/base_sword",
	"display": {
		"thirdperson_righthand": {
			"rotation": [-40, -40, 45],
			"translation": [-0.25, 8.25, 0.25]
		},
		"thirdperson_lefthand": {
			"rotation": [-40, -40, 45],
			"translation": [-8.25, -4.25, 1.75]
		},
		"firstperson_righthand": {
			"rotation": [-90, -110, -85],
			"translation": [-3, 3.25, 6.25],
			"scale": [0.75, 0.75, 0.75]
		},
		"firstperson_lefthand": {
			"rotation": [-90, -110, -85],
			"translation": [-3.25, 2.75, -4.5],
			"scale": [0.75, 0.75, 0.75]
		}
	}
}
