{
	"credit": "Made with Blockbench",
	"textures": {
		"0": "crystalpledge:item/bow",
		"particle": "crystalpledge:item/bow"
	},
	"elements": [
		{
			"from": [1, 0, 2],
			"to": [2, 1, 3],
			"faces": {
				"north": {"uv": [2, 15, 3, 16], "texture": "#0"},
				"east": {"uv": [2, 15, 3, 16], "texture": "#0"},
				"south": {"uv": [2, 15, 3, 16], "texture": "#0"},
				"west": {"uv": [2, 15, 3, 16], "texture": "#0"},
				"down": {"uv": [2, 15, 3, 16], "texture": "#0"}
			}
		},
		{
			"from": [0, 1, 2],
			"to": [1, 5, 3],
			"faces": {
				"north": {"uv": [2, 11, 3, 15], "texture": "#0"},
				"south": {"uv": [2, 11, 3, 15], "texture": "#0"},
				"west": {"uv": [2, 11, 3, 15], "texture": "#0"},
				"up": {"uv": [2, 11, 3, 12], "texture": "#0"},
				"down": {"uv": [2, 14, 3, 15], "texture": "#0"}
			}
		},
		{
			"from": [2, 1, 2],
			"to": [3, 5, 3],
			"faces": {
				"north": {"uv": [2, 11, 3, 15], "texture": "#0"},
				"east": {"uv": [2, 11, 3, 15], "texture": "#0"},
				"south": {"uv": [2, 11, 3, 15], "texture": "#0"},
				"up": {"uv": [2, 11, 3, 12], "texture": "#0"},
				"down": {"uv": [2, 14, 3, 15], "texture": "#0"}
			}
		},
		{
			"from": [1, 1, 3],
			"to": [2, 5, 4],
			"faces": {
				"east": {"uv": [3, 11, 4, 15], "texture": "#0"},
				"south": {"uv": [3, 11, 4, 15], "texture": "#0"},
				"west": {"uv": [3, 11, 4, 15], "texture": "#0"},
				"up": {"uv": [3, 11, 4, 12], "texture": "#0"},
				"down": {"uv": [3, 14, 4, 15], "texture": "#0"}
			}
		},
		{
			"from": [1, 5, 2],
			"to": [2, 8, 3],
			"faces": {
				"north": {"uv": [2, 8, 3, 11], "texture": "#0"},
				"east": {"uv": [2, 8, 3, 11], "texture": "#0"},
				"west": {"uv": [2, 8, 3, 11], "texture": "#0"},
				"up": {"uv": [2, 8, 3, 9], "texture": "#0"}
			}
		},
		{
			"from": [2, 5, 3],
			"to": [3, 8, 4],
			"faces": {
				"north": {"uv": [3, 8, 4, 11], "texture": "#0"},
				"east": {"uv": [3, 8, 4, 11], "texture": "#0"},
				"south": {"uv": [3, 8, 4, 11], "texture": "#0"},
				"up": {"uv": [3, 8, 4, 9], "texture": "#0"},
				"down": {"uv": [3, 10, 4, 11], "texture": "#0"}
			}
		},
		{
			"from": [0, 5, 3],
			"to": [1, 8, 4],
			"faces": {
				"north": {"uv": [3, 8, 4, 11], "texture": "#0"},
				"south": {"uv": [3, 8, 4, 11], "texture": "#0"},
				"west": {"uv": [3, 8, 4, 11], "texture": "#0"},
				"up": {"uv": [3, 8, 4, 9], "texture": "#0"},
				"down": {"uv": [3, 10, 4, 11], "texture": "#0"}
			}
		},
		{
			"from": [1, 12, 6],
			"to": [2, 13, 8],
			"faces": {
				"north": {"uv": [6, 3, 7, 4], "texture": "#0"},
				"east": {"uv": [6, 3, 8, 4], "rotation": 180, "texture": "#0"},
				"west": {"uv": [6, 3, 8, 4], "texture": "#0"},
				"up": {"uv": [6, 3, 8, 4], "rotation": 90, "texture": "#0"}
			}
		},
		{
			"from": [1, 11, 8],
			"to": [2, 12, 11],
			"faces": {
				"east": {"uv": [8, 4, 11, 5], "rotation": 180, "texture": "#0"},
				"south": {"uv": [10, 4, 11, 5], "texture": "#0"},
				"west": {"uv": [8, 4, 11, 5], "texture": "#0"},
				"down": {"uv": [8, 4, 11, 5], "rotation": 270, "texture": "#0"}
			}
		},
		{
			"from": [1, 13, 8],
			"to": [2, 14, 11],
			"faces": {
				"north": {"uv": [8, 2, 9, 3], "texture": "#0"},
				"east": {"uv": [8, 2, 11, 3], "rotation": 180, "texture": "#0"},
				"west": {"uv": [8, 2, 11, 3], "texture": "#0"},
				"up": {"uv": [8, 2, 11, 3], "rotation": 90, "texture": "#0"}
			}
		},
		{
			"from": [0, 12, 8],
			"to": [1, 13, 11],
			"faces": {
				"north": {"uv": [8, 3, 9, 4], "texture": "#0"},
				"south": {"uv": [10, 3, 11, 4], "texture": "#0"},
				"west": {"uv": [8, 3, 11, 4], "texture": "#0"},
				"up": {"uv": [8, 3, 11, 4], "rotation": 90, "texture": "#0"},
				"down": {"uv": [8, 3, 11, 4], "rotation": 270, "texture": "#0"}
			}
		},
		{
			"from": [0, 13, 11],
			"to": [1, 14, 15],
			"faces": {
				"north": {"uv": [11, 2, 12, 3], "texture": "#0"},
				"south": {"uv": [14, 2, 15, 3], "texture": "#0"},
				"west": {"uv": [11, 2, 15, 3], "texture": "#0"},
				"up": {"uv": [11, 2, 15, 3], "rotation": 90, "texture": "#0"},
				"down": {"uv": [11, 2, 15, 3], "rotation": 270, "texture": "#0"}
			}
		},
		{
			"from": [1, 13, 15],
			"to": [2, 14, 16],
			"faces": {
				"east": {"uv": [15, 2, 16, 3], "texture": "#0"},
				"south": {"uv": [15, 2, 16, 3], "texture": "#0"},
				"west": {"uv": [15, 2, 16, 3], "texture": "#0"},
				"up": {"uv": [15, 2, 16, 3], "texture": "#0"},
				"down": {"uv": [15, 2, 16, 3], "texture": "#0"}
			}
		},
		{
			"from": [2, 13, 11],
			"to": [3, 14, 15],
			"faces": {
				"north": {"uv": [11, 2, 12, 3], "texture": "#0"},
				"east": {"uv": [11, 2, 15, 3], "rotation": 180, "texture": "#0"},
				"south": {"uv": [14, 2, 15, 3], "texture": "#0"},
				"up": {"uv": [11, 2, 15, 3], "rotation": 90, "texture": "#0"},
				"down": {"uv": [11, 2, 15, 3], "rotation": 270, "texture": "#0"}
			}
		},
		{
			"from": [1, 12, 11],
			"to": [2, 13, 15],
			"faces": {
				"east": {"uv": [11, 3, 15, 4], "rotation": 180, "texture": "#0"},
				"south": {"uv": [14, 3, 15, 4], "texture": "#0"},
				"west": {"uv": [11, 3, 15, 4], "texture": "#0"},
				"down": {"uv": [11, 3, 15, 4], "rotation": 270, "texture": "#0"}
			}
		},
		{
			"from": [1, 14, 11],
			"to": [2, 15, 15],
			"faces": {
				"north": {"uv": [11, 1, 12, 2], "texture": "#0"},
				"east": {"uv": [11, 1, 15, 2], "rotation": 180, "texture": "#0"},
				"south": {"uv": [11, 1, 12, 2], "texture": "#0"},
				"west": {"uv": [11, 1, 15, 2], "texture": "#0"},
				"up": {"uv": [11, 1, 15, 2], "rotation": 90, "texture": "#0"}
			}
		},
		{
			"from": [2, 12, 8],
			"to": [3, 13, 11],
			"faces": {
				"north": {"uv": [8, 3, 9, 4], "texture": "#0"},
				"east": {"uv": [8, 3, 11, 4], "rotation": 180, "texture": "#0"},
				"south": {"uv": [10, 3, 11, 4], "texture": "#0"},
				"up": {"uv": [8, 3, 11, 4], "rotation": 90, "texture": "#0"},
				"down": {"uv": [8, 3, 11, 4], "rotation": 270, "texture": "#0"}
			}
		},
		{
			"from": [0, 11, 7],
			"to": [1, 12, 8],
			"faces": {
				"north": {"uv": [7, 4, 8, 5], "texture": "#0"},
				"south": {"uv": [7, 4, 8, 5], "texture": "#0"},
				"west": {"uv": [7, 4, 8, 5], "texture": "#0"},
				"up": {"uv": [7, 4, 8, 5], "texture": "#0"},
				"down": {"uv": [7, 4, 8, 5], "texture": "#0"}
			}
		},
		{
			"from": [2, 11, 7],
			"to": [3, 12, 8],
			"faces": {
				"north": {"uv": [7, 4, 8, 5], "texture": "#0"},
				"east": {"uv": [7, 4, 8, 5], "texture": "#0"},
				"south": {"uv": [7, 4, 8, 5], "texture": "#0"},
				"up": {"uv": [7, 4, 8, 5], "texture": "#0"},
				"down": {"uv": [7, 4, 8, 5], "texture": "#0"}
			}
		},
		{
			"from": [1, 8, 3],
			"to": [2, 10, 4],
			"faces": {
				"north": {"uv": [3, 6, 4, 8], "texture": "#0"},
				"east": {"uv": [3, 6, 4, 8], "texture": "#0"},
				"west": {"uv": [3, 6, 4, 8], "texture": "#0"},
				"up": {"uv": [3, 6, 4, 7], "texture": "#0"}
			}
		},
		{
			"from": [0, 8, 4],
			"to": [1, 9, 5],
			"faces": {
				"north": {"uv": [4, 7, 5, 8], "texture": "#0"},
				"south": {"uv": [4, 7, 5, 8], "texture": "#0"},
				"west": {"uv": [4, 7, 5, 8], "texture": "#0"},
				"up": {"uv": [4, 7, 5, 8], "texture": "#0"},
				"down": {"uv": [4, 7, 5, 8], "texture": "#0"}
			}
		},
		{
			"from": [2, 8, 4],
			"to": [3, 9, 5],
			"faces": {
				"north": {"uv": [4, 7, 5, 8], "texture": "#0"},
				"east": {"uv": [4, 7, 5, 8], "texture": "#0"},
				"south": {"uv": [4, 7, 5, 8], "texture": "#0"},
				"up": {"uv": [4, 7, 5, 8], "texture": "#0"},
				"down": {"uv": [4, 7, 5, 8], "texture": "#0"}
			}
		},
		{
			"from": [1, 5, 4],
			"to": [2, 8, 5],
			"faces": {
				"east": {"uv": [4, 8, 5, 11], "texture": "#0"},
				"south": {"uv": [4, 8, 5, 11], "texture": "#0"},
				"west": {"uv": [4, 8, 5, 11], "texture": "#0"},
				"down": {"uv": [4, 10, 5, 11], "texture": "#0"}
			}
		},
		{
			"from": [1, 1, 1],
			"to": [2, 5, 2],
			"faces": {
				"north": {"uv": [1, 11, 2, 15], "texture": "#0"},
				"east": {"uv": [1, 11, 2, 15], "texture": "#0"},
				"west": {"uv": [1, 11, 2, 15], "texture": "#0"},
				"up": {"uv": [1, 11, 2, 12], "texture": "#0"},
				"down": {"uv": [1, 11, 2, 12], "texture": "#0"}
			}
		},
		{
			"from": [1, 9, 6],
			"to": [2, 12, 7],
			"faces": {
				"east": {"uv": [6, 4, 7, 7], "texture": "#0"},
				"south": {"uv": [6, 4, 7, 7], "texture": "#0"},
				"west": {"uv": [6, 4, 7, 7], "texture": "#0"},
				"down": {"uv": [6, 6, 7, 7], "texture": "#0"}
			}
		},
		{
			"from": [1, 10, 7],
			"to": [2, 11, 8],
			"faces": {
				"east": {"uv": [7, 5, 8, 6], "texture": "#0"},
				"south": {"uv": [7, 5, 8, 6], "texture": "#0"},
				"west": {"uv": [7, 5, 8, 6], "texture": "#0"},
				"down": {"uv": [7, 5, 8, 6], "texture": "#0"}
			}
		},
		{
			"from": [1, 8, 5],
			"to": [2, 12, 6],
			"faces": {
				"north": {"uv": [5, 4, 6, 8], "texture": "#0"},
				"east": {"uv": [5, 4, 6, 8], "texture": "#0"},
				"south": {"uv": [5, 4, 6, 8], "texture": "#0"},
				"west": {"uv": [5, 4, 6, 8], "texture": "#0"},
				"up": {"uv": [5, 4, 6, 5], "texture": "#0"},
				"down": {"uv": [5, 7, 6, 8], "texture": "#0"}
			}
		},
		{
			"from": [1, 9, 4],
			"to": [2, 11, 5],
			"faces": {
				"north": {"uv": [4, 5, 5, 7], "texture": "#0"},
				"east": {"uv": [4, 5, 5, 7], "texture": "#0"},
				"south": {"uv": [4, 5, 5, 7], "texture": "#0"},
				"west": {"uv": [4, 5, 5, 7], "texture": "#0"},
				"up": {"uv": [4, 5, 5, 6], "texture": "#0"}
			}
		},
		{
			"from": [1.375, 0.77817, 2.4],
			"to": [1.625, 1.02817, 15],
			"rotation": {"angle": 0, "axis": "x", "origin": [8, 1, 3]},
			"faces": {
				"north": {"uv": [0, 0, 0.25, 0.25], "texture": "#0"},
				"east": {"uv": [0, 0, 1, 16], "rotation": 90, "texture": "#0"},
				"south": {"uv": [0, 0, 0.25, 0.25], "texture": "#0"},
				"west": {"uv": [0, 0, 1, 16], "rotation": 90, "texture": "#0"},
				"up": {"uv": [0, 0, 1, 16], "texture": "#0"},
				"down": {"uv": [0, 0, 1, 16], "texture": "#0"}
			}
		},
		{
			"from": [1.375, 0.8, 14.76],
			"to": [1.625, 13.8, 15.01],
			"rotation": {"angle": 0, "axis": "x", "origin": [1.5, 12.78508, 14.92202]},
			"faces": {
				"north": {"uv": [0, 0, 1, 16], "rotation": 180, "texture": "#0"},
				"east": {"uv": [0, 0, 1, 16], "rotation": 180, "texture": "#0"},
				"south": {"uv": [0, 0, 1, 16], "texture": "#0"},
				"west": {"uv": [0, 0, 1, 16], "texture": "#0"},
				"up": {"uv": [0, 0, 0.25, 0.25], "texture": "#0"},
				"down": {"uv": [0, 0, 0.25, 0.25], "rotation": 180, "texture": "#0"}
			}
		},
		{
			"from": [0.425, -0.5, 11.15],
			"to": [0.675, 14.3, 11.4],
			"rotation": {"angle": -45, "axis": "x", "origin": [1.5, 4.5, 11.5]},
			"faces": {
				"north": {"uv": [15, 15, 16, 16], "texture": "#0"},
				"south": {"uv": [15, 15, 16, 16], "texture": "#0"},
				"west": {"uv": [15, 15, 16, 16], "texture": "#0"},
				"up": {"uv": [15, 15, 16, 16], "texture": "#0"},
				"down": {"uv": [15, 15, 16, 16], "texture": "#0"}
			}
		},
		{
			"from": [0.675, -0.5, 11.4],
			"to": [0.925, 14, 11.65],
			"rotation": {"angle": -45, "axis": "x", "origin": [1.5, 4.5, 11.5]},
			"faces": {
				"east": {"uv": [14, 15, 15, 16], "texture": "#0"},
				"south": {"uv": [14, 15, 15, 16], "texture": "#0"},
				"west": {"uv": [14, 15, 15, 16], "texture": "#0"},
				"up": {"uv": [14, 15, 15, 16], "texture": "#0"},
				"down": {"uv": [14, 15, 15, 16], "texture": "#0"}
			}
		},
		{
			"from": [0.675, -0.5, 10.9],
			"to": [0.925, 14, 11.15],
			"rotation": {"angle": -45, "axis": "x", "origin": [1.5, 4.5, 11.5]},
			"faces": {
				"north": {"uv": [14, 15, 15, 16], "texture": "#0"},
				"east": {"uv": [14, 15, 15, 16], "texture": "#0"},
				"west": {"uv": [14, 15, 15, 16], "texture": "#0"},
				"up": {"uv": [14, 15, 15, 16], "texture": "#0"},
				"down": {"uv": [14, 15, 15, 16], "texture": "#0"}
			}
		},
		{
			"from": [0.925, -0.5, 11.15],
			"to": [1.175, 14.3, 11.4],
			"rotation": {"angle": -45, "axis": "x", "origin": [1.5, 4.5, 11.5]},
			"faces": {
				"north": {"uv": [15, 15, 16, 16], "texture": "#0"},
				"east": {"uv": [15, 15, 16, 16], "texture": "#0"},
				"south": {"uv": [15, 15, 16, 16], "texture": "#0"},
				"up": {"uv": [15, 15, 16, 16], "texture": "#0"},
				"down": {"uv": [15, 15, 16, 16], "texture": "#0"}
			}
		},
		{
			"from": [0.675, 10.25, 1.8],
			"to": [0.925, 11, 2.8],
			"rotation": {"angle": -45, "axis": "x", "origin": [1.5, 13.5, 2.5]},
			"faces": {
				"north": {"uv": [15, 14, 16, 15], "texture": "#0"},
				"east": {"uv": [15, 14, 16, 15], "texture": "#0"},
				"south": {"uv": [15, 14, 16, 15], "texture": "#0"},
				"west": {"uv": [15, 14, 16, 15], "texture": "#0"},
				"up": {"uv": [15, 14, 16, 15], "texture": "#0"},
				"down": {"uv": [15, 14, 16, 15], "texture": "#0"}
			}
		},
		{
			"from": [0.725, 11, 1.925],
			"to": [0.875, 11.5, 2.675],
			"rotation": {"angle": -45, "axis": "x", "origin": [1.5, 13.5, 2.5]},
			"faces": {
				"north": {"uv": [14, 14, 15, 15], "texture": "#0"},
				"east": {"uv": [14, 14, 15, 15], "texture": "#0"},
				"south": {"uv": [14, 14, 15, 15], "texture": "#0"},
				"west": {"uv": [14, 14, 15, 15], "texture": "#0"},
				"up": {"uv": [14, 14, 15, 15], "texture": "#0"}
			}
		},
		{
			"from": [0.775, 11.5, 2.05],
			"to": [0.825, 11.75, 2.55],
			"rotation": {"angle": -45, "axis": "x", "origin": [1.5, 13.5, 2.5]},
			"faces": {
				"north": {"uv": [13, 14, 14, 15], "texture": "#0"},
				"east": {"uv": [13, 14, 14, 15], "texture": "#0"},
				"south": {"uv": [13, 14, 14, 15], "texture": "#0"},
				"west": {"uv": [13, 14, 14, 15], "texture": "#0"},
				"up": {"uv": [13, 14, 14, 15], "texture": "#0"}
			}
		},
		{
			"from": [-0.2, 4.3, 16],
			"to": [0.55, 4.3, 17.5],
			"rotation": {"angle": 45, "axis": "x", "origin": [1.5, 4.5, 11.5]},
			"faces": {
				"up": {"uv": [14, 14, 15, 15], "texture": "#0"},
				"down": {"uv": [14, 14, 15, 15], "texture": "#0"}
			}
		},
		{
			"from": [1, 4.3, 16],
			"to": [1.75, 4.3, 17.5],
			"rotation": {"angle": 45, "axis": "x", "origin": [0.5, 4.5, 11.5]},
			"faces": {
				"up": {"uv": [15, 14, 16, 15], "texture": "#0"},
				"down": {"uv": [15, 14, 16, 15], "rotation": 180, "texture": "#0"}
			}
		}
	],
	"gui_light": "front",
	"display": {
		"thirdperson_righthand": {
			"rotation": [-45, 0, 0],
			"translation": [6, -2, 1.75]
		},
		"thirdperson_lefthand": {
			"rotation": [-135, -180, 0],
			"translation": [6, -2, 1.75]
		},
		"firstperson_righthand": {
			"rotation": [-20, 0, 0],
			"translation": [7, 3.2, 0],
			"scale": [0.9, 0.9, 0.9]
		},
		"firstperson_lefthand": {
			"rotation": [-110, -180, 0],
			"translation": [7, 3.2, 0],
			"scale": [0.9, 0.9, 0.9]
		},
		"ground": {
			"rotation": [0, -90, -90],
			"translation": [0, -8.75, 0]
		},
		"gui": {
			"rotation": [0, 90, 0],
			"translation": [0, 0.5, 0]
		},
		"fixed": {
			"rotation": [0, -90, 0],
			"translation": [0, 0, 5]
		}
	}
}