{
	"credit": "Made with Blockbench",
	"parent": "crystalpledge:item/headset",
	"texture_size": [32, 32],
	"textures": {
		"2": "crystalpledge:item/explorer_headset"
	},
	"elements": [
		{
			"from": [6, 6.8, 16],
			"to": [10, 10.8, 18],
			"rotation": {"angle": 0, "axis": "y", "origin": [16, 17, 25]},
			"faces": {
				"north": {"uv": [0, 0, 0, 0], "texture": "#3"},
				"east": {"uv": [6, 6, 8, 10], "texture": "#3"},
				"south": {"uv": [2, 6, 6, 10], "texture": "#3"},
				"west": {"uv": [0, 6, 2, 10], "texture": "#3"},
				"up": {"uv": [2, 4, 6, 6], "texture": "#3"},
				"down": {"uv": [2, 10, 6, 12], "texture": "#3"}
			}
		},
		{
			"from": [7.25, 6.75, 17],
			"to": [8.75, 8.25, 22.46],
			"rotation": {"angle": -45, "axis": "x", "origin": [8, 8, 16.5]},
			"faces": {
				"east": {"uv": [14, 3.5, 15, 6.5], "rotation": 270, "texture": "#2"},
				"west": {"uv": [12, 3.5, 13, 6.5], "rotation": 90, "texture": "#2"},
				"up": {"uv": [15, 3.5, 16, 6.5], "rotation": 180, "texture": "#2"},
				"down": {"uv": [13, 3.5, 14, 6.5], "texture": "#2"}
			}
		},
		{
			"from": [7.25, 11.33, 20.1],
			"to": [8.75, 13.57, 21.6],
			"rotation": {"angle": 0, "axis": "x", "origin": [8, 11.5, 21.5]},
			"faces": {
				"north": {"uv": [15, 2, 16, 3.5], "texture": "#2"},
				"east": {"uv": [14, 2, 15, 3.5], "texture": "#2"},
				"south": {"uv": [13, 2, 14, 3.5], "texture": "#2"},
				"west": {"uv": [12, 2, 13, 3.5], "texture": "#2"},
				"down": {"uv": [10.5, 10, 11.5, 11], "texture": "#2"}
			}
		},
		{
			"from": [7.25, 13.25, 18.25],
			"to": [8.75, 14.75, 21.835],
			"rotation": {"angle": 22.5, "axis": "x", "origin": [8, 14.75, 18.75]},
			"faces": {
				"east": {"uv": [14, 0, 15, 2], "rotation": 90, "texture": "#2"},
				"south": {"uv": [10.5, 8, 11.5, 9], "texture": "#2"},
				"west": {"uv": [12, 0, 13, 2], "rotation": 270, "texture": "#2"},
				"up": {"uv": [13, 0, 14, 2], "texture": "#2"},
				"down": {"uv": [15, 0, 16, 2], "rotation": 180, "texture": "#2"}
			}
		},
		{
			"from": [6.75, 12.75, 18],
			"to": [9.25, 15.25, 19],
			"rotation": {"angle": 0, "axis": "y", "origin": [16, 22, 26]},
			"faces": {
				"east": {"uv": [7.5, 6.5, 8, 8], "texture": "#2"},
				"south": {"uv": [6, 6.5, 7.5, 8], "texture": "#2"},
				"west": {"uv": [5.5, 6.5, 6, 8], "texture": "#2"},
				"up": {"uv": [6, 6, 7.5, 6.5], "texture": "#2"},
				"down": {"uv": [6, 8, 7.5, 8.5], "texture": "#2"}
			}
		},
		{
			"from": [16, 13, 7],
			"to": [17, 15, 9],
			"rotation": {"angle": 0, "axis": "y", "origin": [24, 22, 16]},
			"faces": {
				"north": {"uv": [9, 1, 10, 3], "texture": "#3"},
				"east": {"uv": [0, 0, 2, 2], "texture": "#3"},
				"south": {"uv": [10, 1, 11, 3], "texture": "#3"},
				"west": {"uv": [0, 0, 2, 2], "texture": "#3"},
				"up": {"uv": [9, 0, 11, 1], "rotation": 270, "texture": "#3"},
				"down": {"uv": [9, 3, 11, 4], "rotation": 90, "texture": "#3"}
			}
		},
		{
			"from": [7, 13, 16],
			"to": [9, 15, 17],
			"rotation": {"angle": 0, "axis": "y", "origin": [15, 22, 24]},
			"faces": {
				"north": {"uv": [0, 0, 2, 2], "texture": "#3"},
				"east": {"uv": [12, 1, 13, 3], "texture": "#3"},
				"south": {"uv": [0, 0, 2, 2], "texture": "#3"},
				"west": {"uv": [11, 1, 12, 3], "texture": "#3"},
				"up": {"uv": [11, 0, 13, 1], "texture": "#3"},
				"down": {"uv": [11, 3, 13, 4], "texture": "#3"}
			}
		},
		{
			"from": [-1, 13, 7],
			"to": [0, 15, 9],
			"rotation": {"angle": 0, "axis": "y", "origin": [7, 22, 16]},
			"faces": {
				"north": {"uv": [7, 1, 8, 3], "texture": "#3"},
				"east": {"uv": [0, 0, 2, 2], "texture": "#3"},
				"south": {"uv": [8, 1, 9, 3], "texture": "#3"},
				"west": {"uv": [0, 0, 2, 2], "texture": "#3"},
				"up": {"uv": [7, 0, 9, 1], "rotation": 90, "texture": "#3"},
				"down": {"uv": [7, 3, 9, 4], "rotation": 270, "texture": "#3"}
			}
		},
		{
			"from": [3, 12, -2.1],
			"to": [6, 15, -1.9],
			"rotation": {"angle": 0, "axis": "y", "origin": [13, 20, 5]},
			"faces": {
				"north": {"uv": [3, 9, 4.5, 10.5], "texture": "#2"},
				"south": {"uv": [4.5, 9, 3, 10.5], "texture": "#2"}
			}
		},
		{
			"from": [10, 12, -2.1],
			"to": [13, 15, -1.9],
			"rotation": {"angle": 0, "axis": "y", "origin": [20, 20, 5]},
			"faces": {
				"north": {"uv": [3, 9, 4.5, 10.5], "texture": "#2"},
				"south": {"uv": [4.5, 9, 3, 10.5], "texture": "#2"}
			}
		},
		{
			"from": [3, 15, -3],
			"to": [6, 16, -1],
			"rotation": {"angle": 0, "axis": "y", "origin": [13, 23, 6]},
			"faces": {
				"north": {"uv": [3, 7.5, 4.5, 8], "texture": "#2"},
				"east": {"uv": [2, 7.5, 3, 8], "texture": "#2"},
				"south": {"uv": [3, 6, 4.5, 6.5], "rotation": 180, "texture": "#2"},
				"west": {"uv": [4.5, 7.5, 5.5, 8], "texture": "#2"},
				"up": {"uv": [3, 6.5, 4.5, 7.5], "rotation": 180, "texture": "#2"},
				"down": {"uv": [3, 8, 4.5, 9], "rotation": 180, "texture": "#2"}
			}
		},
		{
			"from": [10, 15, -3],
			"to": [13, 16, -1],
			"rotation": {"angle": 0, "axis": "y", "origin": [20, 23, 6]},
			"faces": {
				"north": {"uv": [3, 7.5, 4.5, 8], "texture": "#2"},
				"east": {"uv": [2, 7.5, 3, 8], "texture": "#2"},
				"south": {"uv": [3, 6, 4.5, 6.5], "rotation": 180, "texture": "#2"},
				"west": {"uv": [4.5, 7.5, 5.5, 8], "texture": "#2"},
				"up": {"uv": [3, 6.5, 4.5, 7.5], "rotation": 180, "texture": "#2"},
				"down": {"uv": [3, 8, 4.5, 9], "rotation": 180, "texture": "#2"}
			}
		},
		{
			"from": [3, 11, -3],
			"to": [6, 12, -1],
			"rotation": {"angle": 0, "axis": "y", "origin": [13, 19, 6]},
			"faces": {
				"north": {"uv": [3, 11.5, 4.5, 12], "texture": "#2"},
				"east": {"uv": [2, 11.5, 3, 12], "texture": "#2"},
				"south": {"uv": [3, 13, 4.5, 13.5], "rotation": 180, "texture": "#2"},
				"west": {"uv": [4.5, 11.5, 5.5, 12], "texture": "#2"},
				"up": {"uv": [3, 10.5, 4.5, 11.5], "rotation": 180, "texture": "#2"},
				"down": {"uv": [3, 12, 4.5, 13], "rotation": 180, "texture": "#2"}
			}
		},
		{
			"from": [10, 11, -3],
			"to": [13, 12, -1],
			"rotation": {"angle": 0, "axis": "y", "origin": [20, 19, 6]},
			"faces": {
				"north": {"uv": [3, 11.5, 4.5, 12], "texture": "#2"},
				"east": {"uv": [2, 11.5, 3, 12], "texture": "#2"},
				"south": {"uv": [3, 13, 4.5, 13.5], "rotation": 180, "texture": "#2"},
				"west": {"uv": [4.5, 11.5, 5.5, 12], "texture": "#2"},
				"up": {"uv": [3, 10.5, 4.5, 11.5], "rotation": 180, "texture": "#2"},
				"down": {"uv": [3, 12, 4.5, 13], "rotation": 180, "texture": "#2"}
			}
		},
		{
			"from": [2, 12, -3],
			"to": [3, 15, -1],
			"rotation": {"angle": 0, "axis": "y", "origin": [10, 22, 6]},
			"faces": {
				"north": {"uv": [5.5, 9, 6, 10.5], "texture": "#2"},
				"east": {"uv": [4.5, 9, 5.5, 10.5], "texture": "#2"},
				"south": {"uv": [7, 9, 7.5, 10.5], "texture": "#2"},
				"west": {"uv": [6, 9, 7, 10.5], "texture": "#2"},
				"up": {"uv": [5.5, 8, 6, 9], "rotation": 180, "texture": "#2"},
				"down": {"uv": [5.5, 10.5, 6, 11.5], "rotation": 180, "texture": "#2"}
			}
		},
		{
			"from": [9, 12, -3],
			"to": [10, 15, -1],
			"rotation": {"angle": 0, "axis": "y", "origin": [17, 22, 6]},
			"faces": {
				"north": {"uv": [5.5, 9, 6, 10.5], "texture": "#2"},
				"east": {"uv": [4.5, 9, 5.5, 10.5], "texture": "#2"},
				"south": {"uv": [7, 9, 7.5, 10.5], "texture": "#2"},
				"west": {"uv": [6, 9, 7, 10.5], "texture": "#2"},
				"up": {"uv": [5.5, 8, 6, 9], "rotation": 180, "texture": "#2"},
				"down": {"uv": [5.5, 10.5, 6, 11.5], "rotation": 180, "texture": "#2"}
			}
		},
		{
			"from": [6, 12, -3],
			"to": [7, 15, -1],
			"rotation": {"angle": 0, "axis": "y", "origin": [14, 22, 6]},
			"faces": {
				"north": {"uv": [1.5, 9, 2, 10.5], "texture": "#2"},
				"east": {"uv": [0.5, 9, 1.5, 10.5], "texture": "#2"},
				"south": {"uv": [0, 9, 0.5, 10.5], "texture": "#2"},
				"west": {"uv": [2, 9, 3, 10.5], "texture": "#2"},
				"up": {"uv": [1.5, 8, 2, 9], "rotation": 180, "texture": "#2"},
				"down": {"uv": [1.5, 10.5, 2, 11.5], "rotation": 180, "texture": "#2"}
			}
		},
		{
			"from": [13, 12, -3],
			"to": [14, 15, -1],
			"rotation": {"angle": 0, "axis": "y", "origin": [21, 22, 6]},
			"faces": {
				"north": {"uv": [1.5, 9, 2, 10.5], "texture": "#2"},
				"east": {"uv": [0.5, 9, 1.5, 10.5], "texture": "#2"},
				"south": {"uv": [0, 9, 0.5, 10.5], "texture": "#2"},
				"west": {"uv": [2, 9, 3, 10.5], "texture": "#2"},
				"up": {"uv": [1.5, 8, 2, 9], "rotation": 180, "texture": "#2"},
				"down": {"uv": [1.5, 10.5, 2, 11.5], "rotation": 180, "texture": "#2"}
			}
		},
		{
			"from": [-2, 12, -2],
			"to": [2, 15, -1],
			"rotation": {"angle": 0, "axis": "y", "origin": [8, 22, 6]},
			"faces": {
				"north": {"uv": [0, 0, 2, 1.5], "texture": "#2"},
				"south": {"uv": [8.5, 4, 10.5, 5.5], "texture": "#2"},
				"west": {"uv": [2, 0, 2.5, 1.5], "texture": "#2"},
				"up": {"uv": [0, 0, 2, 0.5], "texture": "#2"},
				"down": {"uv": [0, 1, 2, 1.5], "texture": "#2"}
			}
		},
		{
			"from": [14, 12, -2],
			"to": [18, 15, -1],
			"rotation": {"angle": 0, "axis": "y", "origin": [24, 22, 6]},
			"faces": {
				"north": {"uv": [8.5, 4, 10.5, 5.5], "texture": "#2"},
				"east": {"uv": [8, 4, 8.5, 5.5], "texture": "#2"},
				"south": {"uv": [0, 0, 2, 1.5], "texture": "#2"},
				"up": {"uv": [8.5, 4, 10.5, 4.5], "texture": "#2"},
				"down": {"uv": [8.5, 5, 10.5, 5.5], "texture": "#2"}
			}
		},
		{
			"from": [-2, 11, -1],
			"to": [-1, 15, 1],
			"rotation": {"angle": 0, "axis": "y", "origin": [6, 21, 8]},
			"faces": {
				"north": {"uv": [2.5, 0, 3, 2], "texture": "#2"},
				"east": {"uv": [7, 4, 8, 6], "texture": "#2"},
				"south": {"uv": [0, 0, 0.5, 2], "texture": "#2"},
				"west": {"uv": [2.5, 0, 3.5, 2], "texture": "#2"},
				"up": {"uv": [2.5, 0, 3.5, 0.5], "rotation": 90, "texture": "#2"},
				"down": {"uv": [2.5, 1.5, 3.5, 2], "rotation": 270, "texture": "#2"}
			}
		},
		{
			"from": [17, 11, -1],
			"to": [18, 15, 1],
			"rotation": {"angle": 0, "axis": "y", "origin": [25, 21, 8]},
			"faces": {
				"north": {"uv": [7.5, 4, 8, 6], "texture": "#2"},
				"east": {"uv": [7, 4, 8, 6], "texture": "#2"},
				"south": {"uv": [7, 4, 7.5, 6], "texture": "#2"},
				"west": {"uv": [2.5, 0, 3.5, 2], "texture": "#2"},
				"up": {"uv": [7, 4, 8, 4.5], "rotation": 270, "texture": "#2"},
				"down": {"uv": [7, 5.5, 8, 6], "rotation": 90, "texture": "#2"}
			}
		},
		{
			"from": [17, 11, 1],
			"to": [18, 14, 15],
			"rotation": {"angle": 0, "axis": "y", "origin": [25, 19, 9]},
			"faces": {
				"east": {"uv": [0, 4.5, 7, 6], "texture": "#2"},
				"west": {"uv": [3.5, 0.5, 10.5, 2], "texture": "#2"},
				"up": {"uv": [0, 4.5, 7, 5], "rotation": 270, "texture": "#2"},
				"down": {"uv": [0, 5.5, 7, 6], "rotation": 90, "texture": "#2"}
			}
		},
		{
			"from": [-2, 14, 6],
			"to": [-1, 15, 10],
			"rotation": {"angle": 0, "axis": "y", "origin": [6, 22, 14]},
			"faces": {
				"north": {"uv": [6, 0, 6.5, 0.5], "texture": "#2"},
				"east": {"uv": [2.5, 4, 4.5, 4.5], "texture": "#2"},
				"south": {"uv": [7.5, 0, 8, 0.5], "texture": "#2"},
				"west": {"uv": [6, 0, 8, 0.5], "texture": "#2"},
				"up": {"uv": [6, 0, 8, 0.5], "rotation": 90, "texture": "#2"}
			}
		},
		{
			"from": [17, 14, 6],
			"to": [18, 15, 10],
			"rotation": {"angle": 0, "axis": "y", "origin": [25, 22, 14]},
			"faces": {
				"north": {"uv": [4, 4, 4.5, 4.5], "texture": "#2"},
				"east": {"uv": [2.5, 4, 4.5, 4.5], "texture": "#2"},
				"south": {"uv": [2.5, 4, 3, 4.5], "texture": "#2"},
				"west": {"uv": [6, 0, 8, 0.5], "texture": "#2"},
				"up": {"uv": [2.5, 4, 4.5, 4.5], "rotation": 270, "texture": "#2"}
			}
		},
		{
			"from": [-2, 11, 1],
			"to": [-1, 14, 15],
			"rotation": {"angle": 0, "axis": "y", "origin": [6, 19, 17]},
			"faces": {
				"east": {"uv": [0, 4.5, 7, 6], "texture": "#2"},
				"west": {"uv": [3.5, 0.5, 10.5, 2], "texture": "#2"},
				"up": {"uv": [3.5, 0.5, 10.5, 1], "rotation": 90, "texture": "#2"},
				"down": {"uv": [3.5, 1.5, 10.5, 2], "rotation": 270, "texture": "#2"}
			}
		},
		{
			"from": [-2, 11, 15],
			"to": [-1, 15, 17],
			"rotation": {"angle": 0, "axis": "y", "origin": [6, 19, 23]},
			"faces": {
				"north": {"uv": [10.5, 0, 11, 2], "texture": "#2"},
				"east": {"uv": [10.5, 2.5, 11.5, 4.5], "texture": "#2"},
				"south": {"uv": [11, 0, 11.5, 2], "texture": "#2"},
				"west": {"uv": [10.5, 0, 11.5, 2], "texture": "#2"},
				"up": {"uv": [10.5, 0, 11.5, 0.5], "rotation": 90, "texture": "#2"},
				"down": {"uv": [10.5, 1.5, 11.5, 2], "rotation": 270, "texture": "#2"}
			}
		},
		{
			"from": [17, 11, 15],
			"to": [18, 15, 17],
			"rotation": {"angle": 0, "axis": "y", "origin": [25, 19, 23]},
			"faces": {
				"north": {"uv": [11, 2.5, 11.5, 4.5], "texture": "#2"},
				"east": {"uv": [10.5, 2.5, 11.5, 4.5], "texture": "#2"},
				"south": {"uv": [10.5, 2.5, 11, 4.5], "texture": "#2"},
				"west": {"uv": [10.5, 0, 11.5, 2], "texture": "#2"},
				"up": {"uv": [10.5, 2.5, 11.5, 3], "rotation": 270, "texture": "#2"},
				"down": {"uv": [10.5, 4, 11.5, 4.5], "rotation": 90, "texture": "#2"}
			}
		},
		{
			"from": [-2, 12, 17],
			"to": [18, 15, 18],
			"rotation": {"angle": 0, "axis": "y", "origin": [6, 20, 25]},
			"faces": {
				"north": {"uv": [0, 2.5, 10, 4], "texture": "#2"},
				"east": {"uv": [10, 2.5, 10.5, 4], "texture": "#2"},
				"south": {"uv": [0, 2.5, 10, 4], "texture": "#2"},
				"west": {"uv": [11.5, 0, 12, 1.5], "texture": "#2"},
				"up": {"uv": [0, 2.5, 10, 3], "texture": "#2"},
				"down": {"uv": [0, 3.5, 10, 4], "texture": "#2"}
			}
		},
		{
			"from": [5, 15, 17],
			"to": [11, 16, 18],
			"rotation": {"angle": 0, "axis": "y", "origin": [13, 20, 25]},
			"faces": {
				"north": {"uv": [0, 0, 3, 0.5], "texture": "#2"},
				"east": {"uv": [0, 0, 0.5, 0.5], "texture": "#2"},
				"south": {"uv": [3.5, 2, 6.5, 2.5], "texture": "#2"},
				"west": {"uv": [0, 0, 0.5, 0.5], "texture": "#2"},
				"up": {"uv": [0, 0, 3, 0.5], "texture": "#2"}
			}
		}
	]
}