{
	"credit": "Made with Blockbench",
	"textures": {
		"2": "crystalpledge:item/warrior_headset",
		"3": "crystalpledge:item/headset",
		"4": "crystalpledge:player/steve"
	},
	"elements": [
		{
			"from": [0, 0, 0],
			"to": [16, 16, 16],
			"faces": {
				"north": {"uv": [2, 2, 4, 4], "texture": "#4"},
				"east": {"uv": [0, 2, 2, 4], "texture": "#4"},
				"south": {"uv": [6, 2, 8, 4], "texture": "#4"},
				"west": {"uv": [4, 2, 6, 4], "texture": "#4"},
				"up": {"uv": [2, 0, 4, 2], "texture": "#4"},
				"down": {"uv": [4, 0, 6, 2], "texture": "#4"}
			}
		},
		{
			"from": [6, 7, 16],
			"to": [10, 11, 18],
			"rotation": {"angle": 0, "axis": "y", "origin": [16, 18, 25]},
			"faces": {
				"east": {"uv": [6, 6, 8, 10], "texture": "#3"},
				"south": {"uv": [2, 6, 6, 10], "texture": "#3"},
				"west": {"uv": [0, 6, 2, 10], "texture": "#3"},
				"up": {"uv": [2, 4, 6, 6], "texture": "#3"},
				"down": {"uv": [2, 10, 6, 12], "texture": "#3"}
			}
		},
		{
			"from": [-2, 13, -2],
			"to": [-1, 15, 18],
			"rotation": {"angle": 0, "axis": "y", "origin": [6, 22, 8]},
			"faces": {
				"north": {"uv": [0, 0, 1, 2], "texture": "#2"},
				"east": {"uv": [0, 0, 16, 2], "texture": "#2"},
				"south": {"uv": [0, 0, 1, 2], "texture": "#2"},
				"west": {"uv": [0, 0, 16, 2], "texture": "#2"},
				"up": {"uv": [0, 0, 1, 16], "texture": "#2"},
				"down": {"uv": [0, 0, 1, 16], "texture": "#2"}
			}
		},
		{
			"from": [17, 13, -2],
			"to": [18, 15, 18],
			"rotation": {"angle": 0, "axis": "y", "origin": [25, 22, 8]},
			"faces": {
				"north": {"uv": [0, 0, 1, 2], "texture": "#2"},
				"east": {"uv": [0, 0, 16, 2], "texture": "#2"},
				"south": {"uv": [0, 0, 1, 2], "texture": "#2"},
				"west": {"uv": [0, 0, 16, 2], "texture": "#2"},
				"up": {"uv": [0, 0, 1, 16], "texture": "#2"},
				"down": {"uv": [0, 0, 1, 16], "texture": "#2"}
			}
		},
		{
			"from": [-1, 13, 17],
			"to": [17, 15, 18],
			"rotation": {"angle": 0, "axis": "y", "origin": [8, 21, 25]},
			"faces": {
				"north": {"uv": [0, 0, 16, 2], "texture": "#2"},
				"east": {"uv": [0, 0, 1, 2], "texture": "#2"},
				"south": {"uv": [0, 0, 16, 2], "texture": "#2"},
				"west": {"uv": [0, 0, 1, 2], "texture": "#2"},
				"up": {"uv": [0, 0, 16, 1], "texture": "#2"},
				"down": {"uv": [0, 0, 16, 1], "texture": "#2"}
			}
		},
		{
			"from": [-1, 13, -2],
			"to": [4, 15, -1],
			"rotation": {"angle": 0, "axis": "y", "origin": [8, 22, 6]},
			"faces": {
				"north": {"uv": [0, 0, 5, 2], "texture": "#2"},
				"east": {"uv": [0, 0, 1, 2], "texture": "#2"},
				"south": {"uv": [0, 0, 5, 2], "texture": "#2"},
				"west": {"uv": [0, 0, 1, 2], "texture": "#2"},
				"up": {"uv": [0, 0, 5, 1], "texture": "#2"},
				"down": {"uv": [0, 0, 5, 1], "texture": "#2"}
			}
		},
		{
			"from": [12, 13, -2],
			"to": [17, 15, -1],
			"rotation": {"angle": 0, "axis": "y", "origin": [20, 22, 6]},
			"faces": {
				"north": {"uv": [0, 0, 5, 2], "texture": "#2"},
				"east": {"uv": [0, 0, 1, 2], "texture": "#2"},
				"south": {"uv": [0, 0, 5, 2], "texture": "#2"},
				"west": {"uv": [0, 0, 1, 2], "texture": "#2"},
				"up": {"uv": [0, 0, 5, 1], "texture": "#2"},
				"down": {"uv": [0, 0, 5, 1], "texture": "#2"}
			}
		},
		{
			"from": [-1, -1, -1],
			"to": [17, 17, 17],
			"rotation": {"angle": 0, "axis": "y", "origin": [7, 7, 7]},
			"faces": {
				"north": {"uv": [10, 2, 12, 4], "texture": "#4"},
				"east": {"uv": [14, 2, 16, 4], "texture": "#4"},
				"south": {"uv": [14, 2, 16, 4], "texture": "#4"},
				"west": {"uv": [12, 2, 14, 4], "texture": "#4"},
				"up": {"uv": [10, 0, 12, 2], "texture": "#4"},
				"down": {"uv": [8, 0, 10, 2], "texture": "#4"}
			}
		},
		{
			"from": [16, 13, 7],
			"to": [17, 15, 9],
			"rotation": {"angle": 0, "axis": "y", "origin": [24, 22, 16]},
			"faces": {
				"north": {"uv": [12, 1, 13, 3], "texture": "#3"},
				"south": {"uv": [11, 1, 12, 3], "texture": "#3"},
				"up": {"uv": [11, 0, 13, 1], "rotation": 270, "texture": "#3"},
				"down": {"uv": [11, 3, 13, 4], "rotation": 90, "texture": "#3"}
			}
		},
		{
			"from": [-1, 13, 7],
			"to": [0, 15, 9],
			"rotation": {"angle": 0, "axis": "y", "origin": [7, 22, 16]},
			"faces": {
				"north": {"uv": [7, 1, 8, 3], "texture": "#3"},
				"south": {"uv": [8, 1, 9, 3], "texture": "#3"},
				"up": {"uv": [7, 0, 9, 1], "rotation": 90, "texture": "#3"},
				"down": {"uv": [7, 3, 9, 4], "rotation": 270, "texture": "#3"}
			}
		},
		{
			"from": [7, 13, 16],
			"to": [9, 15, 17],
			"rotation": {"angle": 0, "axis": "y", "origin": [15, 22, 24]},
			"faces": {
				"east": {"uv": [10, 1, 11, 3], "texture": "#3"},
				"west": {"uv": [9, 1, 10, 3], "texture": "#3"},
				"up": {"uv": [9, 0, 11, 1], "texture": "#3"},
				"down": {"uv": [9, 3, 11, 4], "texture": "#3"}
			}
		}
	],
	"display": {
		"thirdperson_righthand": {
			"rotation": [0, 0, -90],
			"translation": [-3.75, -1.75, -3.25],
			"scale": [0.5, 0.5, 0.5]
		},
		"firstperson_righthand": {
			"rotation": [90, 0, -180],
			"translation": [2.25, 3.75, 2],
			"scale": [0.5, 0.5, 0.5]
		},
		"ground": {
			"translation": [0, -8.5, 0]
		},
		"gui": {
			"rotation": [-160, 45, -180],
			"translation": [0, -3.25, 0],
			"scale": [0.6, 0.6, 0.6]
		},
		"head": {
			"scale": [0.8, 0.8, 0.8]
		},
		"fixed": {
			"rotation": [-90, 0, 0],
			"translation": [0, 0, 4],
			"scale": [0.8, 0.8, 0.8]
		}
	}
}