{
	"credit": "Made with Blockbench",
	"parent": "crystalpledge:item/headset",
	"texture_size": [128, 128],
	"textures": {
		"3": "crystalpledge:item/headset",
		"herbalist_headset": "crystalpledge:item/herbalist_headset",
		"particle": "crystalpledge:item/herbalist_headset"
	},
	"elements": [
		{
			"name": "Element",
			"from": [6, 7, 16],
			"to": [10, 11, 18],
			"faces": {
				"east": {"uv": [6, 6, 8, 10], "texture": "#3", "cullface": "south"},
				"south": {"uv": [2, 6, 6, 10], "texture": "#3", "cullface": "south"},
				"west": {"uv": [0, 6, 2, 10], "texture": "#3", "cullface": "south"},
				"up": {"uv": [2, 4, 6, 6], "texture": "#3", "cullface": "south"},
				"down": {"uv": [2, 10, 6, 12], "texture": "#3", "cullface": "south"}
			}
		},
		{
			"name": "Element",
			"from": [16, 13, 7],
			"to": [17, 15, 9],
			"faces": {
				"north": {"uv": [12, 1, 13, 3], "texture": "#3", "cullface": "east"},
				"south": {"uv": [11, 1, 12, 3], "texture": "#3", "cullface": "east"},
				"up": {"uv": [11, 0, 13, 1], "rotation": 270, "texture": "#3", "cullface": "east"},
				"down": {"uv": [11, 3, 13, 4], "rotation": 90, "texture": "#3", "cullface": "east"}
			}
		},
		{
			"name": "Element",
			"from": [-1, 13, 7],
			"to": [0, 15, 9],
			"faces": {
				"north": {"uv": [7, 1, 8, 3], "texture": "#3", "cullface": "west"},
				"south": {"uv": [8, 1, 9, 3], "texture": "#3", "cullface": "west"},
				"up": {"uv": [7, 0, 9, 1], "rotation": 90, "texture": "#3", "cullface": "west"},
				"down": {"uv": [7, 3, 9, 4], "rotation": 270, "texture": "#3", "cullface": "west"}
			}
		},
		{
			"name": "Element",
			"from": [7, 13, 16],
			"to": [9, 15, 17],
			"faces": {
				"east": {"uv": [10, 1, 11, 3], "texture": "#3", "cullface": "south"},
				"west": {"uv": [9, 1, 10, 3], "texture": "#3", "cullface": "south"},
				"up": {"uv": [9, 0, 11, 1], "texture": "#3", "cullface": "south"},
				"down": {"uv": [9, 3, 11, 4], "texture": "#3", "cullface": "south"}
			}
		},
		{
			"name": "Voxels",
			"from": [-2.5, 10, 3.5],
			"to": [-1.5, 11.5, 4],
			"faces": {
				"north": {"uv": [5.25, 8.875, 5, 9.25], "texture": "#herbalist_headset", "cullface": "west"},
				"east": {"uv": [6.625, 12.75, 6.5, 13.125], "texture": "#herbalist_headset", "cullface": "west"},
				"south": {"uv": [5, 9.25, 5.25, 9.625], "texture": "#herbalist_headset", "cullface": "west"},
				"west": {"uv": [6.5, 12.375, 6.625, 12.75], "texture": "#herbalist_headset", "cullface": "west"},
				"up": {"uv": [6.875, 11.25, 7.125, 11.125], "texture": "#herbalist_headset", "cullface": "west"},
				"down": {"uv": [7.375, 15.5, 7.625, 15.625], "texture": "#herbalist_headset", "cullface": "west"}
			}
		},
		{
			"name": "Voxels",
			"from": [-2.5, 10, 8.5],
			"to": [-1.5, 12.5, 9],
			"faces": {
				"north": {"uv": [1.5, 8.375, 1.25, 9], "texture": "#herbalist_headset", "cullface": "west"},
				"east": {"uv": [5.875, 12.625, 5.75, 13.25], "texture": "#herbalist_headset", "cullface": "west"},
				"south": {"uv": [1.75, 9, 2, 9.625], "texture": "#herbalist_headset", "cullface": "west"},
				"west": {"uv": [5.875, 12.625, 6, 13.25], "texture": "#herbalist_headset", "cullface": "west"},
				"up": {"uv": [6.875, 11, 7.125, 10.875], "texture": "#herbalist_headset", "cullface": "west"},
				"down": {"uv": [6.875, 11, 7.125, 11.125], "texture": "#herbalist_headset", "cullface": "west"}
			}
		},
		{
			"name": "Voxels",
			"from": [-2.5, 10.5, 3],
			"to": [-1.5, 12, 3.5],
			"faces": {
				"north": {"uv": [5.25, 11.125, 5, 11.5], "texture": "#herbalist_headset", "cullface": "west"},
				"east": {"uv": [6.625, 13.5, 6.5, 13.875], "texture": "#herbalist_headset", "cullface": "west"},
				"south": {"uv": [5, 11.5, 5.25, 11.875], "texture": "#herbalist_headset", "cullface": "west"},
				"west": {"uv": [6.5, 13.125, 6.625, 13.5], "texture": "#herbalist_headset", "cullface": "west"},
				"up": {"uv": [6.875, 10.75, 7.125, 10.625], "texture": "#herbalist_headset", "cullface": "west"},
				"down": {"uv": [6.875, 10.75, 7.125, 10.875], "texture": "#herbalist_headset", "cullface": "west"}
			}
		},
		{
			"name": "Voxels",
			"from": [-2.5, 10.5, 4],
			"to": [-1.5, 12.5, 4.5],
			"faces": {
				"north": {"uv": [3.5, 8.75, 3.25, 9.25], "texture": "#herbalist_headset", "cullface": "west"},
				"east": {"uv": [5.5, 10.5, 5.375, 11], "texture": "#herbalist_headset", "cullface": "west"},
				"south": {"uv": [3.25, 8.25, 3.5, 8.75], "texture": "#herbalist_headset", "cullface": "west"},
				"west": {"uv": [5.25, 10.5, 5.375, 11], "texture": "#herbalist_headset", "cullface": "west"},
				"up": {"uv": [6.875, 10.5, 7.125, 10.375], "texture": "#herbalist_headset", "cullface": "west"},
				"down": {"uv": [6.875, 10.5, 7.125, 10.625], "texture": "#herbalist_headset", "cullface": "west"}
			}
		},
		{
			"name": "Voxels",
			"from": [-2.5, 11, 9],
			"to": [-1.5, 12, 9.5],
			"faces": {
				"north": {"uv": [0, 0, 0, 0], "texture": "#herbalist_headset"},
				"east": {"uv": [7, 9.875, 6.875, 10.125], "texture": "#herbalist_headset", "cullface": "west"},
				"south": {"uv": [5.75, 10.75, 6, 11], "texture": "#herbalist_headset", "cullface": "west"},
				"west": {"uv": [7.125, 11.25, 7.25, 11.5], "texture": "#herbalist_headset", "cullface": "west"},
				"up": {"uv": [6.875, 10.25, 7.125, 10.125], "texture": "#herbalist_headset", "cullface": "west"},
				"down": {"uv": [6.875, 10.25, 7.125, 10.375], "texture": "#herbalist_headset", "cullface": "west"}
			}
		},
		{
			"name": "Voxels",
			"from": [-2.5, 11.5, 2.5],
			"to": [-1.5, 13, 3],
			"faces": {
				"north": {"uv": [4.875, 8.125, 4.625, 8.5], "texture": "#herbalist_headset", "cullface": "west"},
				"east": {"uv": [6.75, 13.25, 6.625, 13.625], "texture": "#herbalist_headset", "cullface": "west"},
				"south": {"uv": [5, 13.375, 5.25, 13.75], "texture": "#herbalist_headset", "cullface": "west"},
				"west": {"uv": [2.625, 8, 2.75, 8.375], "texture": "#herbalist_headset", "cullface": "west"},
				"up": {"uv": [7, 10, 7.25, 9.875], "texture": "#herbalist_headset", "cullface": "west"},
				"down": {"uv": [7, 10, 7.25, 10.125], "texture": "#herbalist_headset", "cullface": "west"}
			}
		},
		{
			"name": "Voxels",
			"from": [-2.5, 11.5, 4.5],
			"to": [-1.5, 13.5, 5],
			"faces": {
				"north": {"uv": [4.25, 9.25, 4, 9.75], "texture": "#herbalist_headset", "cullface": "west"},
				"east": {"uv": [5.75, 9.375, 5.625, 9.875], "texture": "#herbalist_headset", "cullface": "west"},
				"south": {"uv": [4.25, 9.25, 4.5, 9.75], "texture": "#herbalist_headset", "cullface": "west"},
				"west": {"uv": [5.5, 9.375, 5.625, 9.875], "texture": "#herbalist_headset", "cullface": "west"},
				"up": {"uv": [6.875, 9.75, 7.125, 9.625], "texture": "#herbalist_headset", "cullface": "west"},
				"down": {"uv": [6.875, 9.75, 7.125, 9.875], "texture": "#herbalist_headset", "cullface": "west"}
			}
		},
		{
			"name": "Voxels",
			"from": [-2.5, 11.5, 8],
			"to": [-1.5, 13.5, 8.5],
			"faces": {
				"north": {"uv": [0.25, 8, 0, 8.5], "texture": "#herbalist_headset", "cullface": "west"},
				"east": {"uv": [6.125, 14.75, 6, 15.25], "texture": "#herbalist_headset", "cullface": "west"},
				"south": {"uv": [0.75, 10, 1, 10.5], "texture": "#herbalist_headset", "cullface": "west"},
				"west": {"uv": [5.25, 8.625, 5.375, 9.125], "texture": "#herbalist_headset", "cullface": "west"},
				"up": {"uv": [6.875, 9.5, 7.125, 9.375], "texture": "#herbalist_headset", "cullface": "west"},
				"down": {"uv": [6.875, 9.5, 7.125, 9.625], "texture": "#herbalist_headset", "cullface": "west"}
			}
		},
		{
			"name": "Voxels",
			"from": [-2.5, 11.5, 9.5],
			"to": [-1.5, 13, 10],
			"faces": {
				"north": {"uv": [4.25, 8.125, 4, 8.5], "texture": "#herbalist_headset", "cullface": "west"},
				"east": {"uv": [6.75, 14, 6.625, 14.375], "texture": "#herbalist_headset", "cullface": "west"},
				"south": {"uv": [2.375, 8, 2.625, 8.375], "texture": "#herbalist_headset", "cullface": "west"},
				"west": {"uv": [6.75, 13.625, 6.875, 14], "texture": "#herbalist_headset", "cullface": "west"},
				"up": {"uv": [6.875, 9.25, 7.125, 9.125], "texture": "#herbalist_headset", "cullface": "west"},
				"down": {"uv": [6.875, 9.25, 7.125, 9.375], "texture": "#herbalist_headset", "cullface": "west"}
			}
		},
		{
			"name": "Voxels",
			"from": [-2.5, 12, 5],
			"to": [-1.5, 15, 5.5],
			"faces": {
				"north": {"uv": [1.25, 9, 1, 9.75], "texture": "#herbalist_headset", "cullface": "west"},
				"east": {"uv": [5.25, 10, 5.125, 10.75], "texture": "#herbalist_headset", "cullface": "west"},
				"south": {"uv": [1, 8.25, 1.25, 9], "texture": "#herbalist_headset", "cullface": "west"},
				"west": {"uv": [5, 10, 5.125, 10.75], "texture": "#herbalist_headset", "cullface": "west"},
				"up": {"uv": [6.875, 8.75, 7.125, 8.625], "texture": "#herbalist_headset", "cullface": "west"},
				"down": {"uv": [6.875, 9, 7.125, 9.125], "texture": "#herbalist_headset", "cullface": "west"}
			}
		},
		{
			"name": "Voxels",
			"from": [-2.5, 12, 10],
			"to": [-1.5, 14.5, 10.5],
			"faces": {
				"north": {"uv": [1.5, 9.625, 1.25, 10.25], "texture": "#herbalist_headset", "cullface": "west"},
				"east": {"uv": [5.375, 11.875, 5.25, 12.5], "texture": "#herbalist_headset", "cullface": "west"},
				"south": {"uv": [1.5, 9.625, 1.75, 10.25], "texture": "#herbalist_headset", "cullface": "west"},
				"west": {"uv": [5.625, 11.875, 5.75, 12.5], "texture": "#herbalist_headset", "cullface": "west"},
				"up": {"uv": [6.875, 8.5, 7.125, 8.375], "texture": "#herbalist_headset", "cullface": "west"},
				"down": {"uv": [6.875, 8.5, 7.125, 8.625], "texture": "#herbalist_headset", "cullface": "west"}
			}
		},
		{
			"name": "Voxels",
			"from": [-2.5, 12.5, 2],
			"to": [-1.5, 13.5, 2.5],
			"faces": {
				"north": {"uv": [6.25, 15.5, 6, 15.75], "texture": "#herbalist_headset", "cullface": "west"},
				"east": {"uv": [7.375, 15.75, 7.25, 16], "texture": "#herbalist_headset", "cullface": "west"},
				"south": {"uv": [6.25, 15.5, 6.5, 15.75], "texture": "#herbalist_headset", "cullface": "west"},
				"west": {"uv": [7.125, 8.75, 7.25, 9], "texture": "#herbalist_headset", "cullface": "west"},
				"up": {"uv": [6.875, 8.25, 7.125, 8.125], "texture": "#herbalist_headset", "cullface": "west"},
				"down": {"uv": [6.875, 8.25, 7.125, 8.375], "texture": "#herbalist_headset", "cullface": "west"}
			}
		},
		{
			"name": "Voxels",
			"from": [-2.5, 13, 1.5],
			"to": [-1, 14, 2],
			"faces": {
				"north": {"uv": [6, 15.25, 5.625, 15.5], "texture": "#herbalist_headset", "cullface": "west"},
				"east": {"uv": [7.375, 15.25, 7.25, 15.5], "texture": "#herbalist_headset", "cullface": "west"},
				"south": {"uv": [5.25, 15.25, 5.625, 15.5], "texture": "#herbalist_headset", "cullface": "west"},
				"west": {"uv": [7.25, 15.5, 7.375, 15.75], "texture": "#herbalist_headset", "cullface": "west"},
				"up": {"uv": [6.875, 13.125, 7.25, 13], "texture": "#herbalist_headset", "cullface": "west"},
				"down": {"uv": [6.875, 12.875, 7.25, 13], "texture": "#herbalist_headset", "cullface": "west"}
			}
		},
		{
			"name": "Voxels",
			"from": [-2.5, 13, 7.5],
			"to": [-1, 14.5, 8],
			"faces": {
				"north": {"uv": [1.875, 8, 1.5, 8.375], "texture": "#herbalist_headset", "cullface": "west"},
				"east": {"uv": [0, 0, 0, 0], "texture": "#herbalist_headset"},
				"south": {"uv": [2.375, 9.875, 2.75, 10.25], "texture": "#herbalist_headset", "cullface": "west"},
				"west": {"uv": [6.75, 15.125, 6.875, 15.5], "texture": "#herbalist_headset", "cullface": "west"},
				"up": {"uv": [6.875, 13.5, 7.25, 13.375], "texture": "#herbalist_headset", "cullface": "west"},
				"down": {"uv": [6.875, 13.25, 7.25, 13.375], "texture": "#herbalist_headset", "cullface": "west"}
			}
		},
		{
			"name": "Voxels",
			"from": [-2.5, 13, 13],
			"to": [-1, 14, 13.5],
			"faces": {
				"north": {"uv": [4.875, 8.5, 4.5, 8.75], "texture": "#herbalist_headset", "cullface": "west"},
				"east": {"uv": [7.375, 14.75, 7.25, 15], "texture": "#herbalist_headset", "cullface": "west"},
				"south": {"uv": [5.625, 15, 6, 15.25], "texture": "#herbalist_headset", "cullface": "west"},
				"west": {"uv": [7.25, 15, 7.375, 15.25], "texture": "#herbalist_headset", "cullface": "west"},
				"up": {"uv": [6.875, 14, 7.25, 13.875], "texture": "#herbalist_headset", "cullface": "west"},
				"down": {"uv": [6.875, 13.75, 7.25, 13.875], "texture": "#herbalist_headset", "cullface": "west"}
			}
		},
		{
			"name": "Voxels",
			"from": [-2.5, 13, 13.5],
			"to": [-1, 13.5, 14],
			"faces": {
				"north": {"uv": [0, 0, 0, 0], "texture": "#herbalist_headset"},
				"east": {"uv": [12.375, 15.875, 12.25, 16], "texture": "#herbalist_headset", "cullface": "west"},
				"south": {"uv": [6.875, 14.375, 7.25, 14.5], "texture": "#herbalist_headset", "cullface": "west"},
				"west": {"uv": [12.375, 15.875, 12.5, 16], "texture": "#herbalist_headset", "cullface": "west"},
				"up": {"uv": [6.875, 14.25, 7.25, 14.125], "texture": "#herbalist_headset", "cullface": "west"},
				"down": {"uv": [6.875, 14, 7.25, 14.125], "texture": "#herbalist_headset", "cullface": "west"}
			}
		},
		{
			"name": "Voxels",
			"from": [-2.5, 13.5, 1],
			"to": [-1, 14, 1.5],
			"faces": {
				"north": {"uv": [7.25, 15.25, 6.875, 15.375], "texture": "#herbalist_headset", "cullface": "west"},
				"east": {"uv": [12.125, 15.875, 12, 16], "texture": "#herbalist_headset", "cullface": "west"},
				"south": {"uv": [0, 0, 0, 0], "texture": "#herbalist_headset"},
				"west": {"uv": [12.125, 15.875, 12.25, 16], "texture": "#herbalist_headset", "cullface": "west"},
				"up": {"uv": [6.875, 15, 7.25, 14.875], "texture": "#herbalist_headset", "cullface": "west"},
				"down": {"uv": [6.875, 14.75, 7.25, 14.875], "texture": "#herbalist_headset", "cullface": "west"}
			}
		},
		{
			"name": "Voxels",
			"from": [-2.5, 13.5, 5.5],
			"to": [-1, 14, 6],
			"faces": {
				"north": {"uv": [7.25, 15.75, 6.875, 15.875], "texture": "#herbalist_headset", "cullface": "west"},
				"east": {"uv": [11.875, 15.875, 11.75, 16], "texture": "#herbalist_headset", "cullface": "west"},
				"south": {"uv": [6.875, 15.875, 7.25, 16], "texture": "#herbalist_headset", "cullface": "west"},
				"west": {"uv": [10.625, 15.875, 10.75, 16], "texture": "#herbalist_headset", "cullface": "west"},
				"up": {"uv": [6.875, 15.75, 7.25, 15.625], "texture": "#herbalist_headset", "cullface": "west"},
				"down": {"uv": [6.875, 15.5, 7.25, 15.625], "texture": "#herbalist_headset", "cullface": "west"}
			}
		},
		{
			"name": "Voxels",
			"from": [-2.5, 13.5, 10.5],
			"to": [-1, 14, 11],
			"faces": {
				"north": {"uv": [7.25, 12.125, 6.875, 12.25], "texture": "#herbalist_headset", "cullface": "west"},
				"east": {"uv": [11.625, 15.875, 11.5, 16], "texture": "#herbalist_headset", "cullface": "west"},
				"south": {"uv": [6.875, 12.25, 7.25, 12.375], "texture": "#herbalist_headset", "cullface": "west"},
				"west": {"uv": [11.625, 15.875, 11.75, 16], "texture": "#herbalist_headset", "cullface": "west"},
				"up": {"uv": [4.625, 8.125, 5, 8], "texture": "#herbalist_headset", "cullface": "west"},
				"down": {"uv": [5.625, 8.625, 6, 8.75], "texture": "#herbalist_headset", "cullface": "west"}
			}
		},
		{
			"name": "Voxels",
			"from": [-2.5, 13.5, 12],
			"to": [-1, 14, 13],
			"faces": {
				"north": {"uv": [7.25, 13.5, 6.875, 13.625], "texture": "#herbalist_headset", "cullface": "west"},
				"east": {"uv": [7.625, 15.25, 7.375, 15.375], "texture": "#herbalist_headset", "cullface": "west"},
				"south": {"uv": [0, 0, 0, 0], "texture": "#herbalist_headset"},
				"west": {"uv": [7.375, 15.375, 7.625, 15.5], "texture": "#herbalist_headset", "cullface": "west"},
				"up": {"uv": [5.625, 14.25, 6, 14], "texture": "#herbalist_headset", "cullface": "west"},
				"down": {"uv": [5.25, 14, 5.625, 14.25], "texture": "#herbalist_headset", "cullface": "west"}
			}
		},
		{
			"name": "Voxels",
			"from": [-2.5, 14, 5.5],
			"to": [-1.5, 16, 6],
			"faces": {
				"north": {"uv": [3.25, 8, 3, 8.5], "texture": "#herbalist_headset", "cullface": "west"},
				"east": {"uv": [6.375, 14.75, 6.25, 15.25], "texture": "#herbalist_headset", "cullface": "west"},
				"south": {"uv": [3.25, 9.25, 3.5, 9.75], "texture": "#herbalist_headset", "cullface": "west"},
				"west": {"uv": [6.125, 14.75, 6.25, 15.25], "texture": "#herbalist_headset", "cullface": "west"},
				"up": {"uv": [7.375, 14.875, 7.625, 14.75], "texture": "#herbalist_headset", "cullface": "west"},
				"down": {"uv": [0, 0, 0, 0], "texture": "#herbalist_headset"}
			}
		},
		{
			"name": "Voxels",
			"from": [-2.5, 14, 7],
			"to": [-1, 15, 7.5],
			"faces": {
				"north": {"uv": [4.625, 8.25, 4.25, 8.5], "texture": "#herbalist_headset", "cullface": "west"},
				"east": {"uv": [0, 0, 0, 0], "texture": "#herbalist_headset"},
				"south": {"uv": [4.25, 8, 4.625, 8.25], "texture": "#herbalist_headset", "cullface": "west"},
				"west": {"uv": [7.25, 14.5, 7.375, 14.75], "texture": "#herbalist_headset", "cullface": "west"},
				"up": {"uv": [6.875, 15.25, 7.25, 15.125], "texture": "#herbalist_headset", "cullface": "west"},
				"down": {"uv": [6.875, 15, 7.25, 15.125], "texture": "#herbalist_headset", "cullface": "west"}
			}
		},
		{
			"name": "Voxels",
			"from": [-2.5, 14, 10.5],
			"to": [-1.5, 15.5, 11],
			"faces": {
				"north": {"uv": [5.25, 14.5, 5, 14.875], "texture": "#herbalist_headset", "cullface": "west"},
				"east": {"uv": [6.625, 12, 6.5, 12.375], "texture": "#herbalist_headset", "cullface": "west"},
				"south": {"uv": [5, 14.125, 5.25, 14.5], "texture": "#herbalist_headset", "cullface": "west"},
				"west": {"uv": [6.5, 10.875, 6.625, 11.25], "texture": "#herbalist_headset", "cullface": "west"},
				"up": {"uv": [7.375, 14.375, 7.625, 14.25], "texture": "#herbalist_headset", "cullface": "west"},
				"down": {"uv": [0, 0, 0, 0], "texture": "#herbalist_headset"}
			}
		},
		{
			"name": "Voxels",
			"from": [-2.5, 14, 11.5],
			"to": [-1.5, 15.5, 12],
			"faces": {
				"north": {"uv": [5.25, 12.25, 5, 12.625], "texture": "#herbalist_headset", "cullface": "west"},
				"east": {"uv": [2, 8, 1.875, 8.375], "texture": "#herbalist_headset", "cullface": "west"},
				"south": {"uv": [5, 10.75, 5.25, 11.125], "texture": "#herbalist_headset", "cullface": "west"},
				"west": {"uv": [6.75, 14.75, 6.875, 15.125], "texture": "#herbalist_headset", "cullface": "west"},
				"up": {"uv": [7.375, 14.125, 7.625, 14], "texture": "#herbalist_headset", "cullface": "west"},
				"down": {"uv": [7.375, 14.125, 7.625, 14.25], "texture": "#herbalist_headset", "cullface": "west"}
			}
		},
		{
			"name": "Voxels",
			"from": [-2.5, 14, 12],
			"to": [-1.5, 14.5, 12.5],
			"faces": {
				"north": {"uv": [0, 0, 0, 0], "texture": "#herbalist_headset"},
				"east": {"uv": [11.375, 15.875, 11.25, 16], "texture": "#herbalist_headset", "cullface": "west"},
				"south": {"uv": [7.375, 13.25, 7.625, 13.375], "texture": "#herbalist_headset", "cullface": "west"},
				"west": {"uv": [11.375, 15.875, 11.5, 16], "texture": "#herbalist_headset", "cullface": "west"},
				"up": {"uv": [7.375, 13.625, 7.625, 13.5], "texture": "#herbalist_headset", "cullface": "west"},
				"down": {"uv": [0, 0, 0, 0], "texture": "#herbalist_headset"}
			}
		},
		{
			"name": "Voxels",
			"from": [-2.5, 15, 6],
			"to": [-1.5, 16.5, 7],
			"faces": {
				"north": {"uv": [5.25, 14.875, 5, 15.25], "texture": "#herbalist_headset", "cullface": "west"},
				"east": {"uv": [5.25, 9.625, 5, 10], "texture": "#herbalist_headset", "cullface": "west"},
				"south": {"uv": [5, 15.625, 5.25, 16], "texture": "#herbalist_headset", "cullface": "west"},
				"west": {"uv": [1.25, 8, 1.5, 8.375], "texture": "#herbalist_headset", "cullface": "west"},
				"up": {"uv": [6.25, 12.875, 6.5, 12.625], "texture": "#herbalist_headset", "cullface": "west"},
				"down": {"uv": [6, 12.625, 6.25, 12.875], "texture": "#herbalist_headset", "cullface": "west"}
			}
		},
		{
			"name": "Voxels",
			"from": [-2.5, 15, 7],
			"to": [-1.5, 16, 7.5],
			"faces": {
				"north": {"uv": [0, 0, 0, 0], "texture": "#herbalist_headset"},
				"east": {"uv": [7.375, 13.25, 7.25, 13.5], "texture": "#herbalist_headset", "cullface": "west"},
				"south": {"uv": [6.25, 10.625, 6.5, 10.875], "texture": "#herbalist_headset", "cullface": "west"},
				"west": {"uv": [7.25, 13.5, 7.375, 13.75], "texture": "#herbalist_headset", "cullface": "west"},
				"up": {"uv": [7.375, 12.875, 7.625, 12.75], "texture": "#herbalist_headset", "cullface": "west"},
				"down": {"uv": [0, 0, 0, 0], "texture": "#herbalist_headset"}
			}
		},
		{
			"name": "Voxels",
			"from": [-2.5, 15, 11],
			"to": [-1.5, 16, 11.5],
			"faces": {
				"north": {"uv": [6.25, 10.375, 6, 10.625], "texture": "#herbalist_headset", "cullface": "west"},
				"east": {"uv": [7.375, 12.75, 7.25, 13], "texture": "#herbalist_headset", "cullface": "west"},
				"south": {"uv": [6.25, 10.375, 6.5, 10.625], "texture": "#herbalist_headset", "cullface": "west"},
				"west": {"uv": [7.25, 13, 7.375, 13.25], "texture": "#herbalist_headset", "cullface": "west"},
				"up": {"uv": [7.375, 12.375, 7.625, 12.25], "texture": "#herbalist_headset", "cullface": "west"},
				"down": {"uv": [7.375, 12.375, 7.625, 12.5], "texture": "#herbalist_headset", "cullface": "west"}
			}
		},
		{
			"name": "Voxels",
			"from": [-2, 12.5, -1],
			"to": [-1, 14.5, -0.5],
			"faces": {
				"north": {"uv": [3.75, 9.25, 3.5, 9.75], "texture": "#herbalist_headset"},
				"east": {"uv": [6.25, 8.375, 6.125, 8.875], "texture": "#herbalist_headset"},
				"south": {"uv": [3.75, 9.25, 4, 9.75], "texture": "#herbalist_headset"},
				"west": {"uv": [6, 8.375, 6.125, 8.875], "texture": "#herbalist_headset"},
				"up": {"uv": [7.375, 11.875, 7.625, 11.75], "texture": "#herbalist_headset"},
				"down": {"uv": [7.375, 11.875, 7.625, 12], "texture": "#herbalist_headset"}
			}
		},
		{
			"name": "Voxels",
			"from": [-2, 12.5, 6.5],
			"to": [-1, 14.5, 7],
			"faces": {
				"north": {"uv": [2.375, 9.125, 2.125, 9.625], "texture": "#herbalist_headset", "cullface": "west"},
				"east": {"uv": [6.625, 15, 6.5, 15.5], "texture": "#herbalist_headset", "cullface": "west"},
				"south": {"uv": [2.125, 8.625, 2.375, 9.125], "texture": "#herbalist_headset", "cullface": "west"},
				"west": {"uv": [6.5, 15.5, 6.625, 16], "texture": "#herbalist_headset", "cullface": "west"},
				"up": {"uv": [7.375, 11.375, 7.625, 11.25], "texture": "#herbalist_headset", "cullface": "west"},
				"down": {"uv": [7.375, 11.375, 7.625, 11.5], "texture": "#herbalist_headset", "cullface": "west"}
			}
		},
		{
			"name": "Voxels",
			"from": [-2, 12.5, 7],
			"to": [-1, 14, 7.5],
			"faces": {
				"north": {"uv": [0, 0, 0, 0], "texture": "#herbalist_headset"},
				"east": {"uv": [6.625, 8.25, 6.5, 8.625], "texture": "#herbalist_headset", "cullface": "west"},
				"south": {"uv": [5, 15.25, 5.25, 15.625], "texture": "#herbalist_headset", "cullface": "west"},
				"west": {"uv": [6.625, 14.75, 6.75, 15.125], "texture": "#herbalist_headset", "cullface": "west"},
				"up": {"uv": [0, 0, 0, 0], "texture": "#herbalist_headset"},
				"down": {"uv": [7.375, 10.875, 7.625, 11], "texture": "#herbalist_headset", "cullface": "west"}
			}
		},
		{
			"name": "Voxels",
			"from": [-2, 12.5, 7.5],
			"to": [-1, 13, 8],
			"faces": {
				"north": {"uv": [0, 0, 0, 0], "texture": "#herbalist_headset"},
				"east": {"uv": [10.875, 15.875, 10.75, 16], "texture": "#herbalist_headset", "cullface": "west"},
				"south": {"uv": [7.375, 10, 7.625, 10.125], "texture": "#herbalist_headset", "cullface": "west"},
				"west": {"uv": [11.125, 15.875, 11.25, 16], "texture": "#herbalist_headset", "cullface": "west"},
				"up": {"uv": [0, 0, 0, 0], "texture": "#herbalist_headset"},
				"down": {"uv": [7.375, 10.625, 7.625, 10.75], "texture": "#herbalist_headset", "cullface": "west"}
			}
		},
		{
			"name": "Voxels",
			"from": [-2, 12.5, 8.5],
			"to": [-1, 15, 9],
			"faces": {
				"north": {"uv": [1.75, 9, 1.5, 9.625], "texture": "#herbalist_headset", "cullface": "west"},
				"east": {"uv": [5.5, 12.625, 5.375, 13.25], "texture": "#herbalist_headset", "cullface": "west"},
				"south": {"uv": [1.25, 9, 1.5, 9.625], "texture": "#herbalist_headset", "cullface": "west"},
				"west": {"uv": [5.5, 12.625, 5.625, 13.25], "texture": "#herbalist_headset", "cullface": "west"},
				"up": {"uv": [7.375, 9.625, 7.625, 9.5], "texture": "#herbalist_headset", "cullface": "west"},
				"down": {"uv": [7.375, 9.625, 7.625, 9.75], "texture": "#herbalist_headset", "cullface": "west"}
			}
		},
		{
			"name": "Voxels",
			"from": [-2, 12.5, 9],
			"to": [-1, 14.5, 9.5],
			"faces": {
				"north": {"uv": [0, 0, 0, 0], "texture": "#herbalist_headset"},
				"east": {"uv": [5.375, 11.25, 5.25, 11.75], "texture": "#herbalist_headset", "cullface": "west"},
				"south": {"uv": [2.75, 9.5, 3, 10], "texture": "#herbalist_headset", "cullface": "west"},
				"west": {"uv": [2.625, 8.375, 2.75, 8.875], "texture": "#herbalist_headset", "cullface": "west"},
				"up": {"uv": [7.375, 8.875, 7.625, 8.75], "texture": "#herbalist_headset", "cullface": "west"},
				"down": {"uv": [7.375, 8.875, 7.625, 9], "texture": "#herbalist_headset", "cullface": "west"}
			}
		},
		{
			"name": "Voxels",
			"from": [-2, 12.5, 16.5],
			"to": [-1, 14.5, 17],
			"faces": {
				"north": {"uv": [3.25, 9.5, 3, 10], "texture": "#herbalist_headset"},
				"east": {"uv": [5.625, 11.25, 5.5, 11.75], "texture": "#herbalist_headset"},
				"south": {"uv": [2.75, 8, 3, 8.5], "texture": "#herbalist_headset"},
				"west": {"uv": [5.375, 11.25, 5.5, 11.75], "texture": "#herbalist_headset"},
				"up": {"uv": [7.375, 8.625, 7.625, 8.5], "texture": "#herbalist_headset"},
				"down": {"uv": [7.375, 8.625, 7.625, 8.75], "texture": "#herbalist_headset"}
			}
		},
		{
			"name": "Voxels",
			"from": [-2, 13, -1.5],
			"to": [18, 14, -1],
			"faces": {
				"north": {"uv": [5, 15.75, 0, 16], "texture": "#herbalist_headset"},
				"east": {"uv": [7.375, 9.75, 7.25, 10], "texture": "#herbalist_headset"},
				"south": {"uv": [0, 15.5, 5, 15.75], "texture": "#herbalist_headset"},
				"west": {"uv": [7.25, 10, 7.375, 10.25], "texture": "#herbalist_headset"},
				"up": {"uv": [0, 13.25, 5, 13.125], "texture": "#herbalist_headset"},
				"down": {"uv": [0, 12.75, 5, 12.875], "texture": "#herbalist_headset"}
			}
		},
		{
			"name": "Voxels",
			"from": [-2, 13, -0.5],
			"to": [-1, 14, 1],
			"faces": {
				"north": {"uv": [0, 0, 0, 0], "texture": "#herbalist_headset"},
				"east": {"uv": [5, 10.25, 4.625, 10.5], "texture": "#herbalist_headset", "cullface": "west"},
				"south": {"uv": [4.75, 14, 5, 14.25], "texture": "#herbalist_headset", "cullface": "west"},
				"west": {"uv": [5.25, 15, 5.625, 15.25], "texture": "#herbalist_headset", "cullface": "west"},
				"up": {"uv": [5.25, 14.625, 5.5, 14.25], "texture": "#herbalist_headset", "cullface": "west"},
				"down": {"uv": [5, 8.5, 5.25, 8.875], "texture": "#herbalist_headset", "cullface": "west"}
			}
		},
		{
			"name": "Voxels",
			"from": [-2, 13, 1],
			"to": [-1, 13.5, 1.5],
			"faces": {
				"north": {"uv": [0, 0, 0, 0], "texture": "#herbalist_headset"},
				"east": {"uv": [10.5, 15.875, 10.375, 16], "texture": "#herbalist_headset", "cullface": "west"},
				"south": {"uv": [0, 0, 0, 0], "texture": "#herbalist_headset"},
				"west": {"uv": [10.5, 15.875, 10.625, 16], "texture": "#herbalist_headset", "cullface": "west"},
				"up": {"uv": [0, 0, 0, 0], "texture": "#herbalist_headset"},
				"down": {"uv": [7.375, 8.125, 7.625, 8.25], "texture": "#herbalist_headset", "cullface": "west"}
			}
		},
		{
			"name": "Voxels",
			"from": [-2, 13, 2.5],
			"to": [-1, 14, 4.5],
			"faces": {
				"north": {"uv": [4.5, 13.25, 4.25, 13.5], "texture": "#herbalist_headset", "cullface": "west"},
				"east": {"uv": [3.75, 10, 3.25, 10.25], "texture": "#herbalist_headset", "cullface": "west"},
				"south": {"uv": [4.75, 11.75, 5, 12], "texture": "#herbalist_headset", "cullface": "west"},
				"west": {"uv": [3.75, 10, 4.25, 10.25], "texture": "#herbalist_headset", "cullface": "west"},
				"up": {"uv": [2.125, 8.625, 2.375, 8.125], "texture": "#herbalist_headset", "cullface": "west"},
				"down": {"uv": [2.375, 9.375, 2.625, 9.875], "texture": "#herbalist_headset", "cullface": "west"}
			}
		},
		{
			"name": "Voxels",
			"from": [-2, 13, 5.5],
			"to": [-1, 13.5, 6.5],
			"faces": {
				"north": {"uv": [7.875, 15.125, 7.625, 15.25], "texture": "#herbalist_headset", "cullface": "west"},
				"east": {"uv": [7.875, 14.5, 7.625, 14.625], "texture": "#herbalist_headset", "cullface": "west"},
				"south": {"uv": [0, 0, 0, 0], "texture": "#herbalist_headset"},
				"west": {"uv": [7.625, 14.625, 7.875, 14.75], "texture": "#herbalist_headset", "cullface": "west"},
				"up": {"uv": [4.75, 10.25, 5, 10], "texture": "#herbalist_headset", "cullface": "west"},
				"down": {"uv": [1, 8, 1.25, 8.25], "texture": "#herbalist_headset", "cullface": "west"}
			}
		},
		{
			"name": "Voxels",
			"from": [-2, 13, 9.5],
			"to": [-1, 14, 10],
			"faces": {
				"north": {"uv": [0, 0, 0, 0], "texture": "#herbalist_headset"},
				"east": {"uv": [7.375, 8.25, 7.25, 8.5], "texture": "#herbalist_headset", "cullface": "west"},
				"south": {"uv": [3.25, 8, 3.5, 8.25], "texture": "#herbalist_headset", "cullface": "west"},
				"west": {"uv": [7.25, 8.5, 7.375, 8.75], "texture": "#herbalist_headset", "cullface": "west"},
				"up": {"uv": [7.625, 14.375, 7.875, 14.25], "texture": "#herbalist_headset", "cullface": "west"},
				"down": {"uv": [7.625, 14.375, 7.875, 14.5], "texture": "#herbalist_headset", "cullface": "west"}
			}
		},
		{
			"name": "Voxels",
			"from": [-2, 13, 14],
			"to": [-1, 14, 16.5],
			"faces": {
				"north": {"uv": [3.75, 8, 3.5, 8.25], "texture": "#herbalist_headset", "cullface": "west"},
				"east": {"uv": [2.75, 10.25, 2.125, 10.5], "texture": "#herbalist_headset", "cullface": "west"},
				"south": {"uv": [0, 0, 0, 0], "texture": "#herbalist_headset"},
				"west": {"uv": [2.75, 10.25, 3.375, 10.5], "texture": "#herbalist_headset", "cullface": "west"},
				"up": {"uv": [1.5, 9, 1.75, 8.375], "texture": "#herbalist_headset", "cullface": "west"},
				"down": {"uv": [1.75, 9.625, 2, 10.25], "texture": "#herbalist_headset", "cullface": "west"}
			}
		},
		{
			"name": "Voxels",
			"from": [-2, 13, 17],
			"to": [18, 14, 17.5],
			"faces": {
				"north": {"uv": [5, 15, 0, 15.25], "texture": "#herbalist_headset"},
				"east": {"uv": [7.75, 13.125, 7.625, 13.375], "texture": "#herbalist_headset"},
				"south": {"uv": [0, 15.25, 5, 15.5], "texture": "#herbalist_headset"},
				"west": {"uv": [7.75, 13.875, 7.875, 14.125], "texture": "#herbalist_headset"},
				"up": {"uv": [0, 13, 5, 12.875], "texture": "#herbalist_headset"},
				"down": {"uv": [0, 13, 5, 13.125], "texture": "#herbalist_headset"}
			}
		},
		{
			"name": "Voxels",
			"from": [-2, 13.5, 2],
			"to": [-1, 14, 2.5],
			"faces": {
				"north": {"uv": [0, 0, 0, 0], "texture": "#herbalist_headset"},
				"east": {"uv": [8, 13.25, 7.875, 13.375], "texture": "#herbalist_headset", "cullface": "west"},
				"south": {"uv": [0, 0, 0, 0], "texture": "#herbalist_headset"},
				"west": {"uv": [7.875, 13.125, 8, 13.25], "texture": "#herbalist_headset", "cullface": "west"},
				"up": {"uv": [7.625, 13, 7.875, 12.875], "texture": "#herbalist_headset", "cullface": "west"},
				"down": {"uv": [7.625, 13, 7.875, 13.125], "texture": "#herbalist_headset", "cullface": "west"}
			}
		},
		{
			"name": "Voxels",
			"from": [-2, 13.5, 4.5],
			"to": [-1, 14, 5],
			"faces": {
				"north": {"uv": [0, 0, 0, 0], "texture": "#herbalist_headset"},
				"east": {"uv": [8, 13.5, 7.875, 13.625], "texture": "#herbalist_headset", "cullface": "west"},
				"south": {"uv": [7.625, 11.375, 7.875, 11.5], "texture": "#herbalist_headset", "cullface": "west"},
				"west": {"uv": [7.875, 13.375, 8, 13.5], "texture": "#herbalist_headset", "cullface": "west"},
				"up": {"uv": [7.625, 11.75, 7.875, 11.625], "texture": "#herbalist_headset", "cullface": "west"},
				"down": {"uv": [7.625, 11.75, 7.875, 11.875], "texture": "#herbalist_headset", "cullface": "west"}
			}
		},
		{
			"name": "Voxels",
			"from": [-2, 13.5, 6],
			"to": [-1, 14, 6.5],
			"faces": {
				"north": {"uv": [0, 0, 0, 0], "texture": "#herbalist_headset"},
				"east": {"uv": [8, 14, 7.875, 14.125], "texture": "#herbalist_headset", "cullface": "west"},
				"south": {"uv": [0, 0, 0, 0], "texture": "#herbalist_headset"},
				"west": {"uv": [7.875, 13.875, 8, 14], "texture": "#herbalist_headset", "cullface": "west"},
				"up": {"uv": [7.625, 11.25, 7.875, 11.125], "texture": "#herbalist_headset", "cullface": "west"},
				"down": {"uv": [0, 0, 0, 0], "texture": "#herbalist_headset"}
			}
		},
		{
			"name": "Voxels",
			"from": [-2, 13.5, 8],
			"to": [-1, 15, 8.5],
			"faces": {
				"north": {"uv": [5.25, 11.875, 5, 12.25], "texture": "#herbalist_headset", "cullface": "west"},
				"east": {"uv": [0, 0, 0, 0], "texture": "#herbalist_headset"},
				"south": {"uv": [0, 0, 0, 0], "texture": "#herbalist_headset"},
				"west": {"uv": [6.5, 13.875, 6.625, 14.25], "texture": "#herbalist_headset", "cullface": "west"},
				"up": {"uv": [7.625, 10.75, 7.875, 10.625], "texture": "#herbalist_headset", "cullface": "west"},
				"down": {"uv": [7.625, 10.75, 7.875, 10.875], "texture": "#herbalist_headset", "cullface": "west"}
			}
		},
		{
			"name": "Voxels",
			"from": [-2, 13.5, 13.5],
			"to": [-1, 14, 14],
			"faces": {
				"north": {"uv": [0, 0, 0, 0], "texture": "#herbalist_headset"},
				"east": {"uv": [7.25, 8, 7.125, 8.125], "texture": "#herbalist_headset", "cullface": "west"},
				"south": {"uv": [0, 0, 0, 0], "texture": "#herbalist_headset"},
				"west": {"uv": [7.875, 14.125, 8, 14.25], "texture": "#herbalist_headset", "cullface": "west"},
				"up": {"uv": [7.625, 10.25, 7.875, 10.125], "texture": "#herbalist_headset", "cullface": "west"},
				"down": {"uv": [0, 0, 0, 0], "texture": "#herbalist_headset"}
			}
		},
		{
			"name": "Voxels",
			"from": [-2, 14.5, 7.5],
			"to": [-1, 15, 8],
			"faces": {
				"north": {"uv": [0, 0, 0, 0], "texture": "#herbalist_headset"},
				"east": {"uv": [0, 0, 0, 0], "texture": "#herbalist_headset"},
				"south": {"uv": [0, 0, 0, 0], "texture": "#herbalist_headset"},
				"west": {"uv": [7.125, 8.375, 7.25, 8.5], "texture": "#herbalist_headset", "cullface": "west"},
				"up": {"uv": [8.5, 16, 8.75, 15.875], "texture": "#herbalist_headset", "cullface": "west"},
				"down": {"uv": [0, 0, 0, 0], "texture": "#herbalist_headset"}
			}
		},
		{
			"name": "Voxels",
			"from": [-1.5, 12, -1.5],
			"to": [-1, 13, -1],
			"faces": {
				"north": {"uv": [5, 8.5, 4.875, 8.75], "texture": "#herbalist_headset"},
				"east": {"uv": [6.5, 13.625, 6.375, 13.875], "texture": "#herbalist_headset"},
				"south": {"uv": [5.875, 8.75, 6, 9], "texture": "#herbalist_headset"},
				"west": {"uv": [6.375, 13.875, 6.5, 14.125], "texture": "#herbalist_headset"},
				"up": {"uv": [0, 0, 0, 0], "texture": "#herbalist_headset"},
				"down": {"uv": [7.125, 8.625, 7.25, 8.75], "texture": "#herbalist_headset"}
			}
		},
		{
			"name": "Voxels",
			"from": [-1.5, 12, 17],
			"to": [-1, 13, 17.5],
			"faces": {
				"north": {"uv": [6.5, 13.125, 6.375, 13.375], "texture": "#herbalist_headset"},
				"east": {"uv": [6.875, 12.625, 6.75, 12.875], "texture": "#herbalist_headset"},
				"south": {"uv": [6.375, 12.875, 6.5, 13.125], "texture": "#herbalist_headset"},
				"west": {"uv": [6.5, 8, 6.625, 8.25], "texture": "#herbalist_headset"},
				"up": {"uv": [0, 0, 0, 0], "texture": "#herbalist_headset"},
				"down": {"uv": [7.125, 9.375, 7.25, 9.5], "texture": "#herbalist_headset"}
			}
		},
		{
			"name": "Voxels",
			"from": [-1.5, 12.5, -0.5],
			"to": [-1, 13, 0.5],
			"faces": {
				"north": {"uv": [0, 0, 0, 0], "texture": "#herbalist_headset"},
				"east": {"uv": [5, 12.5, 4.75, 12.625], "texture": "#herbalist_headset", "cullface": "west"},
				"south": {"uv": [7.125, 9.75, 7.25, 9.875], "texture": "#herbalist_headset", "cullface": "west"},
				"west": {"uv": [4.75, 12.625, 5, 12.75], "texture": "#herbalist_headset", "cullface": "west"},
				"up": {"uv": [0, 0, 0, 0], "texture": "#herbalist_headset"},
				"down": {"uv": [6.625, 12.25, 6.75, 12.5], "texture": "#herbalist_headset", "cullface": "west"}
			}
		},
		{
			"name": "Voxels",
			"from": [-1.5, 12.5, 8],
			"to": [-1, 13.5, 8.5],
			"faces": {
				"north": {"uv": [6.75, 12, 6.625, 12.25], "texture": "#herbalist_headset", "cullface": "west"},
				"east": {"uv": [6.875, 11.75, 6.75, 12], "texture": "#herbalist_headset", "cullface": "west"},
				"south": {"uv": [0, 0, 0, 0], "texture": "#herbalist_headset"},
				"west": {"uv": [0, 0, 0, 0], "texture": "#herbalist_headset"},
				"up": {"uv": [0, 0, 0, 0], "texture": "#herbalist_headset"},
				"down": {"uv": [7.125, 10.125, 7.25, 10.25], "texture": "#herbalist_headset", "cullface": "west"}
			}
		},
		{
			"name": "Voxels",
			"from": [-1.5, 12.5, 15.5],
			"to": [-1, 13, 16.5],
			"faces": {
				"north": {"uv": [7.25, 10.375, 7.125, 10.5], "texture": "#herbalist_headset", "cullface": "west"},
				"east": {"uv": [5, 12.25, 4.75, 12.375], "texture": "#herbalist_headset", "cullface": "west"},
				"south": {"uv": [0, 0, 0, 0], "texture": "#herbalist_headset"},
				"west": {"uv": [4.75, 12.375, 5, 12.5], "texture": "#herbalist_headset", "cullface": "west"},
				"up": {"uv": [0, 0, 0, 0], "texture": "#herbalist_headset"},
				"down": {"uv": [6.625, 11.5, 6.75, 11.75], "texture": "#herbalist_headset", "cullface": "west"}
			}
		},
		{
			"name": "Voxels",
			"from": [-1.5, 13, -2],
			"to": [17.5, 14, -1.5],
			"faces": {
				"north": {"uv": [4.75, 14.75, 0, 15], "texture": "#herbalist_headset"},
				"east": {"uv": [6.875, 11.25, 6.75, 11.5], "texture": "#herbalist_headset"},
				"south": {"uv": [0, 0, 0, 0], "texture": "#herbalist_headset"},
				"west": {"uv": [6.625, 11.25, 6.75, 11.5], "texture": "#herbalist_headset"},
				"up": {"uv": [0, 12.375, 4.75, 12.25], "texture": "#herbalist_headset"},
				"down": {"uv": [0, 12.375, 4.75, 12.5], "texture": "#herbalist_headset"}
			}
		},
		{
			"name": "Voxels",
			"from": [-1.5, 13, 2],
			"to": [-1, 13.5, 2.5],
			"faces": {
				"north": {"uv": [0, 0, 0, 0], "texture": "#herbalist_headset"},
				"east": {"uv": [7.25, 11.5, 7.125, 11.625], "texture": "#herbalist_headset", "cullface": "west"},
				"south": {"uv": [0, 0, 0, 0], "texture": "#herbalist_headset"},
				"west": {"uv": [0, 0, 0, 0], "texture": "#herbalist_headset"},
				"up": {"uv": [0, 0, 0, 0], "texture": "#herbalist_headset"},
				"down": {"uv": [7.125, 10.625, 7.25, 10.75], "texture": "#herbalist_headset", "cullface": "west"}
			}
		},
		{
			"name": "Voxels",
			"from": [-1.5, 13, 4.5],
			"to": [-1, 13.5, 5.5],
			"faces": {
				"north": {"uv": [0, 0, 0, 0], "texture": "#herbalist_headset"},
				"east": {"uv": [5, 8.75, 4.75, 8.875], "texture": "#herbalist_headset", "cullface": "west"},
				"south": {"uv": [0, 0, 0, 0], "texture": "#herbalist_headset"},
				"west": {"uv": [2.125, 8, 2.375, 8.125], "texture": "#herbalist_headset", "cullface": "west"},
				"up": {"uv": [6.75, 11.25, 6.875, 11], "texture": "#herbalist_headset", "cullface": "west"},
				"down": {"uv": [6.625, 11, 6.75, 11.25], "texture": "#herbalist_headset", "cullface": "west"}
			}
		},
		{
			"name": "Voxels",
			"from": [-1.5, 13, 10],
			"to": [-1, 14, 10.5],
			"faces": {
				"north": {"uv": [0, 0, 0, 0], "texture": "#herbalist_headset"},
				"east": {"uv": [6.875, 10.5, 6.75, 10.75], "texture": "#herbalist_headset", "cullface": "west"},
				"south": {"uv": [6.75, 10.75, 6.875, 11], "texture": "#herbalist_headset", "cullface": "west"},
				"west": {"uv": [0, 0, 0, 0], "texture": "#herbalist_headset"},
				"up": {"uv": [5.875, 11.875, 6, 11.75], "texture": "#herbalist_headset", "cullface": "west"},
				"down": {"uv": [5.875, 9, 6, 9.125], "texture": "#herbalist_headset", "cullface": "west"}
			}
		},
		{
			"name": "Voxels",
			"from": [-1.5, 13, 10.5],
			"to": [-1, 13.5, 13],
			"faces": {
				"north": {"uv": [0, 0, 0, 0], "texture": "#herbalist_headset"},
				"east": {"uv": [5.875, 11.75, 5.25, 11.875], "texture": "#herbalist_headset", "cullface": "west"},
				"south": {"uv": [0, 0, 0, 0], "texture": "#herbalist_headset"},
				"west": {"uv": [5.25, 12.5, 5.875, 12.625], "texture": "#herbalist_headset", "cullface": "west"},
				"up": {"uv": [5.25, 13.25, 5.375, 12.625], "texture": "#herbalist_headset", "cullface": "west"},
				"down": {"uv": [5.625, 12.625, 5.75, 13.25], "texture": "#herbalist_headset", "cullface": "west"}
			}
		},
		{
			"name": "Voxels",
			"from": [-1.5, 13, 17.5],
			"to": [17.5, 14, 18],
			"faces": {
				"north": {"uv": [0, 0, 0, 0], "texture": "#herbalist_headset"},
				"east": {"uv": [6.875, 10.25, 6.75, 10.5], "texture": "#herbalist_headset"},
				"south": {"uv": [0, 14.25, 4.75, 14.5], "texture": "#herbalist_headset"},
				"west": {"uv": [6.625, 10.25, 6.75, 10.5], "texture": "#herbalist_headset"},
				"up": {"uv": [0, 12.75, 4.75, 12.625], "texture": "#herbalist_headset"},
				"down": {"uv": [0, 12.5, 4.75, 12.625], "texture": "#herbalist_headset"}
			}
		},
		{
			"name": "Voxels",
			"from": [-1.5, 13.5, 5],
			"to": [-1, 14, 5.5],
			"faces": {
				"north": {"uv": [0, 0, 0, 0], "texture": "#herbalist_headset"},
				"east": {"uv": [8.125, 9.625, 8, 9.75], "texture": "#herbalist_headset", "cullface": "west"},
				"south": {"uv": [0, 0, 0, 0], "texture": "#herbalist_headset"},
				"west": {"uv": [0, 0, 0, 0], "texture": "#herbalist_headset"},
				"up": {"uv": [8.125, 15.875, 8.25, 15.75], "texture": "#herbalist_headset", "cullface": "west"},
				"down": {"uv": [0, 0, 0, 0], "texture": "#herbalist_headset"}
			}
		},
		{
			"name": "Voxels",
			"from": [-1.5, 13.5, 11],
			"to": [-1, 14, 12],
			"faces": {
				"north": {"uv": [0, 0, 0, 0], "texture": "#herbalist_headset"},
				"east": {"uv": [5.25, 8, 5, 8.125], "texture": "#herbalist_headset", "cullface": "west"},
				"south": {"uv": [0, 0, 0, 0], "texture": "#herbalist_headset"},
				"west": {"uv": [4, 8, 4.25, 8.125], "texture": "#herbalist_headset", "cullface": "west"},
				"up": {"uv": [6.75, 10.25, 6.875, 10], "texture": "#herbalist_headset", "cullface": "west"},
				"down": {"uv": [0, 0, 0, 0], "texture": "#herbalist_headset"}
			}
		},
		{
			"name": "Voxels",
			"from": [-1.5, 14, -1.5],
			"to": [0.5, 14.5, -1],
			"faces": {
				"north": {"uv": [6, 8.25, 5.5, 8.375], "texture": "#herbalist_headset", "cullface": "north"},
				"east": {"uv": [8.125, 12.625, 8, 12.75], "texture": "#herbalist_headset", "cullface": "north"},
				"south": {"uv": [5.5, 8.125, 6, 8.25], "texture": "#herbalist_headset", "cullface": "north"},
				"west": {"uv": [8, 10.5, 8.125, 10.625], "texture": "#herbalist_headset", "cullface": "north"},
				"up": {"uv": [5.25, 9.375, 5.75, 9.25], "texture": "#herbalist_headset", "cullface": "north"},
				"down": {"uv": [0, 0, 0, 0], "texture": "#herbalist_headset"}
			}
		},
		{
			"name": "Voxels",
			"from": [-1.5, 14, -0.5],
			"to": [-1, 14.5, 0.5],
			"faces": {
				"north": {"uv": [0, 0, 0, 0], "texture": "#herbalist_headset"},
				"east": {"uv": [6, 11, 5.75, 11.125], "texture": "#herbalist_headset", "cullface": "west"},
				"south": {"uv": [8, 12.875, 8.125, 13], "texture": "#herbalist_headset", "cullface": "west"},
				"west": {"uv": [5.75, 11.125, 6, 11.25], "texture": "#herbalist_headset", "cullface": "west"},
				"up": {"uv": [6.75, 10, 6.875, 9.75], "texture": "#herbalist_headset", "cullface": "west"},
				"down": {"uv": [0, 0, 0, 0], "texture": "#herbalist_headset"}
			}
		},
		{
			"name": "Voxels",
			"from": [-1.5, 14, 15.5],
			"to": [-1, 14.5, 16.5],
			"faces": {
				"north": {"uv": [8.125, 13, 8, 13.125], "texture": "#herbalist_headset", "cullface": "west"},
				"east": {"uv": [6, 10.25, 5.75, 10.375], "texture": "#herbalist_headset", "cullface": "west"},
				"south": {"uv": [0, 0, 0, 0], "texture": "#herbalist_headset"},
				"west": {"uv": [5.75, 10.375, 6, 10.5], "texture": "#herbalist_headset", "cullface": "west"},
				"up": {"uv": [6.75, 9.75, 6.875, 9.5], "texture": "#herbalist_headset", "cullface": "west"},
				"down": {"uv": [0, 0, 0, 0], "texture": "#herbalist_headset"}
			}
		},
		{
			"name": "Voxels",
			"from": [-1.5, 14, 17],
			"to": [0.5, 14.5, 17.5],
			"faces": {
				"north": {"uv": [6.5, 11, 6, 11.125], "texture": "#herbalist_headset", "cullface": "south"},
				"east": {"uv": [8.125, 13.875, 8, 14], "texture": "#herbalist_headset", "cullface": "south"},
				"south": {"uv": [6, 10.875, 6.5, 11], "texture": "#herbalist_headset", "cullface": "south"},
				"west": {"uv": [8, 13.5, 8.125, 13.625], "texture": "#herbalist_headset", "cullface": "south"},
				"up": {"uv": [6, 13.5, 6.5, 13.375], "texture": "#herbalist_headset", "cullface": "south"},
				"down": {"uv": [0, 0, 0, 0], "texture": "#herbalist_headset"}
			}
		},
		{
			"name": "Voxels",
			"from": [-1.5, 14.5, -1.5],
			"to": [-1, 15, -1],
			"faces": {
				"north": {"uv": [8.125, 14.25, 8, 14.375], "texture": "#herbalist_headset"},
				"east": {"uv": [8.125, 15.375, 8, 15.5], "texture": "#herbalist_headset"},
				"south": {"uv": [8, 15.125, 8.125, 15.25], "texture": "#herbalist_headset"},
				"west": {"uv": [8, 15.25, 8.125, 15.375], "texture": "#herbalist_headset"},
				"up": {"uv": [8, 14.25, 8.125, 14.125], "texture": "#herbalist_headset"},
				"down": {"uv": [0, 0, 0, 0], "texture": "#herbalist_headset"}
			}
		},
		{
			"name": "Voxels",
			"from": [-1.5, 14.5, 17],
			"to": [-1, 15, 17.5],
			"faces": {
				"north": {"uv": [15.875, 15.875, 15.75, 16], "texture": "#herbalist_headset"},
				"east": {"uv": [15, 15.875, 14.875, 16], "texture": "#herbalist_headset"},
				"south": {"uv": [15.625, 15.875, 15.75, 16], "texture": "#herbalist_headset"},
				"west": {"uv": [15, 15.875, 15.125, 16], "texture": "#herbalist_headset"},
				"up": {"uv": [15.875, 16, 16, 15.875], "texture": "#herbalist_headset"},
				"down": {"uv": [0, 0, 0, 0], "texture": "#herbalist_headset"}
			}
		},
		{
			"name": "Voxels",
			"from": [-1, 12.5, -2],
			"to": [-0.5, 13, -1],
			"faces": {
				"north": {"uv": [14.875, 15.875, 14.75, 16], "texture": "#herbalist_headset"},
				"east": {"uv": [6, 10, 5.75, 10.125], "texture": "#herbalist_headset"},
				"south": {"uv": [14.625, 15.875, 14.75, 16], "texture": "#herbalist_headset"},
				"west": {"uv": [5.75, 10.125, 6, 10.25], "texture": "#herbalist_headset"},
				"up": {"uv": [6.75, 9.5, 6.875, 9.25], "texture": "#herbalist_headset"},
				"down": {"uv": [6.625, 9.25, 6.75, 9.5], "texture": "#herbalist_headset"}
			}
		},
		{
			"name": "Voxels",
			"from": [-1, 12.5, 17],
			"to": [0.5, 13, 17.5],
			"faces": {
				"north": {"uv": [7.25, 14.5, 6.875, 14.625], "texture": "#herbalist_headset", "cullface": "south"},
				"east": {"uv": [14.25, 15.875, 14.125, 16], "texture": "#herbalist_headset", "cullface": "south"},
				"south": {"uv": [6.875, 14.625, 7.25, 14.75], "texture": "#herbalist_headset", "cullface": "south"},
				"west": {"uv": [0, 0, 0, 0], "texture": "#herbalist_headset"},
				"up": {"uv": [0, 0, 0, 0], "texture": "#herbalist_headset"},
				"down": {"uv": [6.875, 11.75, 7.25, 11.875], "texture": "#herbalist_headset", "cullface": "south"}
			}
		},
		{
			"name": "Voxels",
			"from": [-1, 12.5, 17.5],
			"to": [-0.5, 13, 18],
			"faces": {
				"north": {"uv": [0, 0, 0, 0], "texture": "#herbalist_headset"},
				"east": {"uv": [10.375, 15.875, 10.25, 16], "texture": "#herbalist_headset"},
				"south": {"uv": [11, 15.875, 11.125, 16], "texture": "#herbalist_headset"},
				"west": {"uv": [10.875, 15.875, 11, 16], "texture": "#herbalist_headset"},
				"up": {"uv": [0, 0, 0, 0], "texture": "#herbalist_headset"},
				"down": {"uv": [14, 15.875, 14.125, 16], "texture": "#herbalist_headset"}
			}
		},
		{
			"name": "Voxels",
			"from": [-1, 14, -2],
			"to": [-0.5, 14.5, -1.5],
			"faces": {
				"north": {"uv": [8.125, 9.875, 8, 10], "texture": "#herbalist_headset"},
				"east": {"uv": [12.75, 15.875, 12.625, 16], "texture": "#herbalist_headset"},
				"south": {"uv": [0, 0, 0, 0], "texture": "#herbalist_headset"},
				"west": {"uv": [8, 8.875, 8.125, 9], "texture": "#herbalist_headset"},
				"up": {"uv": [8, 15.625, 8.125, 15.5], "texture": "#herbalist_headset"},
				"down": {"uv": [0, 0, 0, 0], "texture": "#herbalist_headset"}
			}
		},
		{
			"name": "Voxels",
			"from": [-1, 14, 17.5],
			"to": [-0.5, 14.5, 18],
			"faces": {
				"north": {"uv": [0, 0, 0, 0], "texture": "#herbalist_headset"},
				"east": {"uv": [8.125, 15.625, 8, 15.75], "texture": "#herbalist_headset"},
				"south": {"uv": [15.125, 15.875, 15.25, 16], "texture": "#herbalist_headset"},
				"west": {"uv": [15.5, 15.875, 15.625, 16], "texture": "#herbalist_headset"},
				"up": {"uv": [14.375, 16, 14.5, 15.875], "texture": "#herbalist_headset"},
				"down": {"uv": [0, 0, 0, 0], "texture": "#herbalist_headset"}
			}
		},
		{
			"name": "Voxels",
			"from": [-0.5, 12.5, -1.5],
			"to": [0.5, 13, -1],
			"faces": {
				"north": {"uv": [5.625, 8.625, 5.375, 8.75], "texture": "#herbalist_headset", "cullface": "north"},
				"east": {"uv": [10, 15.875, 9.875, 16], "texture": "#herbalist_headset", "cullface": "north"},
				"south": {"uv": [5.25, 8, 5.5, 8.125], "texture": "#herbalist_headset", "cullface": "north"},
				"west": {"uv": [0, 0, 0, 0], "texture": "#herbalist_headset"},
				"up": {"uv": [0, 0, 0, 0], "texture": "#herbalist_headset"},
				"down": {"uv": [5.75, 9.25, 6, 9.375], "texture": "#herbalist_headset", "cullface": "north"}
			}
		},
		{
			"name": "Voxels",
			"from": [3, 14, -2],
			"to": [13, 14.5, -1],
			"faces": {
				"north": {"uv": [5, 11, 2.5, 11.125], "texture": "#herbalist_headset", "cullface": "north"},
				"east": {"uv": [6.5, 8, 6.25, 8.125], "texture": "#herbalist_headset", "cullface": "north"},
				"south": {"uv": [2.5, 11.125, 5, 11.25], "texture": "#herbalist_headset", "cullface": "north"},
				"west": {"uv": [6, 8, 6.25, 8.125], "texture": "#herbalist_headset", "cullface": "north"},
				"up": {"uv": [2, 13.75, 4.5, 13.5], "texture": "#herbalist_headset", "cullface": "north"},
				"down": {"uv": [2, 13.75, 4.5, 14], "texture": "#herbalist_headset", "cullface": "north"}
			}
		},
		{
			"name": "Voxels",
			"from": [3.5, 14.5, -2],
			"to": [12.5, 15, -1],
			"faces": {
				"north": {"uv": [3.25, 10.625, 1, 10.75], "texture": "#herbalist_headset", "cullface": "north"},
				"east": {"uv": [6.875, 9, 6.625, 9.125], "texture": "#herbalist_headset", "cullface": "north"},
				"south": {"uv": [1, 10.5, 3.25, 10.625], "texture": "#herbalist_headset", "cullface": "north"},
				"west": {"uv": [6.625, 9.125, 6.875, 9.25], "texture": "#herbalist_headset", "cullface": "north"},
				"up": {"uv": [0, 12.25, 2.25, 12], "texture": "#herbalist_headset", "cullface": "north"},
				"down": {"uv": [0, 0, 0, 0], "texture": "#herbalist_headset"}
			}
		},
		{
			"name": "Voxels",
			"from": [4.5, 12.5, -2],
			"to": [11.5, 13, -1],
			"faces": {
				"north": {"uv": [5, 10.5, 3.25, 10.625], "texture": "#herbalist_headset", "cullface": "north"},
				"east": {"uv": [6.875, 8.75, 6.625, 8.875], "texture": "#herbalist_headset", "cullface": "north"},
				"south": {"uv": [3.25, 10.625, 5, 10.75], "texture": "#herbalist_headset", "cullface": "north"},
				"west": {"uv": [6.625, 8.875, 6.875, 9], "texture": "#herbalist_headset", "cullface": "north"},
				"up": {"uv": [0, 12, 1.75, 11.75], "texture": "#herbalist_headset", "cullface": "north"},
				"down": {"uv": [2.25, 12, 4, 12.25], "texture": "#herbalist_headset", "cullface": "north"}
			}
		},
		{
			"name": "Voxels",
			"from": [5, 12, -2],
			"to": [11, 12.5, -1],
			"faces": {
				"north": {"uv": [5, 10.875, 3.5, 11], "texture": "#herbalist_headset", "cullface": "north"},
				"east": {"uv": [6.875, 8.5, 6.625, 8.625], "texture": "#herbalist_headset", "cullface": "north"},
				"south": {"uv": [3.5, 10.75, 5, 10.875], "texture": "#herbalist_headset", "cullface": "north"},
				"west": {"uv": [6.625, 8.625, 6.875, 8.75], "texture": "#herbalist_headset", "cullface": "north"},
				"up": {"uv": [0, 0, 0, 0], "texture": "#herbalist_headset"},
				"down": {"uv": [2.5, 11.25, 4, 11.5], "texture": "#herbalist_headset", "cullface": "north"}
			}
		},
		{
			"name": "Voxels",
			"from": [5, 14, 17],
			"to": [11, 15, 18],
			"faces": {
				"north": {"uv": [4.5, 11.5, 3, 11.75], "texture": "#herbalist_headset", "cullface": "south"},
				"east": {"uv": [6.25, 8.875, 6, 9.125], "texture": "#herbalist_headset", "cullface": "south"},
				"south": {"uv": [3.25, 11.75, 4.75, 12], "texture": "#herbalist_headset", "cullface": "south"},
				"west": {"uv": [6.25, 8.875, 6.5, 9.125], "texture": "#herbalist_headset", "cullface": "south"},
				"up": {"uv": [1.75, 12, 3.25, 11.75], "texture": "#herbalist_headset", "cullface": "south"},
				"down": {"uv": [1.5, 11.5, 3, 11.75], "texture": "#herbalist_headset", "cullface": "south"}
			}
		},
		{
			"name": "Voxels",
			"from": [6, 13.5, -3],
			"to": [10, 16.5, -2],
			"faces": {
				"north": {"uv": [1, 13.25, 0, 14], "texture": "#herbalist_headset", "cullface": "north"},
				"east": {"uv": [0.5, 9.25, 0.25, 10], "texture": "#herbalist_headset", "cullface": "north"},
				"south": {"uv": [1, 13.25, 2, 14], "texture": "#herbalist_headset", "cullface": "north"},
				"west": {"uv": [0.75, 9.25, 1, 10], "texture": "#herbalist_headset", "cullface": "north"},
				"up": {"uv": [4, 12.25, 5, 12], "texture": "#herbalist_headset", "cullface": "north"},
				"down": {"uv": [4, 11.25, 5, 11.5], "texture": "#herbalist_headset", "cullface": "north"}
			}
		},
		{
			"name": "Voxels",
			"from": [6.5, 13, -3],
			"to": [9.5, 13.5, -2],
			"faces": {
				"north": {"uv": [6, 15.875, 5.25, 16], "texture": "#herbalist_headset", "cullface": "north"},
				"east": {"uv": [6.875, 8.25, 6.625, 8.375], "texture": "#herbalist_headset", "cullface": "north"},
				"south": {"uv": [0, 0, 0, 0], "texture": "#herbalist_headset"},
				"west": {"uv": [6.625, 8.375, 6.875, 8.5], "texture": "#herbalist_headset", "cullface": "north"},
				"up": {"uv": [0, 0, 0, 0], "texture": "#herbalist_headset"},
				"down": {"uv": [0.25, 9, 1, 9.25], "texture": "#herbalist_headset", "cullface": "north"}
			}
		},
		{
			"name": "Voxels",
			"from": [6.5, 16.5, -3],
			"to": [9.5, 17, -2],
			"faces": {
				"north": {"uv": [6, 15.5, 5.25, 15.625], "texture": "#herbalist_headset"},
				"east": {"uv": [6.875, 8, 6.625, 8.125], "texture": "#herbalist_headset"},
				"south": {"uv": [5.25, 15.625, 6, 15.75], "texture": "#herbalist_headset"},
				"west": {"uv": [6.625, 8.125, 6.875, 8.25], "texture": "#herbalist_headset"},
				"up": {"uv": [0.25, 9, 1, 8.75], "texture": "#herbalist_headset"},
				"down": {"uv": [0, 0, 0, 0], "texture": "#herbalist_headset"}
			}
		},
		{
			"name": "Voxels",
			"from": [7, 8, 18],
			"to": [9, 10, 18.5],
			"faces": {
				"north": {"uv": [0, 0, 0, 0], "texture": "#herbalist_headset"},
				"east": {"uv": [5.875, 11.25, 5.75, 11.75], "texture": "#herbalist_headset", "cullface": "south"},
				"south": {"uv": [4.5, 13.25, 5, 13.75], "texture": "#herbalist_headset", "cullface": "south"},
				"west": {"uv": [5.875, 11.25, 6, 11.75], "texture": "#herbalist_headset", "cullface": "south"},
				"up": {"uv": [5.25, 10.5, 5.75, 10.375], "texture": "#herbalist_headset", "cullface": "south"},
				"down": {"uv": [5.25, 10.25, 5.75, 10.375], "texture": "#herbalist_headset", "cullface": "south"}
			}
		},
		{
			"name": "Voxels",
			"from": [7, 12, 17],
			"to": [9, 13, 18],
			"faces": {
				"north": {"uv": [4.75, 9.75, 4.25, 10], "texture": "#herbalist_headset", "cullface": "south"},
				"east": {"uv": [5, 14.75, 4.75, 15], "texture": "#herbalist_headset", "cullface": "south"},
				"south": {"uv": [4.5, 9.25, 5, 9.5], "texture": "#herbalist_headset", "cullface": "south"},
				"west": {"uv": [4.75, 14.5, 5, 14.75], "texture": "#herbalist_headset", "cullface": "south"},
				"up": {"uv": [3.75, 10, 4.25, 9.75], "texture": "#herbalist_headset", "cullface": "south"},
				"down": {"uv": [3.25, 9.75, 3.75, 10], "texture": "#herbalist_headset", "cullface": "south"}
			}
		},
		{
			"name": "Voxels",
			"from": [7, 15, 17],
			"to": [9, 16, 18],
			"faces": {
				"north": {"uv": [3.25, 10, 2.75, 10.25], "texture": "#herbalist_headset", "cullface": "south"},
				"east": {"uv": [6.25, 14.125, 6, 14.375], "texture": "#herbalist_headset", "cullface": "south"},
				"south": {"uv": [4.25, 10, 4.75, 10.25], "texture": "#herbalist_headset", "cullface": "south"},
				"west": {"uv": [6.125, 13.625, 6.375, 13.875], "texture": "#herbalist_headset", "cullface": "south"},
				"up": {"uv": [4.5, 14, 5, 13.75], "texture": "#herbalist_headset", "cullface": "south"},
				"down": {"uv": [0, 0, 0, 0], "texture": "#herbalist_headset"}
			}
		},
		{
			"name": "Voxels",
			"from": [15.5, 12.5, -1.5],
			"to": [17.5, 13, -1],
			"faces": {
				"north": {"uv": [6.5, 14.625, 6, 14.75], "texture": "#herbalist_headset", "cullface": "north"},
				"east": {"uv": [7.25, 9.125, 7.125, 9.25], "texture": "#herbalist_headset", "cullface": "north"},
				"south": {"uv": [6, 15.25, 6.5, 15.375], "texture": "#herbalist_headset", "cullface": "north"},
				"west": {"uv": [7.125, 9.25, 7.25, 9.375], "texture": "#herbalist_headset", "cullface": "north"},
				"up": {"uv": [0, 0, 0, 0], "texture": "#herbalist_headset"},
				"down": {"uv": [6, 14.375, 6.5, 14.5], "texture": "#herbalist_headset", "cullface": "north"}
			}
		},
		{
			"name": "Voxels",
			"from": [15.5, 12.5, 17],
			"to": [17.5, 13, 17.5],
			"faces": {
				"north": {"uv": [6.5, 15.875, 6, 16], "texture": "#herbalist_headset", "cullface": "south"},
				"east": {"uv": [7.25, 8.125, 7.125, 8.25], "texture": "#herbalist_headset", "cullface": "south"},
				"south": {"uv": [5.5, 8, 6, 8.125], "texture": "#herbalist_headset", "cullface": "south"},
				"west": {"uv": [7.125, 8.25, 7.25, 8.375], "texture": "#herbalist_headset", "cullface": "south"},
				"up": {"uv": [0, 0, 0, 0], "texture": "#herbalist_headset"},
				"down": {"uv": [6, 15.375, 6.5, 15.5], "texture": "#herbalist_headset", "cullface": "south"}
			}
		},
		{
			"name": "Voxels",
			"from": [15.5, 14, -1.5],
			"to": [17.5, 14.5, -1],
			"faces": {
				"north": {"uv": [5.75, 11, 5.25, 11.125], "texture": "#herbalist_headset", "cullface": "north"},
				"east": {"uv": [8, 13.625, 7.875, 13.75], "texture": "#herbalist_headset", "cullface": "north"},
				"south": {"uv": [5.25, 11.125, 5.75, 11.25], "texture": "#herbalist_headset", "cullface": "north"},
				"west": {"uv": [7.875, 13.75, 8, 13.875], "texture": "#herbalist_headset", "cullface": "north"},
				"up": {"uv": [5.25, 9.25, 5.75, 9.125], "texture": "#herbalist_headset", "cullface": "north"},
				"down": {"uv": [0, 0, 0, 0], "texture": "#herbalist_headset"}
			}
		},
		{
			"name": "Voxels",
			"from": [15.5, 14, 17],
			"to": [17.5, 14.5, 17.5],
			"faces": {
				"north": {"uv": [6, 10.5, 5.5, 10.625], "texture": "#herbalist_headset", "cullface": "south"},
				"east": {"uv": [8, 12.875, 7.875, 13], "texture": "#herbalist_headset", "cullface": "south"},
				"south": {"uv": [5.5, 10.625, 6, 10.75], "texture": "#herbalist_headset", "cullface": "south"},
				"west": {"uv": [7.875, 13, 8, 13.125], "texture": "#herbalist_headset", "cullface": "south"},
				"up": {"uv": [5.25, 10.125, 5.75, 10], "texture": "#herbalist_headset", "cullface": "south"},
				"down": {"uv": [0, 0, 0, 0], "texture": "#herbalist_headset"}
			}
		},
		{
			"name": "Voxels",
			"from": [16.5, 12.5, -2],
			"to": [17, 13, -1.5],
			"faces": {
				"north": {"uv": [8, 12.5, 7.875, 12.625], "texture": "#herbalist_headset"},
				"east": {"uv": [8, 12.125, 7.875, 12.25], "texture": "#herbalist_headset"},
				"south": {"uv": [0, 0, 0, 0], "texture": "#herbalist_headset"},
				"west": {"uv": [7.875, 12.25, 8, 12.375], "texture": "#herbalist_headset"},
				"up": {"uv": [0, 0, 0, 0], "texture": "#herbalist_headset"},
				"down": {"uv": [7.875, 12.75, 8, 12.875], "texture": "#herbalist_headset"}
			}
		},
		{
			"name": "Voxels",
			"from": [16.5, 12.5, 17.5],
			"to": [17, 13, 18],
			"faces": {
				"north": {"uv": [0, 0, 0, 0], "texture": "#herbalist_headset"},
				"east": {"uv": [8, 11.375, 7.875, 11.5], "texture": "#herbalist_headset"},
				"south": {"uv": [7.875, 11.625, 8, 11.75], "texture": "#herbalist_headset"},
				"west": {"uv": [7.875, 11.5, 8, 11.625], "texture": "#herbalist_headset"},
				"up": {"uv": [0, 0, 0, 0], "texture": "#herbalist_headset"},
				"down": {"uv": [7.875, 12, 8, 12.125], "texture": "#herbalist_headset"}
			}
		},
		{
			"name": "Voxels",
			"from": [16.5, 14, -2],
			"to": [17, 14.5, -1.5],
			"faces": {
				"north": {"uv": [8, 11, 7.875, 11.125], "texture": "#herbalist_headset"},
				"east": {"uv": [8, 10.125, 7.875, 10.25], "texture": "#herbalist_headset"},
				"south": {"uv": [0, 0, 0, 0], "texture": "#herbalist_headset"},
				"west": {"uv": [7.875, 10.75, 8, 10.875], "texture": "#herbalist_headset"},
				"up": {"uv": [7.875, 11.25, 8, 11.125], "texture": "#herbalist_headset"},
				"down": {"uv": [0, 0, 0, 0], "texture": "#herbalist_headset"}
			}
		},
		{
			"name": "Voxels",
			"from": [16.5, 14, 17.5],
			"to": [17, 14.5, 18],
			"faces": {
				"north": {"uv": [0, 0, 0, 0], "texture": "#herbalist_headset"},
				"east": {"uv": [8, 9.375, 7.875, 9.5], "texture": "#herbalist_headset"},
				"south": {"uv": [7.875, 9.625, 8, 9.75], "texture": "#herbalist_headset"},
				"west": {"uv": [7.875, 9.5, 8, 9.625], "texture": "#herbalist_headset"},
				"up": {"uv": [7.875, 10, 8, 9.875], "texture": "#herbalist_headset"},
				"down": {"uv": [0, 0, 0, 0], "texture": "#herbalist_headset"}
			}
		},
		{
			"name": "Voxels",
			"from": [17, 12, -1.5],
			"to": [17.5, 12.5, -1],
			"faces": {
				"north": {"uv": [8, 9, 7.875, 9.125], "texture": "#herbalist_headset"},
				"east": {"uv": [8, 8.625, 7.875, 8.75], "texture": "#herbalist_headset"},
				"south": {"uv": [7.875, 8.875, 8, 9], "texture": "#herbalist_headset"},
				"west": {"uv": [7.875, 8.75, 8, 8.875], "texture": "#herbalist_headset"},
				"up": {"uv": [0, 0, 0, 0], "texture": "#herbalist_headset"},
				"down": {"uv": [7.875, 9.25, 8, 9.375], "texture": "#herbalist_headset"}
			}
		},
		{
			"name": "Voxels",
			"from": [17, 12, 17],
			"to": [17.5, 12.5, 17.5],
			"faces": {
				"north": {"uv": [8, 8.25, 7.875, 8.375], "texture": "#herbalist_headset"},
				"east": {"uv": [9.875, 15.875, 9.75, 16], "texture": "#herbalist_headset"},
				"south": {"uv": [7.875, 8.125, 8, 8.25], "texture": "#herbalist_headset"},
				"west": {"uv": [7.875, 8, 8, 8.125], "texture": "#herbalist_headset"},
				"up": {"uv": [0, 0, 0, 0], "texture": "#herbalist_headset"},
				"down": {"uv": [7.875, 8.5, 8, 8.625], "texture": "#herbalist_headset"}
			}
		},
		{
			"name": "Voxels",
			"from": [17, 12.5, -1],
			"to": [18, 14.5, -0.5],
			"faces": {
				"north": {"uv": [2.625, 8.875, 2.375, 9.375], "texture": "#herbalist_headset"},
				"east": {"uv": [2.75, 8.875, 2.625, 9.375], "texture": "#herbalist_headset"},
				"south": {"uv": [2.375, 8.375, 2.625, 8.875], "texture": "#herbalist_headset"},
				"west": {"uv": [5.625, 11.25, 5.75, 11.75], "texture": "#herbalist_headset"},
				"up": {"uv": [6.875, 11.625, 7.125, 11.5], "texture": "#herbalist_headset"},
				"down": {"uv": [6.875, 11.625, 7.125, 11.75], "texture": "#herbalist_headset"}
			}
		},
		{
			"name": "Voxels",
			"from": [17, 12.5, -0.5],
			"to": [17.5, 14.5, 0.5],
			"faces": {
				"north": {"uv": [0, 0, 0, 0], "texture": "#herbalist_headset"},
				"east": {"uv": [3.25, 9, 3, 9.5], "texture": "#herbalist_headset", "cullface": "east"},
				"south": {"uv": [6, 12.875, 6.125, 13.375], "texture": "#herbalist_headset", "cullface": "east"},
				"west": {"uv": [3.75, 8.75, 4, 9.25], "texture": "#herbalist_headset", "cullface": "east"},
				"up": {"uv": [7, 11.5, 7.125, 11.25], "texture": "#herbalist_headset", "cullface": "east"},
				"down": {"uv": [6.875, 11.25, 7, 11.5], "texture": "#herbalist_headset", "cullface": "east"}
			}
		},
		{
			"name": "Voxels",
			"from": [17, 12.5, 6.5],
			"to": [18, 14.5, 9.5],
			"faces": {
				"north": {"uv": [3, 8.5, 2.75, 9], "texture": "#herbalist_headset", "cullface": "east"},
				"east": {"uv": [1, 11, 0.25, 11.5], "texture": "#herbalist_headset", "cullface": "east"},
				"south": {"uv": [2.75, 9, 3, 9.5], "texture": "#herbalist_headset", "cullface": "east"},
				"west": {"uv": [0.25, 10.5, 1, 11], "texture": "#herbalist_headset", "cullface": "east"},
				"up": {"uv": [0.5, 10, 0.75, 9.25], "texture": "#herbalist_headset", "cullface": "east"},
				"down": {"uv": [1, 9.75, 1.25, 10.5], "texture": "#herbalist_headset", "cullface": "east"}
			}
		},
		{
			"name": "Voxels",
			"from": [17, 12.5, 15.5],
			"to": [17.5, 14.5, 17],
			"faces": {
				"north": {"uv": [5.375, 9.375, 5.25, 9.875], "texture": "#herbalist_headset", "cullface": "east"},
				"east": {"uv": [0.625, 8, 0.25, 8.5], "texture": "#herbalist_headset", "cullface": "east"},
				"south": {"uv": [5.375, 9.375, 5.5, 9.875], "texture": "#herbalist_headset", "cullface": "east"},
				"west": {"uv": [0.625, 8, 1, 8.5], "texture": "#herbalist_headset", "cullface": "east"},
				"up": {"uv": [6.5, 9, 6.625, 8.625], "texture": "#herbalist_headset", "cullface": "east"},
				"down": {"uv": [6.5, 9, 6.625, 9.375], "texture": "#herbalist_headset", "cullface": "east"}
			}
		},
		{
			"name": "Voxels",
			"from": [17, 13, 0.5],
			"to": [18, 14, 6.5],
			"faces": {
				"north": {"uv": [6, 9.625, 5.75, 9.875], "texture": "#herbalist_headset", "cullface": "east"},
				"east": {"uv": [2.5, 11, 1, 11.25], "texture": "#herbalist_headset", "cullface": "east"},
				"south": {"uv": [0, 0, 0, 0], "texture": "#herbalist_headset"},
				"west": {"uv": [0, 11.5, 1.5, 11.75], "texture": "#herbalist_headset", "cullface": "east"},
				"up": {"uv": [0, 11.5, 0.25, 10], "texture": "#herbalist_headset", "cullface": "east"},
				"down": {"uv": [0, 8.5, 0.25, 10], "texture": "#herbalist_headset", "cullface": "east"}
			}
		},
		{
			"name": "Voxels",
			"from": [17, 13, 9.5],
			"to": [18, 14, 10.5],
			"faces": {
				"north": {"uv": [0, 0, 0, 0], "texture": "#herbalist_headset"},
				"east": {"uv": [6, 8.375, 5.75, 8.625], "texture": "#herbalist_headset", "cullface": "east"},
				"south": {"uv": [5.25, 8.125, 5.5, 8.375], "texture": "#herbalist_headset", "cullface": "east"},
				"west": {"uv": [5.5, 8.375, 5.75, 8.625], "texture": "#herbalist_headset", "cullface": "east"},
				"up": {"uv": [5.625, 9, 5.875, 8.75], "texture": "#herbalist_headset", "cullface": "east"},
				"down": {"uv": [5.375, 8.75, 5.625, 9], "texture": "#herbalist_headset", "cullface": "east"}
			}
		},
		{
			"name": "Voxels",
			"from": [17, 13, 10.5],
			"to": [17.5, 14, 15.5],
			"faces": {
				"north": {"uv": [0, 0, 0, 0], "texture": "#herbalist_headset"},
				"east": {"uv": [3.5, 10.75, 2.25, 11], "texture": "#herbalist_headset", "cullface": "east"},
				"south": {"uv": [0, 0, 0, 0], "texture": "#herbalist_headset"},
				"west": {"uv": [1, 10.75, 2.25, 11], "texture": "#herbalist_headset", "cullface": "east"},
				"up": {"uv": [2, 9.25, 2.125, 8], "texture": "#herbalist_headset", "cullface": "east"},
				"down": {"uv": [2, 9.25, 2.125, 10.5], "texture": "#herbalist_headset", "cullface": "east"}
			}
		},
		{
			"name": "Voxels",
			"from": [17, 14.5, -1.5],
			"to": [17.5, 15, -1],
			"faces": {
				"north": {"uv": [8.125, 14.75, 8, 14.875], "texture": "#herbalist_headset"},
				"east": {"uv": [8.125, 14.375, 8, 14.5], "texture": "#herbalist_headset"},
				"south": {"uv": [8, 14.625, 8.125, 14.75], "texture": "#herbalist_headset"},
				"west": {"uv": [8, 14.5, 8.125, 14.625], "texture": "#herbalist_headset"},
				"up": {"uv": [8, 15, 8.125, 14.875], "texture": "#herbalist_headset"},
				"down": {"uv": [0, 0, 0, 0], "texture": "#herbalist_headset"}
			}
		},
		{
			"name": "Voxels",
			"from": [17, 14.5, 7],
			"to": [18.5, 15, 7.5],
			"faces": {
				"north": {"uv": [7.25, 12.5, 6.875, 12.625], "texture": "#herbalist_headset", "cullface": "east"},
				"east": {"uv": [8.125, 13.625, 8, 13.75], "texture": "#herbalist_headset", "cullface": "east"},
				"south": {"uv": [6.875, 12.375, 7.25, 12.5], "texture": "#herbalist_headset", "cullface": "east"},
				"west": {"uv": [0, 0, 0, 0], "texture": "#herbalist_headset"},
				"up": {"uv": [6.875, 12.75, 7.25, 12.625], "texture": "#herbalist_headset", "cullface": "east"},
				"down": {"uv": [6.875, 12.75, 7.25, 12.875], "texture": "#herbalist_headset", "cullface": "east"}
			}
		},
		{
			"name": "Voxels",
			"from": [17, 14.5, 7.5],
			"to": [18, 15, 9],
			"faces": {
				"north": {"uv": [0, 0, 0, 0], "texture": "#herbalist_headset"},
				"east": {"uv": [7.25, 11.875, 6.875, 12], "texture": "#herbalist_headset", "cullface": "east"},
				"south": {"uv": [7.375, 15.875, 7.625, 16], "texture": "#herbalist_headset", "cullface": "east"},
				"west": {"uv": [0, 0, 0, 0], "texture": "#herbalist_headset"},
				"up": {"uv": [5.25, 15, 5.5, 14.625], "texture": "#herbalist_headset", "cullface": "east"},
				"down": {"uv": [0, 0, 0, 0], "texture": "#herbalist_headset"}
			}
		},
		{
			"name": "Voxels",
			"from": [17, 14.5, 17],
			"to": [17.5, 15, 17.5],
			"faces": {
				"north": {"uv": [8.125, 12, 8, 12.125], "texture": "#herbalist_headset"},
				"east": {"uv": [8.125, 10.875, 8, 11], "texture": "#herbalist_headset"},
				"south": {"uv": [8, 11.875, 8.125, 12], "texture": "#herbalist_headset"},
				"west": {"uv": [8, 11, 8.125, 11.125], "texture": "#herbalist_headset"},
				"up": {"uv": [8, 12.25, 8.125, 12.125], "texture": "#herbalist_headset"},
				"down": {"uv": [0, 0, 0, 0], "texture": "#herbalist_headset"}
			}
		},
		{
			"name": "Voxels",
			"from": [17.5, 10, 3.5],
			"to": [18.5, 11.5, 4],
			"faces": {
				"north": {"uv": [5.75, 14.625, 5.5, 15], "texture": "#herbalist_headset", "cullface": "east"},
				"east": {"uv": [6.75, 13.625, 6.625, 14], "texture": "#herbalist_headset", "cullface": "east"},
				"south": {"uv": [5.75, 14.625, 6, 15], "texture": "#herbalist_headset", "cullface": "east"},
				"west": {"uv": [6.75, 14, 6.875, 14.375], "texture": "#herbalist_headset", "cullface": "east"},
				"up": {"uv": [7.375, 15.75, 7.625, 15.625], "texture": "#herbalist_headset", "cullface": "east"},
				"down": {"uv": [7.375, 15.75, 7.625, 15.875], "texture": "#herbalist_headset", "cullface": "east"}
			}
		},
		{
			"name": "Voxels",
			"from": [17.5, 10, 8.5],
			"to": [18.5, 12.5, 9],
			"faces": {
				"north": {"uv": [2, 8.375, 1.75, 9], "texture": "#herbalist_headset", "cullface": "east"},
				"east": {"uv": [5.875, 11.875, 5.75, 12.5], "texture": "#herbalist_headset", "cullface": "east"},
				"south": {"uv": [2.125, 9.625, 2.375, 10.25], "texture": "#herbalist_headset", "cullface": "east"},
				"west": {"uv": [5.875, 11.875, 6, 12.5], "texture": "#herbalist_headset", "cullface": "east"},
				"up": {"uv": [7.375, 15.125, 7.625, 15], "texture": "#herbalist_headset", "cullface": "east"},
				"down": {"uv": [7.375, 15.125, 7.625, 15.25], "texture": "#herbalist_headset", "cullface": "east"}
			}
		},
		{
			"name": "Voxels",
			"from": [17.5, 10.5, 3],
			"to": [18.5, 12, 3.5],
			"faces": {
				"north": {"uv": [5.75, 14.25, 5.5, 14.625], "texture": "#herbalist_headset", "cullface": "east"},
				"east": {"uv": [6.625, 14.25, 6.5, 14.625], "texture": "#herbalist_headset", "cullface": "east"},
				"south": {"uv": [5.75, 14.25, 6, 14.625], "texture": "#herbalist_headset", "cullface": "east"},
				"west": {"uv": [6.5, 14.625, 6.625, 15], "texture": "#herbalist_headset", "cullface": "east"},
				"up": {"uv": [7.375, 14.625, 7.625, 14.5], "texture": "#herbalist_headset", "cullface": "east"},
				"down": {"uv": [7.375, 14.625, 7.625, 14.75], "texture": "#herbalist_headset", "cullface": "east"}
			}
		},
		{
			"name": "Voxels",
			"from": [17.5, 10.5, 4],
			"to": [18.5, 12.5, 4.5],
			"faces": {
				"north": {"uv": [3.75, 8.75, 3.5, 9.25], "texture": "#herbalist_headset", "cullface": "east"},
				"east": {"uv": [6.125, 13.625, 6, 14.125], "texture": "#herbalist_headset", "cullface": "east"},
				"south": {"uv": [3.5, 8.25, 3.75, 8.75], "texture": "#herbalist_headset", "cullface": "east"},
				"west": {"uv": [6.375, 14.75, 6.5, 15.25], "texture": "#herbalist_headset", "cullface": "east"},
				"up": {"uv": [7.375, 13.875, 7.625, 13.75], "texture": "#herbalist_headset", "cullface": "east"},
				"down": {"uv": [7.375, 13.875, 7.625, 14], "texture": "#herbalist_headset", "cullface": "east"}
			}
		},
		{
			"name": "Voxels",
			"from": [17.5, 11, 9],
			"to": [18.5, 12, 9.5],
			"faces": {
				"north": {"uv": [0, 0, 0, 0], "texture": "#herbalist_headset"},
				"east": {"uv": [7.375, 13.75, 7.25, 14], "texture": "#herbalist_headset", "cullface": "east"},
				"south": {"uv": [6.125, 13.875, 6.375, 14.125], "texture": "#herbalist_headset", "cullface": "east"},
				"west": {"uv": [7.25, 14, 7.375, 14.25], "texture": "#herbalist_headset", "cullface": "east"},
				"up": {"uv": [7.375, 13.125, 7.625, 13], "texture": "#herbalist_headset", "cullface": "east"},
				"down": {"uv": [7.375, 13.125, 7.625, 13.25], "texture": "#herbalist_headset", "cullface": "east"}
			}
		},
		{
			"name": "Voxels",
			"from": [17.5, 11.5, 2.5],
			"to": [18.5, 13, 3],
			"faces": {
				"north": {"uv": [5.5, 13.625, 5.25, 14], "texture": "#herbalist_headset", "cullface": "east"},
				"east": {"uv": [6.625, 11.25, 6.5, 11.625], "texture": "#herbalist_headset", "cullface": "east"},
				"south": {"uv": [5.5, 13.625, 5.75, 14], "texture": "#herbalist_headset", "cullface": "east"},
				"west": {"uv": [6.5, 11.625, 6.625, 12], "texture": "#herbalist_headset", "cullface": "east"},
				"up": {"uv": [7.375, 12.625, 7.625, 12.5], "texture": "#herbalist_headset", "cullface": "east"},
				"down": {"uv": [7.375, 12.625, 7.625, 12.75], "texture": "#herbalist_headset", "cullface": "east"}
			}
		},
		{
			"name": "Voxels",
			"from": [17.5, 11.5, 4.5],
			"to": [18.5, 13, 5],
			"faces": {
				"north": {"uv": [6, 13.625, 5.75, 14], "texture": "#herbalist_headset", "cullface": "east"},
				"east": {"uv": [6.625, 10.125, 6.5, 10.5], "texture": "#herbalist_headset", "cullface": "east"},
				"south": {"uv": [5.25, 13.25, 5.5, 13.625], "texture": "#herbalist_headset", "cullface": "east"},
				"west": {"uv": [6.5, 10.5, 6.625, 10.875], "texture": "#herbalist_headset", "cullface": "east"},
				"up": {"uv": [7.375, 12.125, 7.625, 12], "texture": "#herbalist_headset", "cullface": "east"},
				"down": {"uv": [7.375, 12.125, 7.625, 12.25], "texture": "#herbalist_headset", "cullface": "east"}
			}
		},
		{
			"name": "Voxels",
			"from": [17.5, 11.5, 8],
			"to": [18.5, 12.5, 8.5],
			"faces": {
				"north": {"uv": [6.375, 13.125, 6.125, 13.375], "texture": "#herbalist_headset", "cullface": "east"},
				"east": {"uv": [7.375, 12.25, 7.25, 12.5], "texture": "#herbalist_headset", "cullface": "east"},
				"south": {"uv": [0, 0, 0, 0], "texture": "#herbalist_headset"},
				"west": {"uv": [7.25, 12.5, 7.375, 12.75], "texture": "#herbalist_headset", "cullface": "east"},
				"up": {"uv": [7.375, 11.625, 7.625, 11.5], "texture": "#herbalist_headset", "cullface": "east"},
				"down": {"uv": [7.375, 11.625, 7.625, 11.75], "texture": "#herbalist_headset", "cullface": "east"}
			}
		},
		{
			"name": "Voxels",
			"from": [17.5, 11.5, 9.5],
			"to": [18.5, 13, 10],
			"faces": {
				"north": {"uv": [5.75, 13.25, 5.5, 13.625], "texture": "#herbalist_headset", "cullface": "east"},
				"east": {"uv": [6.625, 9.375, 6.5, 9.75], "texture": "#herbalist_headset", "cullface": "east"},
				"south": {"uv": [5.75, 13.25, 6, 13.625], "texture": "#herbalist_headset", "cullface": "east"},
				"west": {"uv": [6.5, 9.75, 6.625, 10.125], "texture": "#herbalist_headset", "cullface": "east"},
				"up": {"uv": [7.375, 11.125, 7.625, 11], "texture": "#herbalist_headset", "cullface": "east"},
				"down": {"uv": [7.375, 11.125, 7.625, 11.25], "texture": "#herbalist_headset", "cullface": "east"}
			}
		},
		{
			"name": "Voxels",
			"from": [17.5, 12, 5],
			"to": [18.5, 13, 5.5],
			"faces": {
				"north": {"uv": [0, 0, 0, 0], "texture": "#herbalist_headset"},
				"east": {"uv": [7.375, 11.75, 7.25, 12], "texture": "#herbalist_headset", "cullface": "east"},
				"south": {"uv": [6.25, 12.375, 6.5, 12.625], "texture": "#herbalist_headset", "cullface": "east"},
				"west": {"uv": [7.25, 12, 7.375, 12.25], "texture": "#herbalist_headset", "cullface": "east"},
				"up": {"uv": [7.375, 10.375, 7.625, 10.25], "texture": "#herbalist_headset", "cullface": "east"},
				"down": {"uv": [7.375, 10.375, 7.625, 10.5], "texture": "#herbalist_headset", "cullface": "east"}
			}
		},
		{
			"name": "Voxels",
			"from": [17.5, 12, 10],
			"to": [18.5, 13, 10.5],
			"faces": {
				"north": {"uv": [0, 0, 0, 0], "texture": "#herbalist_headset"},
				"east": {"uv": [7.375, 11.25, 7.25, 11.5], "texture": "#herbalist_headset", "cullface": "east"},
				"south": {"uv": [6.25, 12.125, 6.5, 12.375], "texture": "#herbalist_headset", "cullface": "east"},
				"west": {"uv": [7.25, 11.5, 7.375, 11.75], "texture": "#herbalist_headset", "cullface": "east"},
				"up": {"uv": [7.375, 9.875, 7.625, 9.75], "texture": "#herbalist_headset", "cullface": "east"},
				"down": {"uv": [7.375, 9.875, 7.625, 10], "texture": "#herbalist_headset", "cullface": "east"}
			}
		},
		{
			"name": "Voxels",
			"from": [17.5, 12.5, 2],
			"to": [18.5, 13, 2.5],
			"faces": {
				"north": {"uv": [7.625, 9.125, 7.375, 9.25], "texture": "#herbalist_headset", "cullface": "east"},
				"east": {"uv": [8, 10.5, 7.875, 10.625], "texture": "#herbalist_headset", "cullface": "east"},
				"south": {"uv": [0, 0, 0, 0], "texture": "#herbalist_headset"},
				"west": {"uv": [7.875, 10.625, 8, 10.75], "texture": "#herbalist_headset", "cullface": "east"},
				"up": {"uv": [7.375, 9.375, 7.625, 9.25], "texture": "#herbalist_headset", "cullface": "east"},
				"down": {"uv": [7.375, 9.375, 7.625, 9.5], "texture": "#herbalist_headset", "cullface": "east"}
			}
		},
		{
			"name": "Voxels",
			"from": [17.5, 12.5, 16.5],
			"to": [18, 14.5, 17],
			"faces": {
				"north": {"uv": [6.125, 11.625, 6, 12.125], "texture": "#herbalist_headset"},
				"east": {"uv": [6.5, 11.625, 6.375, 12.125], "texture": "#herbalist_headset"},
				"south": {"uv": [6.125, 11.625, 6.25, 12.125], "texture": "#herbalist_headset"},
				"west": {"uv": [0, 0, 0, 0], "texture": "#herbalist_headset"},
				"up": {"uv": [7.875, 10.375, 8, 10.25], "texture": "#herbalist_headset"},
				"down": {"uv": [7.875, 10.375, 8, 10.5], "texture": "#herbalist_headset"}
			}
		},
		{
			"name": "Voxels",
			"from": [17.5, 13, -0.5],
			"to": [18, 14, 0.5],
			"faces": {
				"north": {"uv": [0, 0, 0, 0], "texture": "#herbalist_headset"},
				"east": {"uv": [6.5, 11.375, 6.25, 11.625], "texture": "#herbalist_headset", "cullface": "east"},
				"south": {"uv": [0, 0, 0, 0], "texture": "#herbalist_headset"},
				"west": {"uv": [0, 0, 0, 0], "texture": "#herbalist_headset"},
				"up": {"uv": [7.25, 11, 7.375, 10.75], "texture": "#herbalist_headset", "cullface": "east"},
				"down": {"uv": [7.25, 11, 7.375, 11.25], "texture": "#herbalist_headset", "cullface": "east"}
			}
		},
		{
			"name": "Voxels",
			"from": [17.5, 13, 13],
			"to": [18.5, 14, 13.5],
			"faces": {
				"north": {"uv": [6.25, 11.125, 6, 11.375], "texture": "#herbalist_headset", "cullface": "east"},
				"east": {"uv": [7.375, 9.25, 7.25, 9.5], "texture": "#herbalist_headset", "cullface": "east"},
				"south": {"uv": [6.25, 11.125, 6.5, 11.375], "texture": "#herbalist_headset", "cullface": "east"},
				"west": {"uv": [0, 0, 0, 0], "texture": "#herbalist_headset"},
				"up": {"uv": [7.375, 8.375, 7.625, 8.25], "texture": "#herbalist_headset", "cullface": "east"},
				"down": {"uv": [7.375, 8.375, 7.625, 8.5], "texture": "#herbalist_headset", "cullface": "east"}
			}
		},
		{
			"name": "Voxels",
			"from": [17.5, 13, 13.5],
			"to": [18.5, 13.5, 14],
			"faces": {
				"north": {"uv": [0, 0, 0, 0], "texture": "#herbalist_headset"},
				"east": {"uv": [10.25, 15.875, 10.125, 16], "texture": "#herbalist_headset", "cullface": "east"},
				"south": {"uv": [7.625, 15.5, 7.875, 15.625], "texture": "#herbalist_headset", "cullface": "east"},
				"west": {"uv": [0, 0, 0, 0], "texture": "#herbalist_headset"},
				"up": {"uv": [7.625, 15.875, 7.875, 15.75], "texture": "#herbalist_headset", "cullface": "east"},
				"down": {"uv": [7.625, 15.875, 7.875, 16], "texture": "#herbalist_headset", "cullface": "east"}
			}
		},
		{
			"name": "Voxels",
			"from": [17.5, 13, 14],
			"to": [18, 14, 16.5],
			"faces": {
				"north": {"uv": [7.375, 9, 7.25, 9.25], "texture": "#herbalist_headset", "cullface": "east"},
				"east": {"uv": [4.625, 10.25, 4, 10.5], "texture": "#herbalist_headset", "cullface": "east"},
				"south": {"uv": [0, 0, 0, 0], "texture": "#herbalist_headset"},
				"west": {"uv": [3.375, 10.25, 4, 10.5], "texture": "#herbalist_headset", "cullface": "east"},
				"up": {"uv": [5.5, 12.5, 5.625, 11.875], "texture": "#herbalist_headset", "cullface": "east"},
				"down": {"uv": [5.375, 11.875, 5.5, 12.5], "texture": "#herbalist_headset", "cullface": "east"}
			}
		},
		{
			"name": "Voxels",
			"from": [17.5, 13.5, 10.5],
			"to": [18.5, 15.5, 11],
			"faces": {
				"north": {"uv": [4, 8.25, 3.75, 8.75], "texture": "#herbalist_headset", "cullface": "east"},
				"east": {"uv": [6.25, 9.875, 6.125, 10.375], "texture": "#herbalist_headset", "cullface": "east"},
				"south": {"uv": [4, 8.75, 4.25, 9.25], "texture": "#herbalist_headset", "cullface": "east"},
				"west": {"uv": [6, 9.875, 6.125, 10.375], "texture": "#herbalist_headset", "cullface": "east"},
				"up": {"uv": [7.625, 14.875, 7.875, 14.75], "texture": "#herbalist_headset", "cullface": "east"},
				"down": {"uv": [7.625, 14.875, 7.875, 15], "texture": "#herbalist_headset", "cullface": "east"}
			}
		},
		{
			"name": "Voxels",
			"from": [17.5, 13.5, 12],
			"to": [18.5, 14.5, 12.5],
			"faces": {
				"north": {"uv": [6.5, 10.125, 6.25, 10.375], "texture": "#herbalist_headset", "cullface": "east"},
				"east": {"uv": [7.75, 13.875, 7.625, 14.125], "texture": "#herbalist_headset", "cullface": "east"},
				"south": {"uv": [6.25, 9.875, 6.5, 10.125], "texture": "#herbalist_headset", "cullface": "east"},
				"west": {"uv": [7.25, 8, 7.375, 8.25], "texture": "#herbalist_headset", "cullface": "east"},
				"up": {"uv": [5.75, 10, 6, 9.875], "texture": "#herbalist_headset", "cullface": "east"},
				"down": {"uv": [7.625, 14.125, 7.875, 14.25], "texture": "#herbalist_headset", "cullface": "east"}
			}
		},
		{
			"name": "Voxels",
			"from": [17.5, 13.5, 12.5],
			"to": [18.5, 14, 13],
			"faces": {
				"north": {"uv": [0, 0, 0, 0], "texture": "#herbalist_headset"},
				"east": {"uv": [13.25, 15.875, 13.125, 16], "texture": "#herbalist_headset", "cullface": "east"},
				"south": {"uv": [0, 0, 0, 0], "texture": "#herbalist_headset"},
				"west": {"uv": [0, 0, 0, 0], "texture": "#herbalist_headset"},
				"up": {"uv": [7.625, 13.75, 7.875, 13.625], "texture": "#herbalist_headset", "cullface": "east"},
				"down": {"uv": [7.625, 13.75, 7.875, 13.875], "texture": "#herbalist_headset", "cullface": "east"}
			}
		},
		{
			"name": "Voxels",
			"from": [17.5, 13.5, 13.5],
			"to": [18, 14, 14],
			"faces": {
				"north": {"uv": [0, 0, 0, 0], "texture": "#herbalist_headset"},
				"east": {"uv": [14, 15.875, 13.875, 16], "texture": "#herbalist_headset", "cullface": "east"},
				"south": {"uv": [0, 0, 0, 0], "texture": "#herbalist_headset"},
				"west": {"uv": [0, 0, 0, 0], "texture": "#herbalist_headset"},
				"up": {"uv": [13.375, 16, 13.5, 15.875], "texture": "#herbalist_headset", "cullface": "east"},
				"down": {"uv": [0, 0, 0, 0], "texture": "#herbalist_headset"}
			}
		},
		{
			"name": "Voxels",
			"from": [17.5, 14, 5],
			"to": [18.5, 15, 6],
			"faces": {
				"north": {"uv": [6.25, 9.375, 6, 9.625], "texture": "#herbalist_headset", "cullface": "east"},
				"east": {"uv": [6.5, 9.125, 6.25, 9.375], "texture": "#herbalist_headset", "cullface": "east"},
				"south": {"uv": [6.25, 9.375, 6.5, 9.625], "texture": "#herbalist_headset", "cullface": "east"},
				"west": {"uv": [6, 9.125, 6.25, 9.375], "texture": "#herbalist_headset", "cullface": "east"},
				"up": {"uv": [6.25, 9.875, 6.5, 9.625], "texture": "#herbalist_headset", "cullface": "east"},
				"down": {"uv": [6, 9.625, 6.25, 9.875], "texture": "#herbalist_headset", "cullface": "east"}
			}
		},
		{
			"name": "Voxels",
			"from": [17.5, 14, 10],
			"to": [18.5, 14.5, 10.5],
			"faces": {
				"north": {"uv": [7.875, 12.25, 7.625, 12.375], "texture": "#herbalist_headset", "cullface": "east"},
				"east": {"uv": [15.5, 15.875, 15.375, 16], "texture": "#herbalist_headset", "cullface": "east"},
				"south": {"uv": [0, 0, 0, 0], "texture": "#herbalist_headset"},
				"west": {"uv": [15.25, 15.875, 15.375, 16], "texture": "#herbalist_headset", "cullface": "east"},
				"up": {"uv": [7.625, 12.5, 7.875, 12.375], "texture": "#herbalist_headset", "cullface": "east"},
				"down": {"uv": [7.625, 12.5, 7.875, 12.625], "texture": "#herbalist_headset", "cullface": "east"}
			}
		},
		{
			"name": "Voxels",
			"from": [17.5, 14, 11.5],
			"to": [18.5, 15.5, 12],
			"faces": {
				"north": {"uv": [5.25, 13.75, 5, 14.125], "texture": "#herbalist_headset", "cullface": "east"},
				"east": {"uv": [6.875, 14.375, 6.75, 14.75], "texture": "#herbalist_headset", "cullface": "east"},
				"south": {"uv": [5, 13, 5.25, 13.375], "texture": "#herbalist_headset", "cullface": "east"},
				"west": {"uv": [6.625, 14.375, 6.75, 14.75], "texture": "#herbalist_headset", "cullface": "east"},
				"up": {"uv": [7.625, 12, 7.875, 11.875], "texture": "#herbalist_headset", "cullface": "east"},
				"down": {"uv": [7.625, 12, 7.875, 12.125], "texture": "#herbalist_headset", "cullface": "east"}
			}
		},
		{
			"name": "Voxels",
			"from": [17.5, 15, 5.5],
			"to": [18.5, 16, 7.5],
			"faces": {
				"north": {"uv": [6.5, 8.625, 6.25, 8.875], "texture": "#herbalist_headset", "cullface": "east"},
				"east": {"uv": [5, 9.5, 4.5, 9.75], "texture": "#herbalist_headset", "cullface": "east"},
				"south": {"uv": [6.25, 8.375, 6.5, 8.625], "texture": "#herbalist_headset", "cullface": "east"},
				"west": {"uv": [4, 8.5, 4.5, 8.75], "texture": "#herbalist_headset", "cullface": "east"},
				"up": {"uv": [4.5, 9.25, 4.75, 8.75], "texture": "#herbalist_headset", "cullface": "east"},
				"down": {"uv": [4.25, 8.75, 4.5, 9.25], "texture": "#herbalist_headset", "cullface": "east"}
			}
		},
		{
			"name": "Voxels",
			"from": [17.5, 15, 11],
			"to": [18.5, 16, 11.5],
			"faces": {
				"north": {"uv": [6.25, 8.125, 6, 8.375], "texture": "#herbalist_headset", "cullface": "east"},
				"east": {"uv": [7.75, 9.875, 7.625, 10.125], "texture": "#herbalist_headset", "cullface": "east"},
				"south": {"uv": [6.25, 8.125, 6.5, 8.375], "texture": "#herbalist_headset", "cullface": "east"},
				"west": {"uv": [7.75, 13.125, 7.875, 13.375], "texture": "#herbalist_headset", "cullface": "east"},
				"up": {"uv": [7.625, 10.5, 7.875, 10.375], "texture": "#herbalist_headset", "cullface": "east"},
				"down": {"uv": [7.625, 10.5, 7.875, 10.625], "texture": "#herbalist_headset", "cullface": "east"}
			}
		},
		{
			"name": "Voxels",
			"from": [17.5, 16, 6],
			"to": [18.5, 16.5, 7],
			"faces": {
				"north": {"uv": [7.875, 9.5, 7.625, 9.625], "texture": "#herbalist_headset"},
				"east": {"uv": [7.875, 9.125, 7.625, 9.25], "texture": "#herbalist_headset"},
				"south": {"uv": [7.625, 9.375, 7.875, 9.5], "texture": "#herbalist_headset"},
				"west": {"uv": [7.625, 9.25, 7.875, 9.375], "texture": "#herbalist_headset"},
				"up": {"uv": [6.625, 15.75, 6.875, 15.5], "texture": "#herbalist_headset"},
				"down": {"uv": [0, 0, 0, 0], "texture": "#herbalist_headset"}
			}
		},
		{
			"name": "Voxels",
			"from": [18, 12.5, 8],
			"to": [18.5, 13.5, 8.5],
			"faces": {
				"north": {"uv": [7.875, 9.875, 7.75, 10.125], "texture": "#herbalist_headset", "cullface": "east"},
				"east": {"uv": [7.75, 8.625, 7.625, 8.875], "texture": "#herbalist_headset", "cullface": "east"},
				"south": {"uv": [7.625, 8.875, 7.75, 9.125], "texture": "#herbalist_headset", "cullface": "east"},
				"west": {"uv": [0, 0, 0, 0], "texture": "#herbalist_headset"},
				"up": {"uv": [8, 13.25, 8.125, 13.125], "texture": "#herbalist_headset", "cullface": "east"},
				"down": {"uv": [0, 0, 0, 0], "texture": "#herbalist_headset"}
			}
		},
		{
			"name": "Voxels",
			"from": [18, 13, 1.5],
			"to": [18.5, 14, 2],
			"faces": {
				"north": {"uv": [7.875, 8.625, 7.75, 8.875], "texture": "#herbalist_headset", "cullface": "east"},
				"east": {"uv": [7.75, 8.125, 7.625, 8.375], "texture": "#herbalist_headset", "cullface": "east"},
				"south": {"uv": [7.625, 8.375, 7.75, 8.625], "texture": "#herbalist_headset", "cullface": "east"},
				"west": {"uv": [0, 0, 0, 0], "texture": "#herbalist_headset"},
				"up": {"uv": [8, 12.5, 8.125, 12.375], "texture": "#herbalist_headset", "cullface": "east"},
				"down": {"uv": [8, 12.5, 8.125, 12.625], "texture": "#herbalist_headset", "cullface": "east"}
			}
		},
		{
			"name": "Voxels",
			"from": [18, 13, 2],
			"to": [18.5, 13.5, 2.5],
			"faces": {
				"north": {"uv": [0, 0, 0, 0], "texture": "#herbalist_headset"},
				"east": {"uv": [8.125, 11.125, 8, 11.25], "texture": "#herbalist_headset", "cullface": "east"},
				"south": {"uv": [8, 11.375, 8.125, 11.5], "texture": "#herbalist_headset", "cullface": "east"},
				"west": {"uv": [0, 0, 0, 0], "texture": "#herbalist_headset"},
				"up": {"uv": [8, 11.75, 8.125, 11.625], "texture": "#herbalist_headset", "cullface": "east"},
				"down": {"uv": [0, 0, 0, 0], "texture": "#herbalist_headset"}
			}
		},
		{
			"name": "Voxels",
			"from": [18, 13, 4.5],
			"to": [18.5, 13.5, 5.5],
			"faces": {
				"north": {"uv": [8.125, 10.75, 8, 10.875], "texture": "#herbalist_headset", "cullface": "east"},
				"east": {"uv": [8.25, 15.875, 8, 16], "texture": "#herbalist_headset", "cullface": "east"},
				"south": {"uv": [8, 10.625, 8.125, 10.75], "texture": "#herbalist_headset", "cullface": "east"},
				"west": {"uv": [0, 0, 0, 0], "texture": "#herbalist_headset"},
				"up": {"uv": [7.875, 16, 8, 15.75], "texture": "#herbalist_headset", "cullface": "east"},
				"down": {"uv": [7.75, 8.125, 7.875, 8.375], "texture": "#herbalist_headset", "cullface": "east"}
			}
		},
		{
			"name": "Voxels",
			"from": [18, 13, 7.5],
			"to": [18.5, 14.5, 8],
			"faces": {
				"north": {"uv": [6.875, 13.25, 6.75, 13.625], "texture": "#herbalist_headset", "cullface": "east"},
				"east": {"uv": [6.75, 12.5, 6.625, 12.875], "texture": "#herbalist_headset", "cullface": "east"},
				"south": {"uv": [6.625, 12.875, 6.75, 13.25], "texture": "#herbalist_headset", "cullface": "east"},
				"west": {"uv": [0, 0, 0, 0], "texture": "#herbalist_headset"},
				"up": {"uv": [8, 10.25, 8.125, 10.125], "texture": "#herbalist_headset", "cullface": "east"},
				"down": {"uv": [8, 10.25, 8.125, 10.375], "texture": "#herbalist_headset", "cullface": "east"}
			}
		},
		{
			"name": "Voxels",
			"from": [18, 13, 10],
			"to": [18.5, 14, 10.5],
			"faces": {
				"north": {"uv": [8, 15.5, 7.875, 15.75], "texture": "#herbalist_headset", "cullface": "east"},
				"east": {"uv": [8, 14.75, 7.875, 15], "texture": "#herbalist_headset", "cullface": "east"},
				"south": {"uv": [7.875, 15.25, 8, 15.5], "texture": "#herbalist_headset", "cullface": "east"},
				"west": {"uv": [0, 0, 0, 0], "texture": "#herbalist_headset"},
				"up": {"uv": [0, 0, 0, 0], "texture": "#herbalist_headset"},
				"down": {"uv": [0, 0, 0, 0], "texture": "#herbalist_headset"}
			}
		},
		{
			"name": "Voxels",
			"from": [18, 13.5, 1],
			"to": [18.5, 14, 1.5],
			"faces": {
				"north": {"uv": [8.125, 8.5, 8, 8.625], "texture": "#herbalist_headset", "cullface": "east"},
				"east": {"uv": [8.125, 8.125, 8, 8.25], "texture": "#herbalist_headset", "cullface": "east"},
				"south": {"uv": [0, 0, 0, 0], "texture": "#herbalist_headset"},
				"west": {"uv": [0, 0, 0, 0], "texture": "#herbalist_headset"},
				"up": {"uv": [8, 8.75, 8.125, 8.625], "texture": "#herbalist_headset", "cullface": "east"},
				"down": {"uv": [8, 8.75, 8.125, 8.875], "texture": "#herbalist_headset", "cullface": "east"}
			}
		},
		{
			"name": "Voxels",
			"from": [18, 13.5, 5],
			"to": [18.5, 14, 6],
			"faces": {
				"north": {"uv": [8.375, 15.75, 8.25, 15.875], "texture": "#herbalist_headset", "cullface": "east"},
				"east": {"uv": [9.75, 15.875, 9.5, 16], "texture": "#herbalist_headset", "cullface": "east"},
				"south": {"uv": [8.375, 15.75, 8.5, 15.875], "texture": "#herbalist_headset", "cullface": "east"},
				"west": {"uv": [0, 0, 0, 0], "texture": "#herbalist_headset"},
				"up": {"uv": [0, 0, 0, 0], "texture": "#herbalist_headset"},
				"down": {"uv": [7.875, 14.5, 8, 14.75], "texture": "#herbalist_headset", "cullface": "east"}
			}
		},
		{
			"name": "Voxels",
			"from": [18, 14, 7],
			"to": [18.5, 14.5, 7.5],
			"faces": {
				"north": {"uv": [9.125, 15.75, 9, 15.875], "texture": "#herbalist_headset", "cullface": "east"},
				"east": {"uv": [9.5, 15.75, 9.375, 15.875], "texture": "#herbalist_headset", "cullface": "east"},
				"south": {"uv": [0, 0, 0, 0], "texture": "#herbalist_headset"},
				"west": {"uv": [0, 0, 0, 0], "texture": "#herbalist_headset"},
				"up": {"uv": [0, 0, 0, 0], "texture": "#herbalist_headset"},
				"down": {"uv": [8.75, 15.75, 8.875, 15.875], "texture": "#herbalist_headset", "cullface": "east"}
			}
		},
		{
			"from": [7.5, 8.5, 17.8],
			"to": [8.5, 9.5, 20.8],
			"rotation": {"angle": -22.5, "axis": "x", "origin": [8, 9, 18.5]},
			"faces": {
				"north": {"uv": [10, 11.125, 11, 12.125], "texture": "#herbalist_headset"},
				"east": {"uv": [8.375, 9.375, 8.5, 9.75], "rotation": 270, "texture": "#herbalist_headset"},
				"south": {"uv": [9.125, 14.125, 10.125, 15.125], "texture": "#herbalist_headset"},
				"west": {"uv": [8.125, 9.375, 8.25, 9.75], "rotation": 90, "texture": "#herbalist_headset"},
				"up": {"uv": [8.5, 9.375, 8.625, 9.75], "rotation": 180, "texture": "#herbalist_headset"},
				"down": {"uv": [8.25, 9.375, 8.375, 9.75], "rotation": 180, "texture": "#herbalist_headset"}
			}
		},
		{
			"from": [7.5, 13.5, 17.5],
			"to": [8.5, 14.5, 21],
			"rotation": {"angle": 22.5, "axis": "x", "origin": [8, 14, 18]},
			"faces": {
				"east": {"uv": [8.375, 8, 8.5, 8.4375], "rotation": 90, "texture": "#herbalist_headset"},
				"south": {"uv": [8.25, 8.5, 8.375, 8.625], "texture": "#herbalist_headset"},
				"west": {"uv": [8.125, 8, 8.25, 8.4375], "rotation": 270, "texture": "#herbalist_headset"},
				"up": {"uv": [8.25, 8, 8.375, 8.4375], "texture": "#herbalist_headset"},
				"down": {"uv": [8.5, 8, 8.625, 8.4375], "rotation": 180, "texture": "#herbalist_headset"}
			}
		},
		{
			"from": [7.5, 9.2, 20],
			"to": [8.5, 13.7, 21],
			"rotation": {"angle": 0, "axis": "x", "origin": [8, 9, 18.5]},
			"faces": {
				"north": {"uv": [8.5, 8.625, 8.625, 9.1875], "texture": "#herbalist_headset"},
				"east": {"uv": [8.375, 8.625, 8.5, 9.1875], "texture": "#herbalist_headset"},
				"south": {"uv": [8.25, 8.625, 8.375, 9.1875], "texture": "#herbalist_headset"},
				"west": {"uv": [8.125, 8.625, 8.25, 9.1875], "texture": "#herbalist_headset"},
				"up": {"uv": [8.25, 8.5, 8.375, 8.625], "texture": "#herbalist_headset"},
				"down": {"uv": [8.25, 9.25, 8.375, 9.375], "texture": "#herbalist_headset"}
			}
		}
	]
}