{
	"credit": "Made with Blockbench",
	"texture_size": [256, 256],
	"elements": [
		{
			"from": [-14, -5.5, 6],
			"to": [30, 24.25, 8],
			"faces": {
				"north": {"uv": [0, 7.4375, 11, 14.875], "texture": "#1"},
				"east": {"uv": [11.5, 0, 12, 7.4375], "texture": "#1"},
				"south": {"uv": [0, 0, 11, 7.4375], "texture": "#1"},
				"west": {"uv": [11.5, 0, 12, 7.4375], "texture": "#1"},
				"up": {"uv": [11, 0, 11.5, 11], "rotation": 90, "texture": "#1"},
				"down": {"uv": [11, 0, 11.5, 11], "rotation": 90, "texture": "#1"}
			}
		},
		{
			"from": [29.25, 24, 6],
			"to": [29.5, 24.25, 8],
			"faces": {
				"east": {"uv": [11.5, 0.125, 12, 0.1875], "texture": "#1"}
			}
		},
		{
			"from": [29.25, -5.5, 6],
			"to": [29.5, -5.25, 8],
			"rotation": {"angle": 0, "axis": "y", "origin": [8, -21, 8]},
			"faces": {
				"east": {"uv": [11.5, 0.3125, 12, 0.375], "texture": "#1"}
			}
		},
		{
			"from": [-13.5, -5.5, 6],
			"to": [-13.25, -5.25, 8],
			"rotation": {"angle": 0, "axis": "y", "origin": [-36, -21, 8]},
			"faces": {
				"west": {"uv": [11.5, 0.3125, 12, 0.375], "texture": "#1"}
			}
		},
		{
			"from": [-14, 23.5, 6],
			"to": [-13.75, 23.75, 8],
			"rotation": {"angle": 0, "axis": "y", "origin": [-36, 8, 8]},
			"faces": {
				"up": {"uv": [11.5, 0.3125, 12, 0.375], "rotation": 270, "texture": "#1"}
			}
		},
		{
			"from": [29.5, 23.75, 6],
			"to": [29.75, 24, 8],
			"faces": {
				"east": {"uv": [11.5, 0.25, 12, 0.3125], "texture": "#1"},
				"up": {"uv": [11.5, 0.1875, 12, 0.25], "rotation": 270, "texture": "#1"}
			}
		},
		{
			"from": [29.5, -5.25, 6],
			"to": [29.75, -5, 8],
			"rotation": {"angle": 0, "axis": "y", "origin": [8, -21, 8]},
			"faces": {
				"east": {"uv": [11.5, 0.1875, 12, 0.25], "texture": "#1"},
				"down": {"uv": [11.5, 0.25, 12, 0.3125], "rotation": 90, "texture": "#1"}
			}
		},
		{
			"from": [-13.75, -5.25, 6],
			"to": [-13.5, -5, 8],
			"rotation": {"angle": 0, "axis": "y", "origin": [-36, -21, 8]},
			"faces": {
				"west": {"uv": [11.5, 0.1875, 12, 0.25], "texture": "#1"},
				"down": {"uv": [11.5, 0.25, 12, 0.3125], "rotation": 90, "texture": "#1"}
			}
		},
		{
			"from": [-13.75, 23.75, 6],
			"to": [-13.5, 24, 8],
			"rotation": {"angle": 0, "axis": "y", "origin": [-36, 8, 8]},
			"faces": {
				"west": {"uv": [11.5, 0.25, 12, 0.3125], "texture": "#1"},
				"up": {"uv": [11.5, 0.1875, 12, 0.25], "rotation": 270, "texture": "#1"}
			}
		},
		{
			"from": [29.75, 23.5, 6],
			"to": [30, 23.75, 8],
			"faces": {
				"up": {"uv": [11.5, 0.3125, 12, 0.375], "rotation": 270, "texture": "#1"}
			}
		},
		{
			"from": [29.75, -5, 6],
			"to": [30, -4.75, 8],
			"rotation": {"angle": 0, "axis": "y", "origin": [8, -21, 8]},
			"faces": {
				"down": {"uv": [11.5, 0.125, 12, 0.1875], "rotation": 90, "texture": "#1"}
			}
		},
		{
			"from": [-14, -5, 6],
			"to": [-13.75, -4.75, 8],
			"rotation": {"angle": 0, "axis": "y", "origin": [-36, -21, 8]},
			"faces": {
				"down": {"uv": [11.5, 0.125, 12, 0.1875], "rotation": 90, "texture": "#1"}
			}
		},
		{
			"from": [-13.5, 24, 6],
			"to": [-13.25, 24.25, 8],
			"rotation": {"angle": 0, "axis": "y", "origin": [-36, 8, 8]},
			"faces": {
				"west": {"uv": [11.5, 0.125, 12, 0.1875], "texture": "#1"}
			}
		}
	],
	"gui_light": "front",
	"display": {
		"thirdperson_righthand": {
			"rotation": [10, -75, 0],
			"translation": [-1.25, 0.75, -1.75],
			"scale": [0.18, 0.18, 0.18]
		},
		"firstperson_righthand": {
			"rotation": [0, -12.5, -3],
			"translation": [-1.75, 2.75, 0],
			"scale": [0.2, 0.2, 0.2]
		},
		"ground": {
			"rotation": [-90, 0, 0],
			"scale": [0.18, 0.18, 0.18]
		},
		"gui": {
			"scale": [0.35, 0.35, 0.35]
		},
		"fixed": {
			"rotation": [0, -180, 0],
			"translation": [0, 0, 0.25],
			"scale": [0.35, 0.35, 0.35]
		}
	}
}