{
    "parent": "minecraft:item/handheld",
    "textures": {
        "layer0": "crystalpledge:item/scalpel"
    },
    "display": {
        "thirdperson_righthand": {
            "rotation": [ 0, 90, 35 ],
            "translation": [ 0, 2.0, 0.5 ],
            "scale": [ 0.4, 0.4, 0.4 ]
        },
        "thirdperson_lefthand": {
            "rotation": [ 0, -90, -35 ],
            "translation": [ 0, 2.0, 0.5 ],
            "scale": [ 0.4, 0.4, 0.4 ]
        },
        "firstperson_righthand": {
            "rotation": [ 0, 90, 0 ],
            "translation": [ 1.13, 2.2, 2.13 ],
            "scale": [ 0.4, 0.4, 0.4 ]
        },
        "firstperson_lefthand": {
            "rotation": [ 0, -90, 0 ],
            "translation": [ 1.13, 2.2, 2.13 ],
            "scale": [ 0.4, 0.4, 0.4 ]
        }
    }
}
