{
	"credit": "Made with Blockbench",
	"texture_size": [64, 64],
	"textures": {
		"1": "crystalpledge:item/scepter",
		"particle": "crystalpledge:item/scepter"
	},
	"elements": [
		{
			"from": [7.5, 26.5, 7.5],
			"to": [8.5, 26.75, 8.5],
			"rotation": {"angle": 0, "axis": "y", "origin": [15, 35, 16]},
			"faces": {
				"north": {"uv": [2, 8.75, 2.25, 9.25], "rotation": 270, "texture": "#1"},
				"east": {"uv": [2.25, 8.5, 2.75, 8.75], "rotation": 180, "texture": "#1"},
				"south": {"uv": [2.75, 8.75, 3, 9.25], "rotation": 90, "texture": "#1"},
				"west": {"uv": [2.25, 9.25, 2.75, 9.5], "texture": "#1"},
				"up": {"uv": [2.25, 8.75, 2.75, 9.25], "rotation": 90, "texture": "#1"}
			}
		},
		{
			"from": [9.5, 24.5, 7.5],
			"to": [9.75, 25.5, 8.5],
			"rotation": {"angle": 0, "axis": "y", "origin": [17, 33, 16]},
			"faces": {
				"north": {"uv": [2, 14.75, 2.25, 15.25], "rotation": 180, "texture": "#1"},
				"east": {"uv": [2.25, 14.75, 2.75, 15.25], "rotation": 180, "texture": "#1"},
				"south": {"uv": [2.75, 14.75, 3, 15.25], "rotation": 180, "texture": "#1"},
				"up": {"uv": [2.25, 15.25, 2.75, 15.5], "rotation": 90, "texture": "#1"},
				"down": {"uv": [2.25, 14.5, 2.75, 14.75], "rotation": 270, "texture": "#1"}
			}
		},
		{
			"from": [6.25, 24.5, 7.5],
			"to": [6.5, 25.5, 8.5],
			"rotation": {"angle": 0, "axis": "y", "origin": [14, 33, 16]},
			"faces": {
				"north": {"uv": [2, 10.75, 2.25, 11.25], "texture": "#1"},
				"south": {"uv": [2.75, 10.75, 3, 11.25], "texture": "#1"},
				"west": {"uv": [2.25, 10.75, 2.75, 11.25], "texture": "#1"},
				"up": {"uv": [2.25, 10.5, 2.75, 10.75], "rotation": 90, "texture": "#1"},
				"down": {"uv": [2.25, 11.25, 2.75, 11.5], "rotation": 270, "texture": "#1"}
			}
		},
		{
			"from": [8.5, 26, 7.5],
			"to": [9, 26.5, 8.5],
			"rotation": {"angle": 0, "axis": "y", "origin": [16, 33, 17]},
			"faces": {
				"north": {"uv": [2, 8.25, 2.25, 8.5], "rotation": 270, "texture": "#1"},
				"east": {"uv": [2.25, 8, 2.75, 8.25], "rotation": 180, "texture": "#1"},
				"south": {"uv": [2.75, 8.25, 3, 8.5], "rotation": 90, "texture": "#1"},
				"up": {"uv": [2.25, 8.25, 2.75, 8.5], "rotation": 90, "texture": "#1"}
			}
		},
		{
			"from": [7.5, 26, 8.5],
			"to": [8.5, 26.5, 9],
			"rotation": {"angle": 0, "axis": "y", "origin": [15, 33, 18]},
			"faces": {
				"east": {"uv": [3, 8.5, 3.25, 8.75], "rotation": 180, "texture": "#1"},
				"south": {"uv": [3.25, 8.75, 3.5, 9.25], "rotation": 90, "texture": "#1"},
				"west": {"uv": [3, 9.25, 3.25, 9.5], "texture": "#1"},
				"up": {"uv": [3, 8.75, 3.25, 9.25], "rotation": 90, "texture": "#1"}
			}
		},
		{
			"from": [7, 26, 7.5],
			"to": [7.5, 26.5, 8.5],
			"rotation": {"angle": 0, "axis": "y", "origin": [14, 33, 17]},
			"faces": {
				"north": {"uv": [2, 9.5, 2.25, 9.75], "rotation": 270, "texture": "#1"},
				"south": {"uv": [2.75, 9.5, 3, 9.75], "rotation": 90, "texture": "#1"},
				"west": {"uv": [2.25, 9.75, 2.75, 10], "texture": "#1"},
				"up": {"uv": [2.25, 9.5, 2.75, 9.75], "rotation": 90, "texture": "#1"}
			}
		},
		{
			"from": [7.5, 26, 7],
			"to": [8.5, 26.5, 7.5],
			"rotation": {"angle": 0, "axis": "y", "origin": [15, 33, 16]},
			"faces": {
				"north": {"uv": [1.5, 8.75, 1.75, 9.25], "rotation": 270, "texture": "#1"},
				"east": {"uv": [1.75, 8.5, 2, 8.75], "rotation": 180, "texture": "#1"},
				"west": {"uv": [1.75, 9.25, 2, 9.5], "texture": "#1"},
				"up": {"uv": [1.75, 8.75, 2, 9.25], "rotation": 90, "texture": "#1"}
			}
		},
		{
			"from": [8.5, 25.5, 7],
			"to": [9, 26, 7.5],
			"rotation": {"angle": 0, "axis": "y", "origin": [16, 33, 16]},
			"faces": {
				"north": {"uv": [1, 15.5, 1.25, 15.75], "rotation": 180, "texture": "#1"},
				"east": {"uv": [1.75, 15.5, 2, 15.75], "rotation": 180, "texture": "#1"},
				"up": {"uv": [1.75, 8.25, 2, 8.5], "rotation": 90, "texture": "#1"}
			}
		},
		{
			"from": [8.5, 25.5, 8.5],
			"to": [9, 26, 9],
			"rotation": {"angle": 0, "axis": "y", "origin": [16, 33, 18]},
			"faces": {
				"east": {"uv": [3, 15.5, 3.25, 15.75], "rotation": 180, "texture": "#1"},
				"south": {"uv": [3.75, 15.5, 4, 15.75], "rotation": 180, "texture": "#1"},
				"up": {"uv": [3, 8.25, 3.25, 8.5], "rotation": 90, "texture": "#1"}
			}
		},
		{
			"from": [7, 25.5, 8.5],
			"to": [7.5, 26, 9],
			"rotation": {"angle": 0, "axis": "y", "origin": [14, 33, 18]},
			"faces": {
				"south": {"uv": [3.75, 9.5, 4, 9.75], "rotation": 90, "texture": "#1"},
				"west": {"uv": [3, 10.25, 3.25, 10.5], "texture": "#1"},
				"up": {"uv": [3, 9.5, 3.25, 9.75], "rotation": 90, "texture": "#1"}
			}
		},
		{
			"from": [7, 25.5, 7],
			"to": [7.5, 26, 7.5],
			"rotation": {"angle": 0, "axis": "y", "origin": [14, 33, 16]},
			"faces": {
				"north": {"uv": [1, 9.5, 1.25, 9.75], "rotation": 270, "texture": "#1"},
				"west": {"uv": [1.75, 10.25, 2, 10.5], "texture": "#1"},
				"up": {"uv": [1.75, 9.5, 2, 9.75], "rotation": 90, "texture": "#1"}
			}
		},
		{
			"from": [7.5, 25.5, 6.5],
			"to": [8.5, 26, 7],
			"rotation": {"angle": 0, "axis": "y", "origin": [15, 33, 16]},
			"faces": {
				"north": {"uv": [1, 8.75, 1.25, 9.25], "rotation": 270, "texture": "#1"},
				"east": {"uv": [1, 8.5, 1.25, 8.75], "rotation": 270, "texture": "#1"},
				"west": {"uv": [1, 9.25, 1.25, 9.5], "rotation": 270, "texture": "#1"},
				"up": {"uv": [1.25, 8.75, 1.5, 9.25], "rotation": 90, "texture": "#1"}
			}
		},
		{
			"from": [8.5, 24.5, 6.5],
			"to": [9, 25.5, 7],
			"rotation": {"angle": 0, "axis": "y", "origin": [16, 32, 16]},
			"faces": {
				"north": {"uv": [1, 14.75, 1.25, 15.25], "rotation": 180, "texture": "#1"},
				"east": {"uv": [1.25, 14.75, 1.5, 15.25], "rotation": 180, "texture": "#1"},
				"up": {"uv": [1, 15.25, 1.25, 15.5], "texture": "#1"},
				"down": {"uv": [1, 14.5, 1.25, 14.75], "texture": "#1"}
			}
		},
		{
			"from": [9, 24.5, 8.5],
			"to": [9.5, 25.5, 9],
			"rotation": {"angle": 0, "axis": "y", "origin": [16, 32, 18]},
			"faces": {
				"east": {"uv": [3, 14.75, 3.25, 15.25], "rotation": 180, "texture": "#1"},
				"south": {"uv": [3.25, 14.75, 3.5, 15.25], "rotation": 180, "texture": "#1"},
				"up": {"uv": [3, 15.25, 3.25, 15.5], "rotation": 90, "texture": "#1"},
				"down": {"uv": [3, 14.5, 3.25, 14.75], "rotation": 270, "texture": "#1"}
			}
		},
		{
			"from": [9, 24.5, 7],
			"to": [9.5, 25.5, 7.5],
			"rotation": {"angle": 0, "axis": "y", "origin": [16, 32, 16]},
			"faces": {
				"north": {"uv": [1.5, 14.75, 1.75, 15.25], "rotation": 180, "texture": "#1"},
				"east": {"uv": [1.75, 14.75, 2, 15.25], "rotation": 180, "texture": "#1"},
				"up": {"uv": [1.75, 15.25, 2, 15.5], "rotation": 90, "texture": "#1"},
				"down": {"uv": [1.75, 14.5, 2, 14.75], "rotation": 270, "texture": "#1"}
			}
		},
		{
			"from": [9, 25.5, 7.5],
			"to": [9.5, 26, 8.5],
			"rotation": {"angle": 0, "axis": "y", "origin": [16, 33, 17]},
			"faces": {
				"north": {"uv": [2, 15.5, 2.25, 15.75], "rotation": 180, "texture": "#1"},
				"east": {"uv": [2.25, 15.5, 2.75, 15.75], "rotation": 180, "texture": "#1"},
				"south": {"uv": [2.75, 15.5, 3, 15.75], "rotation": 180, "texture": "#1"},
				"up": {"uv": [2.25, 15.75, 2.75, 16], "rotation": 90, "texture": "#1"}
			}
		},
		{
			"from": [8.5, 24.5, 9],
			"to": [9, 25.5, 9.5],
			"rotation": {"angle": 0, "axis": "y", "origin": [16, 32, 18]},
			"faces": {
				"east": {"uv": [3.5, 14.75, 3.75, 15.25], "rotation": 180, "texture": "#1"},
				"south": {"uv": [3.75, 14.75, 4, 15.25], "rotation": 180, "texture": "#1"},
				"up": {"uv": [3.75, 15.25, 4, 15.5], "rotation": 180, "texture": "#1"},
				"down": {"uv": [3.75, 14.5, 4, 14.75], "rotation": 180, "texture": "#1"}
			}
		},
		{
			"from": [7.5, 25.5, 9],
			"to": [8.5, 26, 9.5],
			"rotation": {"angle": 0, "axis": "y", "origin": [15, 33, 18]},
			"faces": {
				"east": {"uv": [3.75, 8.5, 4, 8.75], "rotation": 90, "texture": "#1"},
				"south": {"uv": [3.75, 8.75, 4, 9.25], "rotation": 90, "texture": "#1"},
				"west": {"uv": [3.75, 9.25, 4, 9.5], "rotation": 90, "texture": "#1"},
				"up": {"uv": [3.5, 8.75, 3.75, 9.25], "rotation": 90, "texture": "#1"}
			}
		},
		{
			"from": [7, 24.5, 9],
			"to": [7.5, 25.5, 9.5],
			"rotation": {"angle": 0, "axis": "y", "origin": [14, 32, 18]},
			"faces": {
				"south": {"uv": [3.75, 10.75, 4, 11.25], "texture": "#1"},
				"west": {"uv": [3.5, 10.75, 3.75, 11.25], "texture": "#1"},
				"up": {"uv": [3.75, 10.5, 4, 10.75], "texture": "#1"},
				"down": {"uv": [3.75, 11.25, 4, 11.5], "texture": "#1"}
			}
		},
		{
			"from": [6.5, 24.5, 8.5],
			"to": [7, 25.5, 9],
			"rotation": {"angle": 0, "axis": "y", "origin": [14, 32, 18]},
			"faces": {
				"south": {"uv": [3.25, 10.75, 3.5, 11.25], "texture": "#1"},
				"west": {"uv": [3, 10.75, 3.25, 11.25], "texture": "#1"},
				"up": {"uv": [3, 10.5, 3.25, 10.75], "rotation": 90, "texture": "#1"},
				"down": {"uv": [3, 11.25, 3.25, 11.5], "rotation": 270, "texture": "#1"}
			}
		},
		{
			"from": [6.5, 25.5, 7.5],
			"to": [7, 26, 8.5],
			"rotation": {"angle": 0, "axis": "y", "origin": [14, 33, 17]},
			"faces": {
				"north": {"uv": [2, 10.25, 2.25, 10.5], "texture": "#1"},
				"south": {"uv": [2.75, 10.25, 3, 10.5], "texture": "#1"},
				"west": {"uv": [2.25, 10.25, 2.75, 10.5], "texture": "#1"},
				"up": {"uv": [2.25, 10, 2.75, 10.25], "rotation": 90, "texture": "#1"}
			}
		},
		{
			"from": [6.5, 24.5, 7],
			"to": [7, 25.5, 7.5],
			"rotation": {"angle": 0, "axis": "y", "origin": [14, 32, 16]},
			"faces": {
				"north": {"uv": [1.5, 10.75, 1.75, 11.25], "texture": "#1"},
				"west": {"uv": [1.75, 10.75, 2, 11.25], "texture": "#1"},
				"up": {"uv": [1.75, 10.5, 2, 10.75], "rotation": 90, "texture": "#1"},
				"down": {"uv": [1.75, 11.25, 2, 11.5], "rotation": 270, "texture": "#1"}
			}
		},
		{
			"from": [7, 24.5, 6.5],
			"to": [7.5, 25.5, 7],
			"rotation": {"angle": 0, "axis": "y", "origin": [14, 32, 16]},
			"faces": {
				"north": {"uv": [1, 10.75, 1.25, 11.25], "texture": "#1"},
				"west": {"uv": [1.25, 10.75, 1.5, 11.25], "texture": "#1"},
				"up": {"uv": [1, 10.5, 1.25, 10.75], "rotation": 180, "texture": "#1"},
				"down": {"uv": [1, 11.25, 1.25, 11.5], "rotation": 180, "texture": "#1"}
			}
		},
		{
			"from": [7.5, 24.5, 6.255],
			"to": [8.5, 25.5, 6.505],
			"rotation": {"angle": 0, "axis": "y", "origin": [15, 32, 15]},
			"faces": {
				"north": {"uv": [0.25, 8.75, 0.75, 9.25], "rotation": 270, "texture": "#1"},
				"east": {"uv": [0.25, 8.5, 0.75, 8.75], "rotation": 270, "texture": "#1"},
				"west": {"uv": [0.25, 9.25, 0.75, 9.5], "rotation": 270, "texture": "#1"},
				"up": {"uv": [0.75, 8.75, 1, 9.25], "rotation": 90, "texture": "#1"},
				"down": {"uv": [0, 8.75, 0.25, 9.25], "rotation": 90, "texture": "#1"}
			}
		},
		{
			"from": [7.5, 24.5, 9.5],
			"to": [8.5, 25.5, 9.75],
			"rotation": {"angle": 0, "axis": "y", "origin": [15, 32, 18]},
			"faces": {
				"east": {"uv": [4.75, 10.75, 5, 11.25], "texture": "#1"},
				"south": {"uv": [4.25, 10.75, 4.75, 11.25], "texture": "#1"},
				"west": {"uv": [4, 10.75, 4.25, 11.25], "texture": "#1"},
				"up": {"uv": [4.25, 10.5, 4.75, 10.75], "texture": "#1"},
				"down": {"uv": [4.25, 11.25, 4.75, 11.5], "texture": "#1"}
			}
		},
		{
			"from": [7.5, 23.25, 7.5],
			"to": [8.5, 23.5, 8.5],
			"rotation": {"angle": 0, "axis": "y", "origin": [15, 31, 16]},
			"faces": {
				"north": {"uv": [2, 12.75, 2.25, 13.25], "rotation": 90, "texture": "#1"},
				"east": {"uv": [2.25, 13.25, 2.75, 13.5], "rotation": 180, "texture": "#1"},
				"south": {"uv": [2.75, 12.75, 3, 13.25], "rotation": 270, "texture": "#1"},
				"west": {"uv": [2.25, 12.5, 2.75, 12.75], "texture": "#1"},
				"down": {"uv": [2.25, 12.75, 2.75, 13.25], "rotation": 270, "texture": "#1"}
			}
		},
		{
			"from": [8.5, 23.5, 7.5],
			"to": [9, 24, 8.5],
			"rotation": {"angle": 0, "axis": "y", "origin": [16, 31, 17]},
			"faces": {
				"north": {"uv": [2, 13.5, 2.25, 13.75], "rotation": 90, "texture": "#1"},
				"east": {"uv": [2.25, 13.75, 2.75, 14], "rotation": 180, "texture": "#1"},
				"south": {"uv": [2.75, 13.5, 3, 13.75], "rotation": 270, "texture": "#1"},
				"down": {"uv": [2.25, 13.5, 2.75, 13.75], "rotation": 270, "texture": "#1"}
			}
		},
		{
			"from": [7.5, 23.5, 7],
			"to": [8.5, 24, 7.5],
			"rotation": {"angle": 0, "axis": "y", "origin": [15, 31, 16]},
			"faces": {
				"north": {"uv": [1.5, 12.75, 1.75, 13.25], "rotation": 90, "texture": "#1"},
				"east": {"uv": [1.75, 13.25, 2, 13.5], "rotation": 180, "texture": "#1"},
				"west": {"uv": [1.75, 12.5, 2, 12.75], "texture": "#1"},
				"down": {"uv": [1.75, 12.75, 2, 13.25], "rotation": 270, "texture": "#1"}
			}
		},
		{
			"from": [7, 23.5, 7.5],
			"to": [7.5, 24, 8.5],
			"rotation": {"angle": 0, "axis": "y", "origin": [14, 31, 17]},
			"faces": {
				"north": {"uv": [2, 12.25, 2.25, 12.5], "rotation": 90, "texture": "#1"},
				"south": {"uv": [2.75, 12.25, 3, 12.5], "rotation": 270, "texture": "#1"},
				"west": {"uv": [2.25, 12, 2.75, 12.25], "texture": "#1"},
				"down": {"uv": [2.25, 12.25, 2.75, 12.5], "rotation": 270, "texture": "#1"}
			}
		},
		{
			"from": [7.5, 23.5, 8.5],
			"to": [8.5, 24, 9],
			"rotation": {"angle": 0, "axis": "y", "origin": [15, 31, 18]},
			"faces": {
				"east": {"uv": [3, 13.25, 3.25, 13.5], "rotation": 180, "texture": "#1"},
				"south": {"uv": [3.25, 12.75, 3.5, 13.25], "rotation": 270, "texture": "#1"},
				"west": {"uv": [3, 12.5, 3.25, 12.75], "texture": "#1"},
				"down": {"uv": [3, 12.75, 3.25, 13.25], "rotation": 270, "texture": "#1"}
			}
		},
		{
			"from": [8.5, 24, 8.5],
			"to": [9, 24.5, 9],
			"rotation": {"angle": 0, "axis": "y", "origin": [16, 31, 18]},
			"faces": {
				"east": {"uv": [3, 14.25, 3.25, 14.5], "rotation": 180, "texture": "#1"},
				"south": {"uv": [3.75, 13.5, 4, 13.75], "rotation": 270, "texture": "#1"},
				"down": {"uv": [3, 13.5, 3.25, 13.75], "rotation": 270, "texture": "#1"}
			}
		},
		{
			"from": [8.5, 24, 7],
			"to": [9, 24.5, 7.5],
			"rotation": {"angle": 0, "axis": "y", "origin": [16, 31, 16]},
			"faces": {
				"north": {"uv": [1, 13.5, 1.25, 13.75], "rotation": 90, "texture": "#1"},
				"east": {"uv": [1.75, 14.25, 2, 14.5], "rotation": 180, "texture": "#1"},
				"down": {"uv": [1.75, 13.5, 2, 13.75], "rotation": 270, "texture": "#1"}
			}
		},
		{
			"from": [7, 24, 7],
			"to": [7.5, 24.5, 7.5],
			"rotation": {"angle": 0, "axis": "y", "origin": [14, 31, 16]},
			"faces": {
				"north": {"uv": [1, 11.5, 1.25, 11.75], "texture": "#1"},
				"west": {"uv": [1.75, 11.5, 2, 11.75], "texture": "#1"},
				"down": {"uv": [1.75, 12.25, 2, 12.5], "rotation": 270, "texture": "#1"}
			}
		},
		{
			"from": [7, 24, 8.5],
			"to": [7.5, 24.5, 9],
			"rotation": {"angle": 0, "axis": "y", "origin": [14, 31, 18]},
			"faces": {
				"south": {"uv": [3.75, 11.5, 4, 11.75], "texture": "#1"},
				"west": {"uv": [3, 11.5, 3.25, 11.75], "texture": "#1"},
				"down": {"uv": [3, 12.25, 3.25, 12.5], "rotation": 270, "texture": "#1"}
			}
		},
		{
			"from": [7.5, 24, 9],
			"to": [8.5, 24.5, 9.5],
			"rotation": {"angle": 0, "axis": "y", "origin": [15, 31, 18]},
			"faces": {
				"east": {"uv": [3.75, 13.25, 4, 13.5], "rotation": 270, "texture": "#1"},
				"south": {"uv": [3.75, 12.75, 4, 13.25], "rotation": 270, "texture": "#1"},
				"west": {"uv": [3.75, 12.5, 4, 12.75], "rotation": 270, "texture": "#1"},
				"down": {"uv": [3.5, 12.75, 3.75, 13.25], "rotation": 270, "texture": "#1"}
			}
		},
		{
			"from": [9, 24, 7.5],
			"to": [9.5, 24.5, 8.5],
			"rotation": {"angle": 0, "axis": "y", "origin": [16, 31, 17]},
			"faces": {
				"north": {"uv": [2, 14.25, 2.25, 14.5], "rotation": 180, "texture": "#1"},
				"east": {"uv": [2.25, 14.25, 2.75, 14.5], "rotation": 180, "texture": "#1"},
				"south": {"uv": [2.75, 14.25, 3, 14.5], "rotation": 180, "texture": "#1"},
				"down": {"uv": [2.25, 14, 2.75, 14.25], "rotation": 270, "texture": "#1"}
			}
		},
		{
			"from": [7.5, 24, 6.5],
			"to": [8.5, 24.5, 7],
			"rotation": {"angle": 0, "axis": "y", "origin": [15, 31, 16]},
			"faces": {
				"north": {"uv": [1, 12.75, 1.25, 13.25], "rotation": 90, "texture": "#1"},
				"east": {"uv": [1, 13.25, 1.25, 13.5], "rotation": 90, "texture": "#1"},
				"west": {"uv": [1, 12.5, 1.25, 12.75], "rotation": 90, "texture": "#1"},
				"down": {"uv": [1.25, 12.75, 1.5, 13.25], "rotation": 270, "texture": "#1"}
			}
		},
		{
			"from": [6.5, 24, 7.5],
			"to": [7, 24.5, 8.5],
			"rotation": {"angle": 0, "axis": "y", "origin": [14, 31, 17]},
			"faces": {
				"north": {"uv": [2, 11.5, 2.25, 11.75], "texture": "#1"},
				"south": {"uv": [2.75, 11.5, 3, 11.75], "texture": "#1"},
				"west": {"uv": [2.25, 11.5, 2.75, 11.75], "texture": "#1"},
				"down": {"uv": [2.25, 11.75, 2.75, 12], "rotation": 270, "texture": "#1"}
			}
		},
		{
			"from": [7.5, 21, 6.5],
			"to": [8.5, 22, 9.5],
			"rotation": {"angle": 0, "axis": "y", "origin": [16, 29, 15]},
			"faces": {
				"north": {"uv": [0.5, 3.5, 1, 4], "rotation": 270, "texture": "#1"},
				"east": {"uv": [0, 3.5, 0.5, 5], "rotation": 90, "texture": "#1"},
				"south": {"uv": [1, 4.5, 1.5, 5], "rotation": 270, "texture": "#1"},
				"west": {"uv": [1, 3.5, 1.5, 5], "rotation": 270, "texture": "#1"},
				"up": {"uv": [1.5, 3.5, 2, 5], "texture": "#1"},
				"down": {"uv": [0.5, 3.5, 1, 5], "rotation": 180, "texture": "#1"}
			}
		},
		{
			"from": [7.5, 23.5, 4],
			"to": [8.5, 26.5, 5],
			"rotation": {"angle": 0, "axis": "y", "origin": [16, 31, 13]},
			"faces": {
				"north": {"uv": [0.5, 1.5, 1, 3], "texture": "#1"},
				"east": {"uv": [0, 1.5, 0.5, 3], "texture": "#1"},
				"south": {"uv": [1.5, 1.5, 2, 3], "texture": "#1"},
				"west": {"uv": [1, 1.5, 1.5, 3], "texture": "#1"},
				"up": {"uv": [0.5, 1.5, 1, 2], "rotation": 180, "texture": "#1"},
				"down": {"uv": [1, 2.5, 1.5, 3], "rotation": 270, "texture": "#1"}
			}
		},
		{
			"from": [7.5, 23.5, 11],
			"to": [8.5, 26.5, 12],
			"rotation": {"angle": 0, "axis": "y", "origin": [16, 31, 20]},
			"faces": {
				"north": {"uv": [1.5, 5.5, 2, 7], "rotation": 180, "texture": "#1"},
				"east": {"uv": [0, 5.5, 0.5, 7], "rotation": 180, "texture": "#1"},
				"south": {"uv": [0.5, 5.5, 1, 7], "rotation": 180, "texture": "#1"},
				"west": {"uv": [1, 5.5, 1.5, 7], "rotation": 180, "texture": "#1"},
				"up": {"uv": [1, 6.5, 1.5, 7], "rotation": 270, "texture": "#1"},
				"down": {"uv": [0.5, 5.5, 1, 6], "rotation": 90, "texture": "#1"}
			}
		},
		{
			"from": [7.5, 21, 5],
			"to": [8.5, 24, 6],
			"rotation": {"angle": -45, "axis": "x", "origin": [8, 22.5, 5.5]},
			"faces": {
				"north": {"uv": [0.5, 2.5, 1, 4], "texture": "#1"},
				"east": {"uv": [0, 2.5, 0.5, 4], "texture": "#1"},
				"south": {"uv": [1.5, 2.5, 2, 4], "texture": "#1"},
				"west": {"uv": [1, 2.5, 1.5, 4], "texture": "#1"},
				"up": {"uv": [0.5, 2.5, 1, 3], "rotation": 90, "texture": "#1"},
				"down": {"uv": [1, 3.5, 1.5, 4], "texture": "#1"}
			}
		},
		{
			"from": [7.5, 21, 10],
			"to": [8.5, 24, 11],
			"rotation": {"angle": 45, "axis": "x", "origin": [8, 22.5, 10.5]},
			"faces": {
				"north": {"uv": [1.5, 4.5, 2, 6], "rotation": 180, "texture": "#1"},
				"east": {"uv": [0, 4.5, 0.5, 6], "rotation": 180, "texture": "#1"},
				"south": {"uv": [0.5, 4.5, 1, 6], "rotation": 180, "texture": "#1"},
				"west": {"uv": [1, 4.5, 1.5, 6], "rotation": 180, "texture": "#1"},
				"up": {"uv": [1, 5.5, 1.5, 6], "rotation": 270, "texture": "#1"},
				"down": {"uv": [0.5, 4.5, 1, 5], "rotation": 90, "texture": "#1"}
			}
		},
		{
			"from": [7.5, 26, 10],
			"to": [8.5, 29, 11],
			"rotation": {"angle": -45, "axis": "x", "origin": [8, 27.5, 10.5]},
			"faces": {
				"north": {"uv": [1.5, 6.5, 2, 8], "rotation": 180, "texture": "#1"},
				"east": {"uv": [0, 6.5, 0.5, 8], "rotation": 180, "texture": "#1"},
				"south": {"uv": [0.5, 6.5, 1, 8], "rotation": 180, "texture": "#1"},
				"west": {"uv": [1, 6.5, 1.5, 8], "rotation": 180, "texture": "#1"},
				"up": {"uv": [1, 8, 1.5, 8.5], "rotation": 270, "texture": "#1"},
				"down": {"uv": [0.5, 6.5, 1, 7], "rotation": 90, "texture": "#1"}
			}
		},
		{
			"from": [7.5, 26, 5],
			"to": [8.5, 29, 6],
			"rotation": {"angle": 45, "axis": "x", "origin": [8, 27.5, 5.5]},
			"faces": {
				"north": {"uv": [0.5, 0.5, 1, 2], "texture": "#1"},
				"east": {"uv": [0, 0.5, 0.5, 2], "texture": "#1"},
				"south": {"uv": [1.5, 0.5, 2, 2], "texture": "#1"},
				"west": {"uv": [1, 0.5, 1.5, 2], "texture": "#1"},
				"up": {"uv": [1, 0, 1.5, 0.5], "rotation": 90, "texture": "#1"},
				"down": {"uv": [1, 1.5, 1.5, 2], "rotation": 180, "texture": "#1"}
			}
		},
		{
			"from": [7.75, 26.35, 5.31],
			"to": [8.25, 26.85, 7.31],
			"rotation": {"angle": 45, "axis": "x", "origin": [7.75, 26.66719, 6.43636]},
			"faces": {
				"east": {"uv": [2, 0, 2.25, 1], "rotation": 90, "texture": "#1"},
				"south": {"uv": [2.5, 1, 2.75, 1.25], "rotation": 270, "texture": "#1"},
				"west": {"uv": [2.5, 0, 2.75, 1], "rotation": 270, "texture": "#1"},
				"up": {"uv": [2.75, 0, 3, 1], "texture": "#1"},
				"down": {"uv": [2.25, 0, 2.5, 1], "rotation": 180, "texture": "#1"}
			}
		},
		{
			"from": [7.75, 26.55, 9.07],
			"to": [8.25, 28.55, 9.57],
			"rotation": {"angle": 45, "axis": "x", "origin": [7.75, 26.66719, 8.5]},
			"faces": {
				"north": {"uv": [2.25, 2.25, 2.5, 3.25], "texture": "#1"},
				"east": {"uv": [2, 2.25, 2.25, 3.25], "texture": "#1"},
				"south": {"uv": [2.75, 2.25, 3, 3.25], "texture": "#1"},
				"west": {"uv": [2.5, 2.25, 2.75, 3.25], "texture": "#1"},
				"down": {"uv": [2.5, 3.25, 2.75, 3.5], "rotation": 270, "texture": "#1"}
			}
		},
		{
			"from": [7.75, 23.23, 5.24],
			"to": [8.25, 23.73, 7.24],
			"rotation": {"angle": -45, "axis": "x", "origin": [7.75, 23.44571, 6.49065]},
			"faces": {
				"east": {"uv": [2, 1.25, 2.25, 2.25], "rotation": 270, "texture": "#1"},
				"south": {"uv": [2.25, 1, 2.5, 1.25], "rotation": 180, "texture": "#1"},
				"west": {"uv": [2.5, 1.25, 2.75, 2.25], "rotation": 90, "texture": "#1"},
				"up": {"uv": [2.25, 1.25, 2.5, 2.25], "rotation": 180, "texture": "#1"},
				"down": {"uv": [2.75, 1.25, 3, 2.25], "texture": "#1"}
			}
		},
		{
			"from": [7.75, 23.12, 8.79],
			"to": [8.25, 23.62, 10.79],
			"rotation": {"angle": 45, "axis": "x", "origin": [7.75, 23.43572, 9.66784]},
			"faces": {
				"north": {"uv": [2.25, 3.25, 2.5, 3.5], "texture": "#1"},
				"east": {"uv": [2, 3.5, 2.25, 4.5], "rotation": 90, "texture": "#1"},
				"west": {"uv": [2.5, 3.5, 2.75, 4.5], "rotation": 270, "texture": "#1"},
				"up": {"uv": [2.75, 3.5, 3, 4.5], "texture": "#1"},
				"down": {"uv": [2.25, 3.5, 2.5, 4.5], "rotation": 180, "texture": "#1"}
			}
		},
		{
			"from": [7.75, 11, 7.5],
			"to": [8.25, 21, 8],
			"rotation": {"angle": 0, "axis": "y", "origin": [16, 26, 16]},
			"faces": {
				"north": {"uv": [4.25, 0, 4.5, 5], "texture": "#1"},
				"east": {"uv": [4, 0, 4.25, 5], "texture": "#1"},
				"south": {"uv": [4.75, 0, 5, 5], "texture": "#1"},
				"west": {"uv": [4.5, 0, 4.75, 5], "texture": "#1"},
				"down": {"uv": [4.5, 5, 4.75, 5.25], "rotation": 270, "texture": "#1"}
			}
		},
		{
			"from": [7.75, 18, 6],
			"to": [8.25, 21.5, 6.5],
			"rotation": {"angle": 0, "axis": "y", "origin": [16, 28, 15]},
			"faces": {
				"north": {"uv": [3.25, 0, 3.5, 1.75], "texture": "#1"},
				"east": {"uv": [3, 0, 3.25, 1.75], "texture": "#1"},
				"south": {"uv": [3.75, 0, 4, 1.75], "texture": "#1"},
				"west": {"uv": [3.5, 0, 3.75, 1.75], "texture": "#1"}
			}
		},
		{
			"from": [7.8, 19.29, 8.46876],
			"to": [8.2, 21.79, 8.86876],
			"rotation": {"angle": 45, "axis": "x", "origin": [8, 20.43583, 8.66876]},
			"faces": {
				"north": {"uv": [5, 0.25, 6.25, 0.5], "rotation": 270, "texture": "#1"},
				"east": {"uv": [5, 0, 6.25, 0.25], "rotation": 270, "texture": "#1"},
				"south": {"uv": [5, 0.75, 6.25, 1], "rotation": 270, "texture": "#1"},
				"west": {"uv": [5, 0.5, 6.25, 0.75], "rotation": 270, "texture": "#1"}
			}
		},
		{
			"from": [7.75, 14.5, 6.5],
			"to": [8.25, 17.5, 7],
			"rotation": {"angle": 0, "axis": "y", "origin": [16, 24, 15]},
			"faces": {
				"north": {"uv": [3.25, 2.75, 3.5, 4.25], "texture": "#1"},
				"east": {"uv": [3, 2.75, 3.25, 4.25], "texture": "#1"},
				"south": {"uv": [3.75, 2.75, 4, 4.25], "texture": "#1"},
				"west": {"uv": [3.5, 2.75, 3.75, 4.25], "texture": "#1"},
				"down": {"uv": [3.5, 4.25, 3.75, 4.5], "rotation": 270, "texture": "#1"}
			}
		},
		{
			"from": [7.75, 9, 6.5],
			"to": [8.25, 12.5, 7],
			"rotation": {"angle": 0, "axis": "y", "origin": [16, 18, 15]},
			"faces": {
				"north": {"uv": [3.25, 5.75, 3.5, 7.5], "texture": "#1"},
				"east": {"uv": [3, 5.75, 3.25, 7.5], "texture": "#1"},
				"south": {"uv": [3.75, 5.75, 4, 7.5], "texture": "#1"},
				"west": {"uv": [3.5, 5.75, 3.75, 7.5], "texture": "#1"},
				"down": {"uv": [3.5, 7.5, 3.75, 7.75], "rotation": 270, "texture": "#1"}
			}
		},
		{
			"from": [7.75, 5.5, 9],
			"to": [8.25, 9, 9.5],
			"rotation": {"angle": 0, "axis": "y", "origin": [16, 15, 18]},
			"faces": {
				"north": {"uv": [5.25, 8, 5.5, 9.75], "texture": "#1"},
				"east": {"uv": [5, 8, 5.25, 9.75], "texture": "#1"},
				"south": {"uv": [5.75, 8, 6, 9.75], "texture": "#1"},
				"west": {"uv": [5.5, 8, 5.75, 9.75], "texture": "#1"}
			}
		},
		{
			"from": [7.8, 7.30506, 7.25],
			"to": [8.2, 9.30506, 7.65],
			"rotation": {"angle": -45, "axis": "x", "origin": [8, 8.30506, 7.38938]},
			"faces": {
				"north": {"uv": [4, 7.25, 5, 7.5], "rotation": 90, "texture": "#1"},
				"east": {"uv": [4, 7.5, 5, 7.75], "rotation": 90, "texture": "#1"},
				"south": {"uv": [4, 6.75, 5, 7], "rotation": 90, "texture": "#1"},
				"west": {"uv": [4, 7, 5, 7.25], "rotation": 90, "texture": "#1"},
				"up": {"uv": [3.75, 7.5, 4, 7.75], "rotation": 270, "texture": "#1"}
			}
		},
		{
			"from": [7.75, 0, 8],
			"to": [8.25, 11.5, 8.5],
			"rotation": {"angle": 0, "axis": "y", "origin": [16, 17, 17]},
			"faces": {
				"north": {"uv": [5.25, 1.25, 5.5, 7], "texture": "#1"},
				"east": {"uv": [5, 1.25, 5.25, 7], "texture": "#1"},
				"south": {"uv": [5.75, 1.25, 6, 7], "texture": "#1"},
				"west": {"uv": [5.5, 1.25, 5.75, 7], "texture": "#1"},
				"up": {"uv": [5.5, 1, 5.75, 1.25], "rotation": 90, "texture": "#1"},
				"down": {"uv": [0, 0, 0.0625, 0.0625], "texture": "#missing"}
			}
		},
		{
			"from": [7.75, 17.5, 6],
			"to": [8.25, 18, 7.5],
			"rotation": {"angle": 0, "axis": "y", "origin": [16, 25, 15]},
			"faces": {
				"north": {"uv": [3, 2, 3.25, 2.25], "texture": "#1"},
				"east": {"uv": [3.25, 2.5, 4, 2.75], "rotation": 180, "texture": "#1"},
				"west": {"uv": [3.25, 2, 4, 2.25], "texture": "#1"},
				"up": {"uv": [3.25, 1.75, 4, 2], "rotation": 90, "texture": "#1"},
				"down": {"uv": [3.25, 2.25, 4, 2.5], "rotation": 270, "texture": "#1"}
			}
		},
		{
			"from": [7.75, 9, 8.5],
			"to": [8.25, 9.5, 9.5],
			"rotation": {"angle": 0, "axis": "y", "origin": [16, 17, 18]},
			"faces": {
				"east": {"uv": [5, 7.75, 5.5, 8], "rotation": 180, "texture": "#1"},
				"south": {"uv": [5.5, 7.25, 5.75, 7.5], "texture": "#1"},
				"west": {"uv": [5, 7.25, 5.5, 7.5], "texture": "#1"},
				"up": {"uv": [5, 7, 5.5, 7.25], "rotation": 90, "texture": "#1"},
				"down": {"uv": [5, 7.5, 5.5, 7.75], "rotation": 270, "texture": "#1"}
			}
		},
		{
			"from": [7.75, 5, 8.5],
			"to": [8.25, 5.5, 9.5],
			"rotation": {"angle": 0, "axis": "y", "origin": [16, 13, 18]},
			"faces": {
				"east": {"uv": [5, 10.5, 5.5, 10.75], "rotation": 180, "texture": "#1"},
				"south": {"uv": [5.5, 10, 5.75, 10.25], "texture": "#1"},
				"west": {"uv": [5, 10, 5.5, 10.25], "texture": "#1"},
				"up": {"uv": [5, 9.75, 5.5, 10], "rotation": 90, "texture": "#1"},
				"down": {"uv": [5, 10.25, 5.5, 10.5], "rotation": 270, "texture": "#1"}
			}
		},
		{
			"from": [7.75, 12.5, 6.5],
			"to": [8.25, 13, 7.5],
			"rotation": {"angle": 0, "axis": "y", "origin": [16, 19, 15]},
			"faces": {
				"north": {"uv": [3.75, 5.5, 4, 5.75], "texture": "#1"},
				"east": {"uv": [4, 5, 4.5, 5.25], "rotation": 180, "texture": "#1"},
				"west": {"uv": [4, 5.5, 4.5, 5.75], "texture": "#1"},
				"up": {"uv": [4, 5.25, 4.5, 5.5], "rotation": 90, "texture": "#1"},
				"down": {"uv": [4, 5.75, 4.5, 6], "rotation": 270, "texture": "#1"}
			}
		},
		{
			"from": [7.75, 14.5, 7],
			"to": [8.25, 15, 7.5],
			"rotation": {"angle": 0, "axis": "y", "origin": [16, 22, 16]},
			"faces": {
				"east": {"uv": [3.5, 4.5, 3.75, 4.75], "rotation": 180, "texture": "#1"},
				"west": {"uv": [3.5, 5, 3.75, 5.25], "texture": "#1"},
				"up": {"uv": [3.5, 4.75, 3.75, 5], "rotation": 90, "texture": "#1"},
				"down": {"uv": [3.5, 5.25, 3.75, 5.5], "rotation": 270, "texture": "#1"}
			}
		},
		{
			"from": [7.75, 24.75, 7.75],
			"to": [8.25, 25.25, 8.25],
			"rotation": {"angle": 0, "axis": "y", "origin": [16, 33, 16]},
			"faces": {
				"north": {"uv": [6.5, 0.25, 6.75, 0.5], "texture": "#1"},
				"east": {"uv": [6.25, 0.25, 6.5, 0.5], "texture": "#1"},
				"south": {"uv": [7, 0.25, 7.25, 0.5], "texture": "#1"},
				"west": {"uv": [6.75, 0.25, 7, 0.5], "texture": "#1"},
				"up": {"uv": [6.5, 0, 6.75, 0.25], "texture": "#1"},
				"down": {"uv": [6.5, 0.5, 6.75, 0.75], "texture": "#1"}
			}
		},
		{
			"from": [8, 24.75, 6.5],
			"to": [8, 25.25, 9.5],
			"rotation": {"angle": -45, "axis": "x", "origin": [8, 25, 8]},
			"faces": {
				"east": {"uv": [7.25, 0, 7.5, 1.5], "texture": "#1"},
				"west": {"uv": [7.5, 0, 7.75, 1.5], "texture": "#1"}
			}
		},
		{
			"from": [8, 24.75, 6.5],
			"to": [8, 25.25, 9.5],
			"rotation": {"angle": 45, "axis": "x", "origin": [8, 25, 8]},
			"faces": {
				"east": {"uv": [7.75, 0, 8, 1.5], "texture": "#1"},
				"west": {"uv": [8, 0, 8.25, 1.5], "texture": "#1"}
			}
		},
		{
			"from": [7.75, 23.5, 8],
			"to": [8.25, 26.5, 8],
			"rotation": {"angle": -45, "axis": "z", "origin": [8, 25, 8]},
			"faces": {
				"north": {"uv": [8.25, 0, 8.5, 1.5], "texture": "#1"},
				"south": {"uv": [8.5, 0, 8.75, 1.5], "rotation": 180, "texture": "#1"}
			}
		},
		{
			"from": [7.75, 23.5, 8],
			"to": [8.25, 26.5, 8],
			"rotation": {"angle": 45, "axis": "z", "origin": [8, 25, 8]},
			"faces": {
				"north": {"uv": [8.75, 0, 9, 1.5], "texture": "#1"},
				"south": {"uv": [9, 0, 9.25, 1.5], "rotation": 180, "texture": "#1"}
			}
		},
		{
			"from": [7.75, 25, 6.5],
			"to": [8.25, 25, 9.5],
			"rotation": {"angle": 45, "axis": "y", "origin": [8, 25, 8]},
			"faces": {
				"up": {"uv": [9.25, 0, 9.5, 1.5], "rotation": 180, "texture": "#1"},
				"down": {"uv": [9.5, 0, 9.75, 1.5], "texture": "#1"}
			}
		},
		{
			"from": [6.5, 25, 7.75],
			"to": [9.5, 25, 8.25],
			"rotation": {"angle": 45, "axis": "y", "origin": [8, 25, 8]},
			"faces": {
				"up": {"uv": [9.75, 0, 10, 1.5], "rotation": 90, "texture": "#1"},
				"down": {"uv": [10, 0, 10.25, 1.5], "rotation": 90, "texture": "#1"}
			}
		}
	],
	"display": {
		"thirdperson_righthand": {
			"translation": [0, -0.25, 1.75],
			"scale": [0.9, 0.9, 0.9]
		},
		"thirdperson_lefthand": {
			"translation": [0, -0.25, 1.75],
			"scale": [0.9, 0.9, 0.9]
		},
		"firstperson_righthand": {
			"rotation": [-25, 10, 5],
			"translation": [7, -7, 1],
			"scale": [0.9, 0.9, 0.9]
		},
		"firstperson_lefthand": {
			"rotation": [-25, 10, 5],
			"translation": [7, -7, 1],
			"scale": [0.9, 0.9, 0.9]
		},
		"ground": {
			"rotation": [0, 0, -90],
			"translation": [-4.75, -3, 0],
			"scale": [0.7, 0.7, 0.7]
		},
		"gui": {
			"rotation": [90, 45, -90],
			"translation": [-3.75, -3.5, -1.25],
			"scale": [0.7, 0.7, 0.7]
		},
		"fixed": {
			"rotation": [90, -45, 90],
			"translation": [5, -5, -1.25],
			"scale": [0.9, 0.9, 0.9]
		}
	}
}