{
	"credit": "Made with Blockbench",
	"parent": "crystalpledge:item/headset",
	"texture_size": [32, 32],
	"textures": {
		"2": "crystalpledge:item/shielder_headset",
		"particle": "crystalpledge:item/shielder_headset"
	},
	"elements": [
		{
			"from": [16, 13, 7],
			"to": [17, 15, 9],
			"rotation": {"angle": 0, "axis": "y", "origin": [24, 22, 16]},
			"faces": {
				"north": {"uv": [9, 1, 10, 3], "texture": "#3"},
				"east": {"uv": [0, 0, 2, 2], "texture": "#3"},
				"south": {"uv": [10, 1, 11, 3], "texture": "#3"},
				"west": {"uv": [0, 0, 2, 2], "texture": "#3"},
				"up": {"uv": [9, 0, 11, 1], "rotation": 270, "texture": "#3"},
				"down": {"uv": [9, 3, 11, 4], "rotation": 90, "texture": "#3"}
			}
		},
		{
			"from": [-1, 13, 7],
			"to": [0, 15, 9],
			"rotation": {"angle": 0, "axis": "y", "origin": [7, 22, 16]},
			"faces": {
				"north": {"uv": [7, 1, 8, 3], "texture": "#3"},
				"east": {"uv": [0, 0, 2, 2], "texture": "#3"},
				"south": {"uv": [8, 1, 9, 3], "texture": "#3"},
				"west": {"uv": [0, 0, 2, 2], "texture": "#3"},
				"up": {"uv": [7, 0, 9, 1], "rotation": 90, "texture": "#3"},
				"down": {"uv": [7, 3, 9, 4], "rotation": 270, "texture": "#3"}
			}
		},
		{
			"from": [7, 13, 16],
			"to": [9, 15, 17],
			"rotation": {"angle": 0, "axis": "y", "origin": [15, 22, 24]},
			"faces": {
				"north": {"uv": [0, 0, 2, 2], "texture": "#3"},
				"east": {"uv": [12, 1, 13, 3], "texture": "#3"},
				"south": {"uv": [0, 0, 2, 2], "texture": "#3"},
				"west": {"uv": [11, 1, 12, 3], "texture": "#3"},
				"up": {"uv": [11, 0, 13, 1], "texture": "#3"},
				"down": {"uv": [11, 3, 13, 4], "texture": "#3"}
			}
		},
		{
			"from": [5, 13, -2],
			"to": [7, 16, -1],
			"rotation": {"angle": 0, "axis": "y", "origin": [14, 22, 6]},
			"faces": {
				"north": {"uv": [0, 1, 1, 2.5], "texture": "#2", "cullface": "north"},
				"east": {"uv": [0, 1, 0.5, 2.5], "texture": "#2"},
				"south": {"uv": [1, 1, 0, 2.5], "texture": "#2"},
				"up": {"uv": [0, 1, 1, 1.5], "texture": "#2"},
				"down": {"uv": [0, 2, 1, 2.5], "rotation": 180, "texture": "#2"}
			}
		},
		{
			"from": [9, 13, -2],
			"to": [11, 16, -1],
			"rotation": {"angle": 0, "axis": "y", "origin": [10, 14, -1.5]},
			"faces": {
				"north": {"uv": [6, 8, 7, 9.5], "texture": "#2"},
				"south": {"uv": [0, 1, 1, 2.5], "texture": "#2", "cullface": "north"},
				"west": {"uv": [6.5, 8, 7, 9.5], "texture": "#2"},
				"up": {"uv": [6, 8, 7, 8.5], "rotation": 180, "texture": "#2"},
				"down": {"uv": [6, 9, 7, 9.5], "rotation": 180, "texture": "#2"}
			}
		},
		{
			"from": [5, 12, 17],
			"to": [11, 18, 18],
			"rotation": {"angle": 0, "axis": "y", "origin": [14, 22, 25]},
			"faces": {
				"north": {"uv": [2, 4.5, 5, 7.5], "texture": "#2"},
				"east": {"uv": [4.5, 4.5, 5, 7.5], "texture": "#2"},
				"south": {"uv": [2, 4.5, 5, 7.5], "texture": "#2"},
				"west": {"uv": [2, 4.5, 2.5, 7.5], "texture": "#2"},
				"up": {"uv": [2, 4.5, 5, 5], "texture": "#2"},
				"down": {"uv": [2, 7, 5, 7.5], "texture": "#2"}
			}
		},
		{
			"from": [3, 12, -2],
			"to": [5, 16, -1],
			"rotation": {"angle": 0, "axis": "y", "origin": [12, 22, 6]},
			"faces": {
				"north": {"uv": [1, 1, 2, 3], "texture": "#2"},
				"south": {"uv": [5, 8, 6, 10], "texture": "#2"},
				"west": {"uv": [1.5, 1, 2, 3], "texture": "#2"},
				"up": {"uv": [1, 1, 2, 1.5], "texture": "#2"},
				"down": {"uv": [1, 2.5, 2, 3], "rotation": 180, "texture": "#2"}
			}
		},
		{
			"from": [11, 12, -2],
			"to": [13, 16, -1],
			"rotation": {"angle": 0, "axis": "y", "origin": [12, 14, -1.5]},
			"faces": {
				"north": {"uv": [5, 8, 6, 10], "texture": "#2"},
				"east": {"uv": [5, 8, 5.5, 10], "texture": "#2"},
				"south": {"uv": [1, 1, 2, 3], "texture": "#2"},
				"west": {"uv": [5.5, 8, 6, 10], "texture": "#2"},
				"up": {"uv": [5, 8, 6, 8.5], "rotation": 180, "texture": "#2"},
				"down": {"uv": [5, 9.5, 6, 10], "rotation": 180, "texture": "#2"}
			}
		},
		{
			"from": [3, 11, 17],
			"to": [5, 17, 18],
			"rotation": {"angle": 0, "axis": "y", "origin": [12, 22, 25]},
			"faces": {
				"north": {"uv": [5, 5, 6, 8], "texture": "#2"},
				"east": {"uv": [1.5, 5, 2, 8], "texture": "#2"},
				"south": {"uv": [1, 5, 2, 8], "texture": "#2"},
				"west": {"uv": [1, 5, 1.5, 8], "texture": "#2"},
				"up": {"uv": [1, 5, 2, 5.5], "texture": "#2"},
				"down": {"uv": [1, 7.5, 2, 8], "texture": "#2"}
			}
		},
		{
			"from": [11, 11, 17],
			"to": [13, 17, 18],
			"rotation": {"angle": 0, "axis": "y", "origin": [12, 14, 17.5]},
			"faces": {
				"north": {"uv": [1, 5, 2, 8], "texture": "#2"},
				"east": {"uv": [5.5, 5, 6, 8], "texture": "#2"},
				"south": {"uv": [5, 5, 6, 8], "texture": "#2"},
				"west": {"uv": [5, 5, 5.5, 8], "texture": "#2"},
				"up": {"uv": [5, 5, 6, 5.5], "texture": "#2"},
				"down": {"uv": [5, 7.5, 6, 8], "rotation": 180, "texture": "#2"}
			}
		},
		{
			"from": [0, 12, -2],
			"to": [3, 15, -1],
			"rotation": {"angle": 0, "axis": "y", "origin": [10, 21, 6]},
			"faces": {
				"north": {"uv": [2, 1.5, 3.5, 3], "texture": "#2"},
				"south": {"uv": [3.5, 8.5, 5, 10], "texture": "#2"},
				"up": {"uv": [2, 1.5, 3.5, 2], "texture": "#2"},
				"down": {"uv": [2, 2.5, 3.5, 3], "rotation": 180, "texture": "#2"}
			}
		},
		{
			"from": [13, 12, -2],
			"to": [16, 15, -1],
			"rotation": {"angle": 0, "axis": "y", "origin": [14.5, 13.5, -1.5]},
			"faces": {
				"north": {"uv": [3.5, 8.5, 5, 10], "texture": "#2"},
				"south": {"uv": [2, 1.5, 3.5, 3], "texture": "#2"},
				"up": {"uv": [3.5, 8.5, 5, 9], "rotation": 180, "texture": "#2"},
				"down": {"uv": [3.5, 9.5, 5, 10], "rotation": 180, "texture": "#2"}
			}
		},
		{
			"from": [1, 11, 17],
			"to": [3, 16, 18],
			"rotation": {"angle": 0, "axis": "y", "origin": [10, 21, 25]},
			"faces": {
				"north": {"uv": [6, 5.5, 7, 8], "texture": "#2"},
				"south": {"uv": [0, 5.5, 1, 8], "texture": "#2"},
				"west": {"uv": [0, 5.5, 0.5, 8], "texture": "#2"},
				"up": {"uv": [0, 5.5, 1, 6], "texture": "#2"},
				"down": {"uv": [0, 7.5, 1, 8], "texture": "#2"}
			}
		},
		{
			"from": [13, 11, 17],
			"to": [15, 16, 18],
			"rotation": {"angle": 0, "axis": "y", "origin": [14, 13.5, 17.5]},
			"faces": {
				"north": {"uv": [0, 5.5, 1, 8], "texture": "#2"},
				"east": {"uv": [6.5, 5.5, 7, 8], "texture": "#2"},
				"south": {"uv": [6, 5.5, 7, 8], "texture": "#2"},
				"up": {"uv": [6, 5.5, 7, 6], "rotation": 180, "texture": "#2"},
				"down": {"uv": [6, 7.5, 7, 8], "rotation": 180, "texture": "#2"}
			}
		},
		{
			"from": [0, 11, 17],
			"to": [1, 15, 18],
			"rotation": {"angle": 0, "axis": "y", "origin": [9, 22, 25]},
			"faces": {
				"north": {"uv": [7, 6, 7.5, 8], "texture": "#2"},
				"south": {"uv": [15.5, 1.5, 16, 3.5], "texture": "#2"},
				"west": {"uv": [0, 0, 1, 3], "texture": "#2"},
				"up": {"uv": [15.5, 1.5, 16, 2], "texture": "#2"},
				"down": {"uv": [15.5, 3, 16, 3.5], "texture": "#2"}
			}
		},
		{
			"from": [15, 11, 17],
			"to": [16, 15, 18],
			"rotation": {"angle": 0, "axis": "y", "origin": [15.5, 13, 17.5]},
			"faces": {
				"north": {"uv": [15.5, 1.5, 16, 3.5], "texture": "#2"},
				"east": {"uv": [0, 0, 1, 3], "texture": "#2"},
				"south": {"uv": [7, 6, 7.5, 8], "texture": "#2"},
				"up": {"uv": [7, 6, 7.5, 6.5], "rotation": 180, "texture": "#2"},
				"down": {"uv": [7, 7.5, 7.5, 8], "rotation": 180, "texture": "#2"}
			}
		},
		{
			"from": [-2, 11, -2],
			"to": [0, 15, -1],
			"rotation": {"angle": 0, "axis": "y", "origin": [7, 22, 6]},
			"faces": {
				"north": {"uv": [3.5, 1.5, 4.5, 3.5], "texture": "#2"},
				"east": {"uv": [3.5, 1.5, 4, 3.5], "texture": "#2"},
				"south": {"uv": [2.5, 8.5, 3.5, 10.5], "texture": "#2"},
				"west": {"uv": [4.5, 1.5, 5, 3.5], "texture": "#2"},
				"up": {"uv": [3.5, 1.5, 4.5, 2], "texture": "#2"},
				"down": {"uv": [3.5, 3, 4.5, 3.5], "rotation": 180, "texture": "#2"}
			}
		},
		{
			"from": [16, 11, -2],
			"to": [18, 15, -1],
			"rotation": {"angle": 0, "axis": "y", "origin": [17, 13, -1.5]},
			"faces": {
				"north": {"uv": [2.5, 8.5, 3.5, 10.5], "texture": "#2"},
				"east": {"uv": [2, 8.5, 2.5, 10.5], "texture": "#2"},
				"south": {"uv": [3.5, 1.5, 4.5, 3.5], "texture": "#2"},
				"west": {"uv": [3, 8.5, 3.5, 10.5], "texture": "#2"},
				"up": {"uv": [2.5, 8.5, 3.5, 9], "rotation": 180, "texture": "#2"},
				"down": {"uv": [2.5, 10, 3.5, 10.5], "rotation": 180, "texture": "#2"}
			}
		},
		{
			"from": [-2, 11, 17],
			"to": [0, 15, 18],
			"rotation": {"angle": 0, "axis": "y", "origin": [7, 22, 25]},
			"faces": {
				"north": {"uv": [7.5, 6, 8.5, 8], "texture": "#2"},
				"east": {"uv": [0, 0, 1, 4], "texture": "#2"},
				"south": {"uv": [14.5, 1.5, 15.5, 3.5], "texture": "#2"},
				"west": {"uv": [14, 1.5, 14.5, 3.5], "texture": "#2"},
				"up": {"uv": [14.5, 1.5, 15.5, 2], "texture": "#2"},
				"down": {"uv": [14.5, 3, 15.5, 3.5], "texture": "#2"}
			}
		},
		{
			"from": [16, 11, 17],
			"to": [18, 15, 18],
			"rotation": {"angle": 0, "axis": "y", "origin": [17, 13, 17.5]},
			"faces": {
				"north": {"uv": [14.5, 1.5, 15.5, 3.5], "texture": "#2"},
				"east": {"uv": [8.5, 6, 9, 8], "texture": "#2"},
				"south": {"uv": [7.5, 6, 8.5, 8], "texture": "#2"},
				"west": {"uv": [0, 0, 1, 4], "texture": "#2"},
				"up": {"uv": [7.5, 6, 8.5, 6.5], "rotation": 180, "texture": "#2"},
				"down": {"uv": [7.5, 7.5, 8.5, 8], "rotation": 180, "texture": "#2"}
			}
		},
		{
			"from": [-2, 11, -1],
			"to": [-1, 15, 0],
			"rotation": {"angle": 0, "axis": "y", "origin": [6, 22, 7]},
			"faces": {
				"east": {"uv": [1.5, 8.5, 2, 10.5], "texture": "#2"},
				"west": {"uv": [5, 1.5, 5.5, 3.5], "texture": "#2"},
				"up": {"uv": [4.5, 1.5, 5, 2], "texture": "#2"},
				"down": {"uv": [5, 3, 5.5, 3.5], "texture": "#2"}
			}
		},
		{
			"from": [17, 11, -1],
			"to": [18, 15, 0],
			"rotation": {"angle": 0, "axis": "y", "origin": [17.5, 13, -0.5]},
			"faces": {
				"east": {"uv": [1.5, 8.5, 2, 10.5], "texture": "#2"},
				"west": {"uv": [5.5, 1.5, 5, 3.5], "texture": "#2"},
				"up": {"uv": [1.5, 8.5, 2, 9], "rotation": 180, "texture": "#2"},
				"down": {"uv": [1.5, 10, 2, 10.5], "rotation": 180, "texture": "#2"}
			}
		},
		{
			"from": [-2, 11, 16],
			"to": [-1, 15, 17],
			"rotation": {"angle": 0, "axis": "y", "origin": [6, 22, 24]},
			"faces": {
				"east": {"uv": [9, 6, 9.5, 8], "texture": "#2"},
				"west": {"uv": [13.5, 1.5, 14, 3.5], "texture": "#2"},
				"up": {"uv": [13.5, 1.5, 14, 2], "texture": "#2"},
				"down": {"uv": [13.5, 3, 14, 3.5], "texture": "#2"}
			}
		},
		{
			"from": [17, 11, 16],
			"to": [18, 15, 17],
			"rotation": {"angle": 0, "axis": "y", "origin": [17.5, 13, 16.5]},
			"faces": {
				"east": {"uv": [9, 6, 9.5, 8], "texture": "#2"},
				"west": {"uv": [13.5, 1.5, 14, 3.5], "texture": "#2"},
				"up": {"uv": [9, 6, 9.5, 6.5], "rotation": 180, "texture": "#2"},
				"down": {"uv": [9, 7.5, 9.5, 8], "rotation": 180, "texture": "#2"}
			}
		},
		{
			"from": [-2, 10, 0],
			"to": [-1, 15, 1],
			"rotation": {"angle": 0, "axis": "y", "origin": [6, 22, 9]},
			"faces": {
				"north": {"uv": [5.5, 1.5, 6, 4], "texture": "#2"},
				"east": {"uv": [1, 8.5, 1.5, 11], "texture": "#2"},
				"west": {"uv": [5.5, 1.5, 6, 4], "texture": "#2"},
				"up": {"uv": [5, 1.5, 5.5, 2], "texture": "#2"},
				"down": {"uv": [5.5, 3.5, 6, 4], "texture": "#2"}
			}
		},
		{
			"from": [17, 10, 0],
			"to": [18, 15, 1],
			"rotation": {"angle": 0, "axis": "y", "origin": [17.5, 12.5, 0.5]},
			"faces": {
				"north": {"uv": [1, 8.5, 1.5, 11], "texture": "#2"},
				"east": {"uv": [1, 8.5, 1.5, 11], "texture": "#2"},
				"south": {"uv": [5.5, 1.5, 6, 4], "texture": "#2"},
				"west": {"uv": [5.5, 1.5, 6, 4], "texture": "#2"},
				"up": {"uv": [1, 8.5, 1.5, 9], "rotation": 180, "texture": "#2"},
				"down": {"uv": [1, 10.5, 1.5, 11], "rotation": 180, "texture": "#2"}
			}
		},
		{
			"from": [-2, 9, 1],
			"to": [-1, 16, 3],
			"rotation": {"angle": 0, "axis": "y", "origin": [6, 22, 9]},
			"faces": {
				"north": {"uv": [6, 1, 6.5, 4.5], "texture": "#2"},
				"east": {"uv": [0, 8, 1, 11.5], "texture": "#2"},
				"south": {"uv": [6.5, 1, 7, 4.5], "texture": "#2"},
				"west": {"uv": [6, 1, 7, 4.5], "texture": "#2"},
				"up": {"uv": [6, 1, 7, 1.5], "rotation": 90, "texture": "#2"},
				"down": {"uv": [6, 4, 7, 4.5], "rotation": 270, "texture": "#2"}
			}
		},
		{
			"from": [17, 9, 1],
			"to": [18, 16, 3],
			"rotation": {"angle": 0, "axis": "y", "origin": [17.5, 12.5, 2]},
			"faces": {
				"north": {"uv": [0.5, 8, 1, 11.5], "texture": "#2"},
				"east": {"uv": [0, 8, 1, 11.5], "texture": "#2"},
				"south": {"uv": [0, 8, 0.5, 11.5], "texture": "#2"},
				"west": {"uv": [6, 1, 7, 4.5], "texture": "#2"},
				"up": {"uv": [0, 8, 1, 8.5], "rotation": 270, "texture": "#2"},
				"down": {"uv": [0, 11, 1, 11.5], "rotation": 90, "texture": "#2"}
			}
		},
		{
			"from": [-2, 11, 3],
			"to": [-1, 17, 6],
			"rotation": {"angle": 0, "axis": "y", "origin": [6, 22, 11]},
			"faces": {
				"north": {"uv": [7, 0.5, 7.5, 3.5], "texture": "#2"},
				"east": {"uv": [14.5, 5, 16, 8], "texture": "#2"},
				"south": {"uv": [8, 0.5, 8.5, 3.5], "texture": "#2"},
				"west": {"uv": [7, 0.5, 8.5, 3.5], "texture": "#2"},
				"up": {"uv": [7, 0.5, 8.5, 1], "rotation": 90, "texture": "#2"},
				"down": {"uv": [7, 3, 8.5, 3.5], "rotation": 270, "texture": "#2"}
			}
		},
		{
			"from": [17, 11, 3],
			"to": [18, 17, 6],
			"rotation": {"angle": 0, "axis": "y", "origin": [17.5, 14, 4.5]},
			"faces": {
				"north": {"uv": [15.5, 5, 16, 8], "texture": "#2"},
				"east": {"uv": [14.5, 5, 16, 8], "texture": "#2"},
				"south": {"uv": [14.5, 5, 15, 8], "texture": "#2"},
				"west": {"uv": [7, 0.5, 8.5, 3.5], "texture": "#2"},
				"up": {"uv": [14.5, 5, 16, 5.5], "rotation": 270, "texture": "#2"},
				"down": {"uv": [14.5, 7.5, 16, 8], "rotation": 90, "texture": "#2"}
			}
		},
		{
			"from": [-2, 12, 6],
			"to": [-1, 18, 10],
			"rotation": {"angle": 0, "axis": "y", "origin": [6, 21, 15]},
			"faces": {
				"north": {"uv": [8.5, 0, 9, 3], "texture": "#2"},
				"east": {"uv": [12.5, 4.5, 14.5, 7.5], "texture": "#2"},
				"south": {"uv": [10, 0, 10.5, 3], "texture": "#2"},
				"west": {"uv": [8.5, 0, 10.5, 3], "texture": "#2"},
				"up": {"uv": [8.5, 0, 10.5, 0.5], "rotation": 90, "texture": "#2"},
				"down": {"uv": [8.5, 2.5, 10.5, 3], "rotation": 270, "texture": "#2"}
			}
		},
		{
			"from": [17, 12, 6],
			"to": [18, 18, 10],
			"rotation": {"angle": 0, "axis": "y", "origin": [17.5, 15, 8]},
			"faces": {
				"north": {"uv": [14, 4.5, 14.5, 7.5], "texture": "#2"},
				"east": {"uv": [12.5, 4.5, 14.5, 7.5], "texture": "#2"},
				"south": {"uv": [12.5, 4.5, 13, 7.5], "texture": "#2"},
				"west": {"uv": [8.5, 0, 10.5, 3], "texture": "#2"},
				"up": {"uv": [12.5, 4.5, 14.5, 5], "rotation": 270, "texture": "#2"},
				"down": {"uv": [12.5, 7, 14.5, 7.5], "rotation": 90, "texture": "#2"}
			}
		},
		{
			"from": [-2, 11, 10],
			"to": [-1, 17, 13],
			"rotation": {"angle": 0, "axis": "y", "origin": [6, 18, 18]},
			"faces": {
				"north": {"uv": [10.5, 0.5, 11, 3.5], "texture": "#2"},
				"east": {"uv": [11, 5, 12.5, 8], "texture": "#2"},
				"south": {"uv": [11.5, 0.5, 12, 3.5], "texture": "#2"},
				"west": {"uv": [10.5, 0.5, 12, 3.5], "texture": "#2"},
				"up": {"uv": [10.5, 0.5, 12, 1], "rotation": 90, "texture": "#2"},
				"down": {"uv": [10.5, 3, 12, 3.5], "rotation": 270, "texture": "#2"}
			}
		},
		{
			"from": [17, 11, 10],
			"to": [18, 17, 13],
			"rotation": {"angle": 0, "axis": "y", "origin": [17.5, 14, 11.5]},
			"faces": {
				"north": {"uv": [12, 5, 12.5, 8], "texture": "#2"},
				"east": {"uv": [11, 5, 12.5, 8], "texture": "#2"},
				"south": {"uv": [11, 5, 11.5, 8], "texture": "#2"},
				"west": {"uv": [10.5, 0.5, 12, 3.5], "texture": "#2"},
				"up": {"uv": [11, 5, 12.5, 5.5], "rotation": 270, "texture": "#2"},
				"down": {"uv": [11, 7.5, 12.5, 8], "rotation": 90, "texture": "#2"}
			}
		},
		{
			"from": [-2, 9, 13],
			"to": [-1, 16, 15],
			"rotation": {"angle": 0, "axis": "y", "origin": [6, 22, 21]},
			"faces": {
				"north": {"uv": [12, 1, 12.5, 4.5], "texture": "#2"},
				"east": {"uv": [10, 5.5, 11, 9], "texture": "#2"},
				"south": {"uv": [12.5, 1, 13, 4.5], "texture": "#2"},
				"west": {"uv": [12, 1, 13, 4.5], "texture": "#2"},
				"up": {"uv": [12, 1, 13, 1.5], "rotation": 90, "texture": "#2"},
				"down": {"uv": [12, 4, 13, 4.5], "rotation": 270, "texture": "#2"}
			}
		},
		{
			"from": [17, 9, 13],
			"to": [18, 16, 15],
			"rotation": {"angle": 0, "axis": "y", "origin": [17.5, 12.5, 14]},
			"faces": {
				"north": {"uv": [10.5, 5.5, 11, 9], "texture": "#2"},
				"east": {"uv": [10, 5.5, 11, 9], "texture": "#2"},
				"south": {"uv": [10, 5.5, 10.5, 9], "texture": "#2"},
				"west": {"uv": [12, 1, 13, 4.5], "texture": "#2"},
				"up": {"uv": [10, 5.5, 11, 6], "rotation": 270, "texture": "#2"},
				"down": {"uv": [10, 8.5, 11, 9], "rotation": 90, "texture": "#2"}
			}
		},
		{
			"from": [-2, 10, 15],
			"to": [-1, 15, 16],
			"rotation": {"angle": 0, "axis": "y", "origin": [6, 23, 23]},
			"faces": {
				"east": {"uv": [9.5, 6, 10, 8.5], "texture": "#2"},
				"south": {"uv": [13, 1.5, 13.5, 4], "texture": "#2"},
				"west": {"uv": [13, 1.5, 13.5, 4], "texture": "#2"},
				"up": {"uv": [12, 1, 12.5, 1.5], "texture": "#2"},
				"down": {"uv": [13, 3.5, 13.5, 4], "texture": "#2"}
			}
		},
		{
			"from": [17, 10, 15],
			"to": [18, 15, 16],
			"rotation": {"angle": 0, "axis": "y", "origin": [17.5, 12.5, 15.5]},
			"faces": {
				"north": {"uv": [13, 1.5, 13.5, 4], "texture": "#2"},
				"east": {"uv": [9.5, 6, 10, 8.5], "texture": "#2"},
				"south": {"uv": [9.5, 6, 10, 8.5], "texture": "#2"},
				"west": {"uv": [13, 1.5, 13.5, 4], "texture": "#2"},
				"up": {"uv": [9.5, 6, 10, 6.5], "rotation": 180, "texture": "#2"},
				"down": {"uv": [9.5, 8, 10, 8.5], "rotation": 180, "texture": "#2"}
			}
		},
		{
			"from": [-3, 12, 7.5],
			"to": [-2, 17, 8.5],
			"rotation": {"angle": 0, "axis": "y", "origin": [5, 24, 20]},
			"faces": {
				"north": {"uv": [14.5, 12.5, 15, 15], "texture": "#2"},
				"south": {"uv": [15.5, 12.5, 16, 15], "texture": "#2"},
				"west": {"uv": [15, 12.5, 15.5, 15], "texture": "#2"},
				"down": {"uv": [15, 14.5, 15.5, 15], "texture": "#2"}
			}
		},
		{
			"from": [18, 12, 7.5],
			"to": [19, 17, 8.5],
			"rotation": {"angle": 0, "axis": "y", "origin": [26, 24, 20]},
			"faces": {
				"north": {"uv": [15.5, 12.5, 16, 15], "texture": "#2"},
				"east": {"uv": [15, 12.5, 15.5, 15], "texture": "#2"},
				"south": {"uv": [14.5, 12.5, 15, 15], "texture": "#2"},
				"down": {"uv": [15, 14.5, 15.5, 15], "texture": "#2"}
			}
		},
		{
			"from": [-3, 14, -2],
			"to": [-2, 15, 18],
			"rotation": {"angle": 0, "axis": "y", "origin": [5, 23, 23]},
			"faces": {
				"north": {"uv": [0, 0, 1, 1], "texture": "#2"},
				"east": {"uv": [0, 0, 16, 1], "texture": "#2"},
				"south": {"uv": [15.5, 8.5, 16, 9], "texture": "#2"},
				"west": {"uv": [6, 15, 16, 15.5], "texture": "#2"},
				"up": {"uv": [6, 15.5, 16, 16], "rotation": 90, "texture": "#2"},
				"down": {"uv": [6, 15.5, 16, 16], "rotation": 270, "texture": "#2"}
			}
		},
		{
			"from": [18, 14, -2],
			"to": [19, 15, 18],
			"rotation": {"angle": 0, "axis": "y", "origin": [26, 23, 23]},
			"faces": {
				"north": {"uv": [0, 0, 1, 1], "texture": "#2"},
				"east": {"uv": [16, 15.5, 6, 16], "rotation": 180, "texture": "#2"},
				"south": {"uv": [0, 0, 1, 1], "texture": "#2"},
				"west": {"uv": [0, 0, 16, 1], "texture": "#2"},
				"up": {"uv": [16, 15, 6, 15.5], "rotation": 90, "texture": "#2"},
				"down": {"uv": [6, 15, 16, 15.5], "rotation": 90, "texture": "#2"}
			}
		},
		{
			"from": [-3, 14, 18],
			"to": [19, 15, 19],
			"rotation": {"angle": 0, "axis": "y", "origin": [13, 24, 26]},
			"faces": {
				"north": {"uv": [0, 0, 16, 1], "texture": "#2"},
				"east": {"uv": [15.5, 15.5, 16, 16], "texture": "#2"},
				"south": {"uv": [5, 15.5, 16, 16], "texture": "#2"},
				"west": {"uv": [5, 15.5, 5.5, 16], "texture": "#2"},
				"up": {"uv": [5, 15, 16, 15.5], "texture": "#2"},
				"down": {"uv": [5, 15.5, 16, 16], "texture": "#2"}
			}
		},
		{
			"from": [7.25, 6.75, 17],
			"to": [8.75, 8.25, 23],
			"rotation": {"angle": -45, "axis": "x", "origin": [8, 8, 16.5]},
			"faces": {
				"east": {"uv": [2, 12, 3, 15], "rotation": 270, "texture": "#2"},
				"south": {"uv": [1, 11.5, 2, 12.5], "texture": "#2"},
				"west": {"uv": [0, 12, 1, 15], "rotation": 90, "texture": "#2"},
				"up": {"uv": [3, 12, 4, 15], "rotation": 180, "texture": "#2"},
				"down": {"uv": [1, 12, 2, 15], "texture": "#2"}
			}
		},
		{
			"from": [7.25, 11.6, 21.1],
			"to": [8.75, 15.6, 22.6],
			"rotation": {"angle": -22.5, "axis": "x", "origin": [8, 12.5, 21.5]},
			"faces": {
				"north": {"uv": [7, 12, 8, 14], "texture": "#2"},
				"east": {"uv": [6, 12, 7, 14], "texture": "#2"},
				"south": {"uv": [5, 12, 6, 14], "texture": "#2"},
				"west": {"uv": [4, 12, 5, 14], "texture": "#2"},
				"up": {"uv": [5, 9.5, 6, 10.5], "texture": "#2"},
				"down": {"uv": [5, 13, 6, 14], "texture": "#2"}
			}
		},
		{
			"from": [7.25, 15, 17.25],
			"to": [8.75, 16.5, 21.25],
			"rotation": {"angle": 22.5, "axis": "x", "origin": [8, 15.75, 18.75]},
			"faces": {
				"north": {"uv": [0, 0, 1.5, 1.5], "texture": "#2"},
				"east": {"uv": [10, 12, 11, 14], "rotation": 90, "texture": "#2"},
				"west": {"uv": [8, 12, 9, 14], "rotation": 270, "texture": "#2"},
				"up": {"uv": [9, 12, 10, 14], "texture": "#2"},
				"down": {"uv": [11, 12, 12, 14], "rotation": 180, "texture": "#2"}
			}
		},
		{
			"from": [-3, 14, -3],
			"to": [5, 15, -2],
			"rotation": {"angle": 0, "axis": "y", "origin": [8, 22, 5]},
			"faces": {
				"north": {"uv": [1, 15, 5, 15.5], "texture": "#2"},
				"south": {"uv": [0, 0, 8, 1], "texture": "#2"},
				"west": {"uv": [4.5, 15, 5, 15.5], "texture": "#2"},
				"up": {"uv": [1, 15.5, 5, 16], "texture": "#2"},
				"down": {"uv": [1, 15.5, 5, 16], "texture": "#2"}
			}
		},
		{
			"from": [11, 14, -3],
			"to": [19, 15, -2],
			"rotation": {"angle": 0, "axis": "y", "origin": [20, 22, 5]},
			"faces": {
				"north": {"uv": [5, 15, 1, 15.5], "texture": "#2"},
				"east": {"uv": [1, 15, 1.5, 15.5], "texture": "#2"},
				"south": {"uv": [0, 0, 8, 1], "texture": "#2"},
				"up": {"uv": [5, 15.5, 1, 16], "texture": "#2"},
				"down": {"uv": [1, 15.5, 5, 16], "texture": "#2"}
			}
		},
		{
			"from": [6.75, 14.4, 18],
			"to": [9.25, 16.9, 19],
			"rotation": {"angle": 0, "axis": "y", "origin": [16, 23, 26]},
			"faces": {
				"north": {"uv": [0, 0, 1.25, 1.25], "texture": "#2"},
				"east": {"uv": [2, 13, 2.5, 14.5], "texture": "#2"},
				"south": {"uv": [0.5, 13, 2, 14.5], "texture": "#2"},
				"west": {"uv": [0, 13, 0.5, 14.5], "texture": "#2"},
				"up": {"uv": [0.5, 12.5, 2, 13], "texture": "#2"},
				"down": {"uv": [0.5, 14.5, 2, 15], "texture": "#2"}
			}
		},
		{
			"from": [6, 6.8, 16],
			"to": [10, 10.8, 18],
			"rotation": {"angle": 0, "axis": "y", "origin": [16, 18, 25]},
			"faces": {
				"north": {"uv": [0, 0, 0, 0], "texture": "#3"},
				"east": {"uv": [6, 6, 8, 10], "texture": "#3"},
				"south": {"uv": [2, 6, 6, 10], "texture": "#3"},
				"west": {"uv": [0, 6, 2, 10], "texture": "#3"},
				"up": {"uv": [2, 4, 6, 6], "texture": "#3"},
				"down": {"uv": [2, 10, 6, 12], "texture": "#3"}
			}
		},
		{
			"from": [5, 13, -3],
			"to": [7, 15, -2],
			"rotation": {"angle": 0, "axis": "y", "origin": [14, 22, 5]},
			"faces": {
				"north": {"uv": [14.5, 11, 15.5, 12], "texture": "#2"},
				"east": {"uv": [14, 11, 14.5, 12], "texture": "#2"},
				"west": {"uv": [15.5, 11, 16, 12], "texture": "#2"},
				"up": {"uv": [14.5, 10.5, 15.5, 11], "texture": "#2"},
				"down": {"uv": [14.5, 12, 15.5, 12.5], "texture": "#2"}
			}
		},
		{
			"from": [9, 13, -3],
			"to": [11, 15, -2],
			"rotation": {"angle": 0, "axis": "y", "origin": [17, 23, 5]},
			"faces": {
				"north": {"uv": [12.5, 11, 13.5, 12], "texture": "#2"},
				"east": {"uv": [12, 11, 12.5, 12], "texture": "#2"},
				"west": {"uv": [13.5, 11, 14, 12], "texture": "#2"},
				"up": {"uv": [12.5, 10.5, 13.5, 11], "texture": "#2"},
				"down": {"uv": [12.5, 12, 13.5, 12.5], "texture": "#2"}
			}
		},
		{
			"from": [18, 17, 6],
			"to": [19, 18, 10],
			"rotation": {"angle": 0, "axis": "y", "origin": [26, 25, 17]},
			"faces": {
				"north": {"uv": [11.5, 11, 12, 11.5], "texture": "#2"},
				"east": {"uv": [10, 11, 12, 11.5], "texture": "#2"},
				"south": {"uv": [10, 11, 10.5, 11.5], "texture": "#2"},
				"west": {"uv": [0, 0, 2, 0.5], "texture": "#2"},
				"up": {"uv": [10, 10.5, 12, 11], "rotation": 270, "texture": "#2"},
				"down": {"uv": [10, 11.5, 12, 12], "rotation": 90, "texture": "#2"}
			}
		},
		{
			"from": [-3, 17, 6],
			"to": [-2, 18, 10],
			"rotation": {"angle": 0, "axis": "y", "origin": [5, 25, 17]},
			"faces": {
				"north": {"uv": [7.5, 11, 8, 11.5], "texture": "#2"},
				"east": {"uv": [0, 0, 2, 0.5], "texture": "#2"},
				"south": {"uv": [9, 11, 9.5, 11.5], "texture": "#2"},
				"west": {"uv": [7.5, 11, 9.5, 11.5], "texture": "#2"},
				"up": {"uv": [7.5, 10.5, 9.5, 11], "rotation": 90, "texture": "#2"},
				"down": {"uv": [7.5, 11.5, 9.5, 12], "rotation": 270, "texture": "#2"}
			}
		}
	]
}