{
	"credit": "Made with Blockbench",
    "parent": "crystalpledge:item/soxhlet_gun",
	"display": {
		"thirdperson_righthand": {
			"rotation": [0, -15, 0],
			"translation": [2, 1.5, -1.5],
			"scale": [0.5, 0.5, 0.5]
		},
		"thirdperson_lefthand": {
			"rotation": [0, -15, 0],
			"translation": [2, 1.5, -1.5],
			"scale": [0.5, 0.5, 0.5]
		},
		"firstperson_righthand": {
			"translation": [-9, 2.5, 1.13],
			"scale": [0.5, 0.5, 0.5]
		},
		"firstperson_lefthand": {
			"translation": [-9.08, 2.5, 1.13],
			"scale": [0.5, 0.5, 0.5]
		},
		"ground": {
			"rotation": [0, 0, 90],
			"translation": [0, -2, 0],
			"scale": [0.5, 0.5, 0.5]
		},
		"gui": {
			"rotation": [90, -45, 90],
			"translation": [0, 0, -1.25],
			"scale": [0.6, 0.6, 0.6]
		},
		"fixed": {
			"rotation": [90, 45, -90],
			"translation": [0, 0, -1.25],
			"scale": [0.6, 0.6, 0.6]
		}
	}
}