{
	"credit": "Made with Blockbench",
	"texture_size": [32, 32],
	"textures": {
		"0": "crystalpledge:item/training_sniper",
		"particle": "crystalpledge:item/training_sniper"
	},
	"elements": [
		{
			"from": [7.5, 1, 17],
			"to": [8.5, 4, 23],
			"faces": {
				"north": {"uv": [3, 3, 3.5, 4.5], "texture": "#0"},
				"east": {"uv": [0, 3, 3, 4.5], "texture": "#0"},
				"south": {"uv": [6.5, 3, 7, 4.5], "texture": "#0"},
				"west": {"uv": [3.5, 3, 6.5, 4.5], "texture": "#0"},
				"up": {"uv": [3.5, 3, 3, 0], "texture": "#0"},
				"down": {"uv": [4, 0, 3.5, 3], "texture": "#0"}
			}
		},
		{
			"from": [7.5, 2, 15],
			"to": [8.5, 4, 17],
			"faces": {
				"east": {"uv": [4, 1, 5, 2], "texture": "#0"},
				"west": {"uv": [5.5, 1, 6.5, 2], "texture": "#0"},
				"up": {"uv": [5.5, 1, 5, 0], "texture": "#0"},
				"down": {"uv": [6, 0, 5.5, 1], "texture": "#0"}
			}
		},
		{
			"from": [7.5, 0, 14],
			"to": [8.5, 5, 15],
			"faces": {
				"north": {"uv": [0.5, 0.5, 1, 3], "texture": "#0"},
				"east": {"uv": [0, 0.5, 0.5, 3], "texture": "#0"},
				"south": {"uv": [1.5, 0.5, 2, 3], "texture": "#0"},
				"west": {"uv": [1, 0.5, 1.5, 3], "texture": "#0"},
				"up": {"uv": [1, 0.5, 0.5, 0], "texture": "#0"},
				"down": {"uv": [1.5, 0, 1, 0.5], "texture": "#0"}
			}
		},
		{
			"from": [7.5, 1, 13],
			"to": [8.5, 5, 14],
			"faces": {
				"north": {"uv": [0.5, 5, 1, 7], "texture": "#0"},
				"east": {"uv": [0, 5, 0.5, 7], "texture": "#0"},
				"west": {"uv": [1, 5, 1.5, 7], "texture": "#0"},
				"up": {"uv": [1, 5, 0.5, 4.5], "texture": "#0"},
				"down": {"uv": [1.5, 4.5, 1, 5], "texture": "#0"}
			}
		},
		{
			"from": [7.5, 3, -1],
			"to": [8.5, 5, 13],
			"faces": {
				"north": {"uv": [7, 7, 7.5, 8], "texture": "#0"},
				"east": {"uv": [0, 7, 7, 8], "texture": "#0"},
				"west": {"uv": [7.5, 7, 14.5, 8], "texture": "#0"},
				"up": {"uv": [7.5, 7, 7, 0], "texture": "#0"},
				"down": {"uv": [8, 0, 7.5, 7], "texture": "#0"}
			}
		},
		{
			"from": [7.6, 5, 12],
			"to": [8.4, 5.5, 12.5],
			"faces": {
				"north": {"uv": [8.5, 3, 9.5, 3.5], "texture": "#0"},
				"east": {"uv": [8, 3, 8.5, 3.5], "texture": "#0"},
				"south": {"uv": [10, 3, 11, 3.5], "texture": "#0"},
				"west": {"uv": [9.5, 3, 10, 3.5], "texture": "#0"},
				"up": {"uv": [8.5, 2.5, 9.5, 3], "texture": "#0"}
			}
		},
		{
			"from": [7.6, 5, 1],
			"to": [8.4, 5.5, 1.5],
			"faces": {
				"north": {"uv": [11.5, 3, 12.5, 3.5], "texture": "#0"},
				"east": {"uv": [11, 3, 11.5, 3.5], "texture": "#0"},
				"south": {"uv": [13, 3, 14, 3.5], "texture": "#0"},
				"west": {"uv": [12.5, 3, 13, 3.5], "texture": "#0"},
				"up": {"uv": [11.5, 2.5, 12.5, 3], "texture": "#0"}
			}
		},
		{
			"from": [7.65, 4.15, -9],
			"to": [8.35, 4.85, -1],
			"faces": {
				"north": {"uv": [4, 12, 4.5, 12.5], "texture": "#0"},
				"east": {"uv": [0, 12, 4, 12.5], "texture": "#0"},
				"west": {"uv": [4.5, 12, 8.5, 12.5], "texture": "#0"},
				"up": {"uv": [4, 12, 4.5, 8], "texture": "#0"},
				"down": {"uv": [4.5, 8, 5, 12], "texture": "#0"}
			}
		},
		{
			"from": [7.75, 1.5, 12],
			"to": [8.25, 2, 13],
			"faces": {
				"east": {"uv": [8, 1, 9, 1.5], "texture": "#0"},
				"west": {"uv": [9.5, 1.5, 10.5, 1], "texture": "#0"},
				"up": {"uv": [9, 1, 9.5, 0], "texture": "#0"},
				"down": {"uv": [9, 1.5, 9.5, 2.5], "rotation": 180, "texture": "#0"}
			}
		},
		{
			"from": [7.75, 1.5, 11.5],
			"to": [8.25, 3, 12],
			"faces": {
				"north": {"uv": [11, 0, 11.5, 1.5], "texture": "#0"},
				"east": {"uv": [10.5, 0, 11, 1.5], "texture": "#0"},
				"south": {"uv": [12, 0, 12.5, 1.5], "texture": "#0"},
				"west": {"uv": [11.5, 0, 12, 1.5], "texture": "#0"},
				"up": {"uv": [0, 0, 0, 0], "texture": "#0"},
				"down": {"uv": [12, 1.5, 12.5, 2], "texture": "#0"}
			}
		}
	],
	"display": {
		"thirdperson_righthand": {
			"translation": [0, 4.5, -4],
			"scale": [0.7, 0.8, 0.8]
		},
		"thirdperson_lefthand": {
			"translation": [0, 4.5, -4],
			"scale": [0.7, 0.8, 0.8]
		},
		"firstperson_righthand": {
			"rotation": [-5, -10, 0],
			"translation": [1.5, 7, -2]
		},
		"firstperson_lefthand": {
			"rotation": [-5, -10, 0],
			"translation": [1.5, 7, -2]
		},
		"ground": {
			"rotation": [0, 0, 90],
			"translation": [-2.75, -3, 0],
			"scale": [0.6, 0.6, 0.6]
		},
		"gui": {
			"rotation": [90, -45, 90],
			"translation": [-2, 1.75, -0.25],
			"scale": [0.6, 0.6, 0.6]
		},
		"head": {
			"translation": [0, 13.25, 0]
		},
		"fixed": {
			"rotation": [90, 45, -90],
			"translation": [2.5, 2, -0.25],
			"scale": [0.7, 0.7, 0.7]
		}
	}
}