{
	"credit": "Made with Blockbench",
    "parent": "crystalpledge:item/training_pistol",
	"display": {
		"thirdperson_righthand": {
			"rotation": [0, 165, 0],
			"translation": [2, 1.5, -1.5],
			"scale": [0.8, 0.8, 0.8]
		},
		"thirdperson_lefthand": {
			"rotation": [0, 165, 0],
			"translation": [2, 1.5, -1.5],
			"scale": [0.8, 0.8, 0.8]
		},
		"firstperson_righthand": {
			"rotation": [0, -180, 0],
			"translation": [-9, 9.5, 1.13]
		},
		"firstperson_lefthand": {
			"rotation": [0, -180, 0],
			"translation": [-9.08, 9.5, 1.13]
		}
	}
}