{
	"credit": "Made with Blockbench",
	"parent": "crystalpledge:item/training_slingshot_pulling_0",
	"elements": [
		{
			"from": [7.5, 0, 7.5],
			"to": [8.5, 3, 8.5],
			"faces": {
				"north": {"uv": [3, 11, 4, 14], "texture": "#0"},
				"east": {"uv": [2, 11, 3, 14], "texture": "#0"},
				"south": {"uv": [1, 11, 2, 14], "texture": "#0"},
				"west": {"uv": [0, 11, 1, 14], "texture": "#0"},
				"down": {"uv": [1, 14, 2, 15], "texture": "#0"}
			}
		},
		{
			"from": [6.5, 3, 7.5],
			"to": [7.5, 4, 8.5],
			"faces": {
				"north": {"uv": [3, 7, 4, 8], "rotation": 270, "texture": "#0"},
				"south": {"uv": [3, 9, 4, 10], "texture": "#0"},
				"up": {"uv": [3, 8, 4, 9], "texture": "#0"},
				"down": {"uv": [3, 10, 4, 11], "texture": "#0"}
			}
		},
		{
			"from": [7.5, 3, 7.5],
			"to": [8.5, 4, 8.5],
			"faces": {
				"north": {"uv": [4, 7, 5, 8], "rotation": 180, "texture": "#0"},
				"south": {"uv": [4, 9, 5, 10], "texture": "#0"},
				"up": {"uv": [4, 8, 5, 9], "texture": "#0"}
			}
		},
		{
			"from": [5.5, 3, 7.5],
			"to": [6.5, 4, 8.5],
			"faces": {
				"north": {"uv": [0, 9, 1, 10], "texture": "#0"},
				"south": {"uv": [2, 9, 3, 10], "texture": "#0"},
				"west": {"uv": [1, 9, 2, 10], "texture": "#0"},
				"down": {"uv": [2, 10, 3, 11], "texture": "#0"}
			}
		},
		{
			"from": [5.5, 4, 7.5],
			"to": [6.5, 6, 8.5],
			"faces": {
				"north": {"uv": [3, 5, 4, 7], "texture": "#0"},
				"east": {"uv": [2, 5, 3, 7], "texture": "#0"},
				"south": {"uv": [1, 5, 2, 7], "texture": "#0"},
				"west": {"uv": [0, 5, 1, 7], "texture": "#0"}
			}
		},
		{
			"from": [8.5, 3, 7.5],
			"to": [9.5, 4, 8.5],
			"faces": {
				"north": {"uv": [5, 7, 6, 8], "texture": "#0"},
				"south": {"uv": [5, 9, 6, 10], "texture": "#0"},
				"up": {"uv": [5, 8, 6, 9], "texture": "#0"},
				"down": {"uv": [5, 10, 6, 11], "texture": "#0"}
			}
		},
		{
			"from": [9.5, 3, 7.5],
			"to": [10.5, 4, 8.5],
			"faces": {
				"north": {"uv": [8, 9, 9, 10], "texture": "#0"},
				"east": {"uv": [7, 9, 8, 10], "texture": "#0"},
				"south": {"uv": [6, 9, 7, 10], "texture": "#0"},
				"down": {"uv": [6, 10, 7, 11], "texture": "#0"}
			}
		},
		{
			"from": [9.5, 4, 7.5],
			"to": [10.5, 6, 8.5],
			"faces": {
				"north": {"uv": [7, 5, 8, 7], "texture": "#0"},
				"east": {"uv": [6, 5, 7, 7], "texture": "#0"},
				"south": {"uv": [5, 5, 6, 7], "texture": "#0"},
				"west": {"uv": [4, 5, 5, 7], "texture": "#0"},
				"up": {"uv": [0, 0.5, 1, 1.5], "texture": "#0"},
				"down": {"uv": [0, 0.5, 1, 1.5], "texture": "#0"}
			}
		},
		{
			"from": [5.4, 6, 7.4],
			"to": [6.6, 6.5, 8.6],
			"faces": {
				"north": {"uv": [3, 3, 4, 4], "texture": "#0"},
				"east": {"uv": [2, 3, 3, 4], "texture": "#0"},
				"south": {"uv": [1, 3, 2, 4], "texture": "#0"},
				"west": {"uv": [0, 3, 1, 4], "texture": "#0"},
				"up": {"uv": [1, 2, 2, 3], "texture": "#0"},
				"down": {"uv": [1, 4, 2, 5], "texture": "#0"}
			}
		},
		{
			"from": [9.4, 6, 7.4],
			"to": [10.6, 6.5, 8.6],
			"faces": {
				"north": {"uv": [7, 3, 8, 4], "texture": "#0"},
				"east": {"uv": [6, 3, 7, 4], "texture": "#0"},
				"south": {"uv": [5, 3, 6, 4], "texture": "#0"},
				"west": {"uv": [4, 3, 5, 4], "texture": "#0"},
				"up": {"uv": [5, 2, 6, 3], "texture": "#0"},
				"down": {"uv": [5, 4, 6, 5], "texture": "#0"}
			}
		},
		{
			"from": [9.5, 6.5, 7.5],
			"to": [10.5, 7.5, 8.5],
			"faces": {
				"north": {"uv": [7, 1, 8, 2], "texture": "#0"},
				"east": {"uv": [6, 1, 7, 2], "texture": "#0"},
				"south": {"uv": [5, 1, 6, 2], "texture": "#0"},
				"west": {"uv": [4, 1, 5, 2], "texture": "#0"},
				"up": {"uv": [5, 0, 6, 1], "texture": "#0"}
			}
		},
		{
			"from": [5.5, 6.5, 7.5],
			"to": [6.5, 7.5, 8.5],
			"faces": {
				"north": {"uv": [3, 1, 4, 2], "texture": "#0"},
				"east": {"uv": [2, 1, 3, 2], "texture": "#0"},
				"south": {"uv": [1, 1, 2, 2], "texture": "#0"},
				"west": {"uv": [0, 1, 1, 2], "texture": "#0"},
				"up": {"uv": [1, 0, 2, 1], "texture": "#0"},
				"down": {"uv": [0, 0, 0, 0], "texture": "#0"}
			}
		},
		{
			"from": [5.75, 6, 8.6],
			"to": [6.25, 6.5, 9.1],
			"faces": {
				"east": {"uv": [10, 1, 11, 2], "texture": "#0"},
				"south": {"uv": [9, 1, 10, 2], "texture": "#0"},
				"west": {"uv": [8, 1, 9, 2], "texture": "#0"},
				"up": {"uv": [9, 0, 10, 1], "texture": "#0"},
				"down": {"uv": [9, 2, 10, 3], "texture": "#0"}
			}
		},
		{
			"from": [6.25, 6, 9.6],
			"to": [6.75, 6.5, 10.1],
			"faces": {
				"north": {"uv": [11, 7, 12, 8], "texture": "#0"},
				"east": {"uv": [10, 7, 11, 8], "texture": "#0"},
				"south": {"uv": [9, 7, 10, 8], "texture": "#0"},
				"west": {"uv": [8, 7, 9, 8], "texture": "#0"},
				"up": {"uv": [9, 6, 10, 7], "texture": "#0"},
				"down": {"uv": [9, 8, 10, 9], "texture": "#0"}
			}
		},
		{
			"from": [6.25, 6, 9.1],
			"to": [6.75, 6.5, 9.6],
			"faces": {
				"north": {"uv": [11, 4, 12, 5], "texture": "#0"},
				"east": {"uv": [10, 4, 11, 5], "texture": "#0"},
				"south": {"uv": [9, 4, 10, 5], "texture": "#0"},
				"west": {"uv": [8, 4, 9, 5], "texture": "#0"},
				"up": {"uv": [9, 3, 10, 4], "texture": "#0"},
				"down": {"uv": [9, 5, 10, 6], "texture": "#0"}
			}
		},
		{
			"from": [6.75, 6, 10],
			"to": [7.25, 6.5, 10.5],
			"faces": {
				"north": {"uv": [11, 10, 12, 11], "texture": "#0"},
				"east": {"uv": [10, 10, 11, 11], "texture": "#0"},
				"south": {"uv": [9, 10, 10, 11], "texture": "#0"},
				"west": {"uv": [8, 10, 9, 11], "texture": "#0"},
				"up": {"uv": [9, 9, 10, 10], "texture": "#0"},
				"down": {"uv": [9, 11, 10, 12], "texture": "#0"}
			}
		},
		{
			"from": [9.75, 6, 8.6],
			"to": [10.25, 6.5, 9.1],
			"faces": {
				"east": {"uv": [14, 1, 15, 2], "texture": "#0"},
				"south": {"uv": [13, 1, 14, 2], "texture": "#0"},
				"west": {"uv": [12, 1, 13, 2], "texture": "#0"},
				"up": {"uv": [13, 0, 14, 1], "texture": "#0"},
				"down": {"uv": [13, 2, 14, 3], "texture": "#0"}
			}
		},
		{
			"from": [9.25, 6, 9.6],
			"to": [9.75, 6.5, 10.1],
			"faces": {
				"north": {"uv": [15, 7, 16, 8], "texture": "#0"},
				"east": {"uv": [14, 7, 15, 8], "texture": "#0"},
				"south": {"uv": [13, 7, 14, 8], "texture": "#0"},
				"west": {"uv": [12, 7, 13, 8], "texture": "#0"},
				"up": {"uv": [13, 6, 14, 7], "texture": "#0"},
				"down": {"uv": [13, 9, 14, 8], "texture": "#0"}
			}
		},
		{
			"from": [8.75, 6, 10],
			"to": [9.25, 6.5, 10.5],
			"faces": {
				"north": {"uv": [15, 10, 16, 11], "texture": "#0"},
				"east": {"uv": [14, 10, 15, 11], "texture": "#0"},
				"south": {"uv": [13, 10, 14, 11], "texture": "#0"},
				"west": {"uv": [12, 10, 13, 11], "texture": "#0"},
				"up": {"uv": [13, 9, 14, 10], "texture": "#0"},
				"down": {"uv": [13, 11, 14, 12], "texture": "#0"}
			}
		},
		{
			"from": [9.25, 6, 9.1],
			"to": [9.75, 6.5, 9.6],
			"faces": {
				"north": {"uv": [15, 4, 16, 5], "texture": "#0"},
				"east": {"uv": [14, 4, 15, 5], "texture": "#0"},
				"south": {"uv": [13, 4, 14, 5], "texture": "#0"},
				"west": {"uv": [12, 4, 13, 5], "texture": "#0"},
				"up": {"uv": [13, 3, 14, 4], "texture": "#0"},
				"down": {"uv": [13, 5, 14, 6], "texture": "#0"}
			}
		},
		{
			"from": [7, 5.75, 10.5],
			"to": [9, 6.75, 11],
			"rotation": {"angle": 0, "axis": "x", "origin": [8, 4.5, 10.25]},
			"faces": {
				"north": {"uv": [7, 13, 11, 15], "rotation": 180, "texture": "#0"},
				"east": {"uv": [11, 13, 12, 15], "rotation": 180, "texture": "#0"},
				"south": {"uv": [12, 13, 16, 15], "rotation": 180, "texture": "#0"},
				"west": {"uv": [6, 13, 7, 15], "rotation": 180, "texture": "#0"},
				"up": {"uv": [7, 15, 11, 16], "texture": "#0"},
				"down": {"uv": [7, 12, 11, 13], "texture": "#0"}
			}
		}
	]
}