{
	"credit": "Made with Blockbench",
	"textures": {
		"0": "crystalpledge:item/training_pistol",
		"particle": "crystalpledge:item/training_pistol"
	},
	"elements": [
		{
			"from": [7.5, 4, 3],
			"to": [8.5, 5, 10],
			"rotation": {"angle": 0, "axis": "y", "origin": [7, -7, -4]},
			"faces": {
				"north": {"uv": [15, 14, 16, 15], "texture": "#0"},
				"east": {"uv": [8, 14, 15, 15], "texture": "#0"},
				"south": {"uv": [7, 14, 8, 15], "texture": "#0"},
				"west": {"uv": [0, 14, 7, 15], "texture": "#0"},
				"up": {"uv": [7, 14, 0, 13], "rotation": 270, "texture": "#0"},
				"down": {"uv": [8, 15, 15, 16], "rotation": 90, "texture": "#0"}
			}
		},
		{
			"from": [7.625, 1, 3],
			"to": [8.375, 5, 5],
			"rotation": {"angle": 22.5, "axis": "x", "origin": [15.5, 2, 4]},
			"faces": {
				"north": {"uv": [11, 0, 12, 4], "texture": "#0"},
				"east": {"uv": [9, 0, 11, 4], "texture": "#0"},
				"south": {"uv": [8, 0, 9, 4], "texture": "#0"},
				"west": {"uv": [6, 0, 8, 4], "texture": "#0"},
				"down": {"uv": [9, 4, 11, 5], "rotation": 90, "texture": "#0"}
			}
		},
		{
			"from": [7.5, 5, 3],
			"to": [8.5, 6, 7],
			"rotation": {"angle": 0, "axis": "y", "origin": [7, -7, -4]},
			"faces": {
				"north": {"uv": [9, 5, 10, 6], "texture": "#0"},
				"east": {"uv": [5, 5, 9, 6], "texture": "#0"},
				"south": {"uv": [4, 6, 5, 5], "texture": "#0"},
				"west": {"uv": [0, 6, 4, 7], "texture": "#0"},
				"up": {"uv": [4, 6, 0, 5], "rotation": 270, "texture": "#0"}
			}
		},
		{
			"from": [7.75, 3, 6.5],
			"to": [8.25, 4, 7],
			"rotation": {"angle": 0, "axis": "y", "origin": [7, -7, -4]},
			"faces": {
				"north": {"uv": [14, 4, 15, 6], "texture": "#0"},
				"east": {"uv": [13, 4, 14, 6], "texture": "#0"},
				"south": {"uv": [12, 4, 13, 6], "texture": "#0"},
				"west": {"uv": [11, 4, 12, 6], "texture": "#0"},
				"down": {"uv": [14, 6, 13, 7], "texture": "#0"}
			}
		},
		{
			"from": [7.75, 3, 5.5],
			"to": [8.25, 3.5, 6.5],
			"rotation": {"angle": 0, "axis": "y", "origin": [7, -7, -4]},
			"faces": {
				"east": {"uv": [12, 3, 14, 4], "rotation": 180, "texture": "#0"},
				"west": {"uv": [12, 1, 14, 2], "texture": "#0"},
				"up": {"uv": [12, 0, 14, 1], "rotation": 90, "texture": "#0"},
				"down": {"uv": [14, 3, 12, 2], "rotation": 90, "texture": "#0"}
			}
		},
		{
			"from": [7.625, 5.2, 2.1],
			"to": [8.375, 5.7, 3.1],
			"rotation": {"angle": -22.5, "axis": "x", "origin": [7.5, 5.75, 2.5]},
			"faces": {
				"north": {"uv": [2, 2, 4, 3], "texture": "#0"},
				"east": {"uv": [0, 2, 2, 3], "texture": "#0"},
				"west": {"uv": [4, 2, 6, 3], "texture": "#0"},
				"up": {"uv": [2, 2, 0, 0], "rotation": 270, "texture": "#0"},
				"down": {"uv": [4, 3, 6, 5], "rotation": 90, "texture": "#0"}
			}
		},
		{
			"from": [7.75, 5.2, 12],
			"to": [8.25, 5.7, 14],
			"rotation": {"angle": 0, "axis": "y", "origin": [7, -7, -4]},
			"faces": {
				"east": {"uv": [5, 11, 9, 12], "texture": "#0"},
				"south": {"uv": [4, 11, 5, 12], "texture": "#0"},
				"west": {"uv": [0, 11, 4, 12], "texture": "#0"},
				"up": {"uv": [4, 11, 0, 10], "rotation": 270, "texture": "#0"},
				"down": {"uv": [9, 13, 5, 12], "rotation": 90, "texture": "#0"}
			}
		},
		{
			"from": [7.55, 5, 7],
			"to": [8.45, 5.9, 12],
			"rotation": {"angle": 0, "axis": "y", "origin": [7, -7, -4]},
			"faces": {
				"east": {"uv": [6, 8, 11, 9], "texture": "#0"},
				"south": {"uv": [5, 8, 6, 9], "texture": "#0"},
				"west": {"uv": [0, 8, 5, 9], "texture": "#0"},
				"up": {"uv": [5, 8, 0, 7], "rotation": 270, "texture": "#0"},
				"down": {"uv": [6, 9, 11, 10], "rotation": 270, "texture": "#0"}
			}
		}
	],
	"display": {
		"thirdperson_righthand": {
			"rotation": [0, -180, 0],
			"translation": [0, 3.25, -1.25],
			"scale": [0.8, 0.8, 0.8]
		},
		"thirdperson_lefthand": {
			"rotation": [0, -180, 0],
			"translation": [0, 3.25, -1.25],
			"scale": [0.8, 0.8, 0.8]
		},
		"firstperson_righthand": {
			"rotation": [-5, 170, 0],
			"translation": [-0.75, 7, 0]
		},
		"firstperson_lefthand": {
			"rotation": [-5, 170, 0],
			"translation": [-0.75, 7, 0]
		},
		"ground": {
			"rotation": [0, -180, 90],
			"translation": [3, -3.25, 0]
		},
		"gui": {
			"rotation": [-91, 45, 90],
			"translation": [-2.25, 3.75, -0.75],
			"scale": [1.3, 1.3, 1.3]
		},
		"head": {
			"rotation": [0, -180, 0],
			"translation": [0, 11, 0]
		},
		"fixed": {
			"rotation": [-90, -45, -90],
			"translation": [2.5, 4.5, -0.75],
			"scale": [1.5, 1.5, 1.5]
		}
	}
}