{
	"credit": "Made with Blockbench",
	"parent": "crystalpledge:item/headset",
	"texture_size": [32, 32],
	"textures": {
		"2": "crystalpledge:item/warrior_headset"
	},
	"elements": [
		{
			"from": [5, 12, 17],
			"to": [11, 17, 18],
			"rotation": {"angle": 0, "axis": "y", "origin": [14, 22, 25]},
			"faces": {
				"north": {"uv": [2, 4, 5, 6.5], "texture": "#2"},
				"east": {"uv": [4.5, 4, 5, 6.5], "texture": "#2"},
				"south": {"uv": [2, 4, 5, 6.5], "texture": "#2"},
				"west": {"uv": [2, 4, 2.5, 6.5], "texture": "#2"},
				"up": {"uv": [2, 3.5, 5, 4], "texture": "#2"},
				"down": {"uv": [2, 6.5, 5, 7], "texture": "#2"}
			}
		},
		{
			"from": [3, 13, -3],
			"to": [6, 16, -1],
			"rotation": {"angle": 0, "axis": "y", "origin": [12, 22, 5]},
			"faces": {
				"north": {"uv": [0, 0.5, 1.5, 2], "texture": "#2"},
				"east": {"uv": [0, 0.5, 1, 2], "texture": "#2"},
				"south": {"uv": [6.5, 8, 8, 9.5], "texture": "#2"},
				"west": {"uv": [1, 0.5, 2, 2], "texture": "#2"},
				"up": {"uv": [1.5, 1, 0, 0], "texture": "#2"},
				"down": {"uv": [0, 2, 1.5, 1], "rotation": 180, "texture": "#2"}
			}
		},
		{
			"from": [6, 6.8, 16],
			"to": [10, 10.8, 18],
			"rotation": {"angle": 0, "axis": "y", "origin": [16, 17, 25]},
			"faces": {
				"north": {"uv": [0, 0, 0, 0], "texture": "#3"},
				"east": {"uv": [6, 6, 8, 10], "texture": "#3"},
				"south": {"uv": [2, 6, 6, 10], "texture": "#3"},
				"west": {"uv": [0, 6, 2, 10], "texture": "#3"},
				"up": {"uv": [2, 4, 6, 6], "texture": "#3"},
				"down": {"uv": [2, 10, 6, 12], "texture": "#3"}
			}
		},
		{
			"from": [10, 13, -3],
			"to": [13, 16, -1],
			"rotation": {"angle": 0, "axis": "y", "origin": [19, 22, 5]},
			"faces": {
				"north": {"uv": [6.5, 8, 8, 9.5], "texture": "#2"},
				"east": {"uv": [6, 8, 7, 9.5], "texture": "#2"},
				"south": {"uv": [0, 0.5, 1.5, 2], "texture": "#2"},
				"west": {"uv": [7, 8, 8, 9.5], "texture": "#2"},
				"up": {"uv": [8, 8.5, 6.5, 7.5], "texture": "#2"},
				"down": {"uv": [8, 9.5, 6.5, 8.5], "texture": "#2"}
			}
		},
		{
			"from": [1, 12, -2],
			"to": [3, 16, -1],
			"rotation": {"angle": 0, "axis": "y", "origin": [10, 21, 6]},
			"faces": {
				"north": {"uv": [1.5, 0.5, 2.5, 2.5], "texture": "#2"},
				"east": {"uv": [1.5, 0.5, 2, 2.5], "texture": "#2"},
				"south": {"uv": [5.5, 8, 6.5, 10], "texture": "#2"},
				"west": {"uv": [2, 0.5, 2.5, 2.5], "texture": "#2"},
				"up": {"uv": [2.5, 0, 1.5, 0.5], "texture": "#2"},
				"down": {"uv": [2.5, 3, 1.5, 2.5], "texture": "#2"}
			}
		},
		{
			"from": [13, 12, -2],
			"to": [15, 16, -1],
			"rotation": {"angle": 0, "axis": "y", "origin": [22, 21, 6]},
			"faces": {
				"north": {"uv": [5.5, 8, 6.5, 10], "texture": "#2"},
				"east": {"uv": [5.5, 8, 6, 10], "texture": "#2"},
				"south": {"uv": [1.5, 0.5, 2.5, 2.5], "texture": "#2"},
				"west": {"uv": [6, 8, 6.5, 10], "texture": "#2"},
				"up": {"uv": [6.5, 7.5, 5.5, 8], "texture": "#2"},
				"down": {"uv": [6.5, 10.5, 5.5, 10], "texture": "#2"}
			}
		},
		{
			"from": [1, 11, 17],
			"to": [5, 16, 18],
			"rotation": {"angle": 0, "axis": "y", "origin": [10, 21, 25]},
			"faces": {
				"north": {"uv": [5, 4.5, 7, 7], "texture": "#2"},
				"east": {"uv": [1.5, 4.5, 2, 7], "texture": "#2"},
				"south": {"uv": [0, 4.5, 2, 7], "texture": "#2"},
				"west": {"uv": [0, 4.5, 0.5, 7], "texture": "#2"},
				"up": {"uv": [0, 4, 2, 4.5], "texture": "#2"},
				"down": {"uv": [0, 7, 2, 7.5], "texture": "#2"}
			}
		},
		{
			"from": [11, 11, 17],
			"to": [15, 16, 18],
			"rotation": {"angle": 0, "axis": "y", "origin": [20, 21, 25]},
			"faces": {
				"north": {"uv": [0, 4.5, 2, 7], "texture": "#2"},
				"east": {"uv": [6.5, 4.5, 7, 7], "texture": "#2"},
				"south": {"uv": [5, 4.5, 7, 7], "texture": "#2"},
				"west": {"uv": [5, 4.5, 5.5, 7], "texture": "#2"},
				"up": {"uv": [5, 4, 7, 4.5], "texture": "#2"},
				"down": {"uv": [5, 7, 7, 7.5], "texture": "#2"}
			}
		},
		{
			"from": [-2, 11, -2],
			"to": [1, 15, -1],
			"rotation": {"angle": 0, "axis": "y", "origin": [7, 22, 6]},
			"faces": {
				"north": {"uv": [2.5, 1, 4, 3], "texture": "#2"},
				"east": {"uv": [2.5, 1, 3, 3], "texture": "#2"},
				"south": {"uv": [4, 8.5, 5.5, 10.5], "texture": "#2"},
				"west": {"uv": [3.5, 1, 4, 3], "texture": "#2"},
				"up": {"uv": [4, 0.5, 2.5, 1], "texture": "#2"},
				"down": {"uv": [4, 3.5, 2.5, 3], "texture": "#2"}
			}
		},
		{
			"from": [15, 11, -2],
			"to": [18, 15, -1],
			"rotation": {"angle": 0, "axis": "y", "origin": [24, 22, 6]},
			"faces": {
				"north": {"uv": [4, 8.5, 5.5, 10.5], "texture": "#2"},
				"east": {"uv": [3.5, 8.5, 4, 10.5], "texture": "#2"},
				"south": {"uv": [2.5, 1, 4, 3], "texture": "#2"},
				"west": {"uv": [5, 8.5, 5.5, 10.5], "texture": "#2"},
				"up": {"uv": [5.5, 8, 4, 8.5], "texture": "#2"},
				"down": {"uv": [5.5, 11, 4, 10.5], "texture": "#2"}
			}
		},
		{
			"from": [-2, 11, 17],
			"to": [1, 15, 18],
			"rotation": {"angle": 0, "axis": "y", "origin": [7, 22, 25]},
			"faces": {
				"north": {"uv": [7, 5, 8.5, 7], "texture": "#2"},
				"east": {"uv": [0, 0, 1, 4], "texture": "#2"},
				"south": {"uv": [14, 1, 15.5, 3], "texture": "#2"},
				"west": {"uv": [13.5, 1, 14, 3], "texture": "#2"},
				"up": {"uv": [14, 0.5, 15.5, 1], "texture": "#2"},
				"down": {"uv": [14, 3, 15.5, 3.5], "texture": "#2"}
			}
		},
		{
			"from": [15, 11, 17],
			"to": [18, 15, 18],
			"rotation": {"angle": 0, "axis": "y", "origin": [24, 22, 25]},
			"faces": {
				"north": {"uv": [14, 1, 15.5, 3], "texture": "#2"},
				"east": {"uv": [9, 5, 9.5, 7], "texture": "#2"},
				"south": {"uv": [7, 5, 8.5, 7], "texture": "#2"},
				"up": {"uv": [7, 4.5, 8.5, 5], "texture": "#2"},
				"down": {"uv": [7, 7, 8.5, 7.5], "texture": "#2"}
			}
		},
		{
			"from": [-2, 11, -1],
			"to": [-1, 15, 1],
			"rotation": {"angle": 0, "axis": "y", "origin": [6, 22, 7]},
			"faces": {
				"east": {"uv": [2.5, 8.5, 3.5, 10.5], "texture": "#2"},
				"west": {"uv": [4.5, 1, 5.5, 3], "texture": "#2"},
				"up": {"uv": [4.5, 0.5, 5.5, 1], "rotation": 90, "texture": "#2"},
				"down": {"uv": [5.5, 3.5, 4.5, 3], "rotation": 90, "texture": "#2"}
			}
		},
		{
			"from": [17, 11, -1],
			"to": [18, 15, 1],
			"rotation": {"angle": 0, "axis": "y", "origin": [25, 22, 7]},
			"faces": {
				"east": {"uv": [2.5, 8.5, 3.5, 10.5], "texture": "#2"},
				"west": {"uv": [4.5, 1, 5.5, 3], "texture": "#2"},
				"up": {"uv": [2.5, 8, 3.5, 8.5], "rotation": 90, "texture": "#2"},
				"down": {"uv": [3.5, 11, 2.5, 10.5], "rotation": 90, "texture": "#2"}
			}
		},
		{
			"from": [-2, 11, 15],
			"to": [-1, 15, 17],
			"rotation": {"angle": 0, "axis": "y", "origin": [6, 22, 24]},
			"faces": {
				"east": {"uv": [9, 5, 10, 7], "texture": "#2"},
				"west": {"uv": [12.5, 1, 13.5, 3], "texture": "#2"},
				"up": {"uv": [12.5, 0.5, 13.5, 1], "rotation": 90, "texture": "#2"},
				"down": {"uv": [12.5, 3, 13.5, 3.5], "rotation": 270, "texture": "#2"}
			}
		},
		{
			"from": [17, 11, 15],
			"to": [18, 15, 17],
			"rotation": {"angle": 0, "axis": "y", "origin": [25, 22, 24]},
			"faces": {
				"east": {"uv": [9, 5, 10, 7], "texture": "#2"},
				"west": {"uv": [12.5, 1, 13.5, 3], "texture": "#2"},
				"up": {"uv": [9, 4.5, 10, 5], "rotation": 90, "texture": "#2"},
				"down": {"uv": [9, 7, 10, 7.5], "rotation": 270, "texture": "#2"}
			}
		},
		{
			"from": [-2, 11, 1],
			"to": [-1, 16, 6],
			"rotation": {"angle": 0, "axis": "y", "origin": [6, 22, 11]},
			"faces": {
				"north": {"uv": [5.5, 0.5, 6, 3], "texture": "#2"},
				"east": {"uv": [0, 8, 2.5, 10.5], "texture": "#2"},
				"south": {"uv": [7.5, 0.5, 8, 3], "texture": "#2"},
				"west": {"uv": [5.5, 0.5, 8, 3], "texture": "#2"},
				"up": {"uv": [5.5, 0, 8, 0.5], "rotation": 90, "texture": "#2"},
				"down": {"uv": [5.5, 3, 8, 3.5], "rotation": 270, "texture": "#2"}
			}
		},
		{
			"from": [17, 11, 1],
			"to": [18, 16, 6],
			"rotation": {"angle": 0, "axis": "y", "origin": [25, 22, 11]},
			"faces": {
				"north": {"uv": [2, 8, 2.5, 10.5], "texture": "#2"},
				"east": {"uv": [0, 8, 2.5, 10.5], "texture": "#2"},
				"south": {"uv": [0, 8, 0.5, 10.5], "texture": "#2"},
				"west": {"uv": [5.5, 0.5, 8, 3], "texture": "#2"},
				"up": {"uv": [0, 7.5, 2.5, 8], "rotation": 90, "texture": "#2"},
				"down": {"uv": [0, 10.5, 2.5, 11], "rotation": 270, "texture": "#2"}
			}
		},
		{
			"from": [-2, 12, 6],
			"to": [-1, 16, 10],
			"rotation": {"angle": 0, "axis": "y", "origin": [6, 21, 15]},
			"faces": {
				"east": {"uv": [12.5, 4.5, 14.5, 6.5], "texture": "#2"},
				"west": {"uv": [8, 0.5, 10, 2.5], "texture": "#2"},
				"up": {"uv": [8, 0, 10, 0.5], "rotation": 90, "texture": "#2"},
				"down": {"uv": [8, 2.5, 10, 3], "rotation": 270, "texture": "#2"}
			}
		},
		{
			"from": [17, 12, 6],
			"to": [18, 16, 10],
			"rotation": {"angle": 0, "axis": "y", "origin": [25, 21, 15]},
			"faces": {
				"east": {"uv": [12.5, 4.5, 14.5, 6.5], "texture": "#2"},
				"west": {"uv": [8, 0.5, 10, 2.5], "texture": "#2"},
				"up": {"uv": [12.5, 4, 14.5, 4.5], "rotation": 90, "texture": "#2"},
				"down": {"uv": [12.5, 6.5, 14.5, 7], "rotation": 270, "texture": "#2"}
			}
		},
		{
			"from": [-2, 11, 10],
			"to": [-1, 16, 15],
			"rotation": {"angle": 0, "axis": "y", "origin": [6, 18, 18]},
			"faces": {
				"north": {"uv": [10, 0.5, 10.5, 3], "texture": "#2"},
				"east": {"uv": [10, 4.5, 12.5, 7], "texture": "#2"},
				"south": {"uv": [12, 0.5, 12.5, 3], "texture": "#2"},
				"west": {"uv": [10, 0.5, 12.5, 3], "texture": "#2"},
				"up": {"uv": [10, 0, 12.5, 0.5], "rotation": 90, "texture": "#2"},
				"down": {"uv": [10, 3, 12.5, 3.5], "rotation": 270, "texture": "#2"}
			}
		},
		{
			"from": [17, 11, 10],
			"to": [18, 16, 15],
			"rotation": {"angle": 0, "axis": "y", "origin": [25, 18, 18]},
			"faces": {
				"north": {"uv": [12, 4.5, 12.5, 7], "texture": "#2"},
				"east": {"uv": [10, 4.5, 12.5, 7], "texture": "#2"},
				"south": {"uv": [10, 4.5, 10.5, 7], "texture": "#2"},
				"west": {"uv": [10, 0.5, 12.5, 3], "texture": "#2"},
				"up": {"uv": [10, 4, 12.5, 4.5], "rotation": 90, "texture": "#2"},
				"down": {"uv": [10, 7, 12.5, 7.5], "rotation": 270, "texture": "#2"}
			}
		},
		{
			"from": [7.25, 6.75, 17],
			"to": [8.75, 8.25, 22],
			"rotation": {"angle": -45, "axis": "x", "origin": [8, 8, 16.5]},
			"faces": {
				"north": {"uv": [0, 0, 0, 0], "texture": "#2"},
				"east": {"uv": [12.5, 11.5, 13.5, 14], "rotation": 270, "texture": "#2"},
				"south": {"uv": [1, 11.5, 2, 12.5], "texture": "#2"},
				"west": {"uv": [10.5, 11.5, 11.5, 14], "rotation": 90, "texture": "#2"},
				"up": {"uv": [13.5, 11.5, 14.5, 14], "rotation": 180, "texture": "#2"},
				"down": {"uv": [11.5, 11.5, 12.5, 14], "texture": "#2"}
			}
		},
		{
			"from": [7.25, 10.6, 20.1],
			"to": [8.75, 14.6, 21.6],
			"rotation": {"angle": 0, "axis": "x", "origin": [8, 12.5, 21.5]},
			"faces": {
				"north": {"uv": [13.5, 9.5, 14.5, 11.5], "texture": "#2"},
				"east": {"uv": [12.5, 9.5, 13.5, 11.5], "texture": "#2"},
				"south": {"uv": [11.5, 9.5, 12.5, 11.5], "texture": "#2"},
				"west": {"uv": [10.5, 9.5, 11.5, 11.5], "texture": "#2"},
				"up": {"uv": [11.5, 9.5, 12.5, 10.5], "texture": "#2"},
				"down": {"uv": [11.5, 10.5, 12.5, 11.5], "texture": "#2"}
			}
		},
		{
			"from": [7.25, 14, 18.25],
			"to": [8.75, 15.5, 22.25],
			"rotation": {"angle": 22.5, "axis": "x", "origin": [8, 15.75, 18.75]},
			"faces": {
				"north": {"uv": [0, 0, 1.5, 1.5], "texture": "#2"},
				"east": {"uv": [12.5, 7.5, 13.5, 9.5], "rotation": 90, "texture": "#2"},
				"south": {"uv": [11.5, 7.5, 12.5, 8.5], "texture": "#2"},
				"west": {"uv": [10.5, 7.5, 11.5, 9.5], "rotation": 270, "texture": "#2"},
				"up": {"uv": [11.5, 7.5, 12.5, 9.5], "texture": "#2"},
				"down": {"uv": [13.5, 7.5, 14.5, 9.5], "rotation": 180, "texture": "#2"}
			}
		},
		{
			"from": [6.75, 13.4, 18],
			"to": [9.25, 15.9, 19],
			"rotation": {"angle": 0, "axis": "y", "origin": [16, 22, 26]},
			"faces": {
				"east": {"uv": [10, 8, 10.5, 9.5], "texture": "#2"},
				"south": {"uv": [8.5, 8, 10, 9.5], "texture": "#2"},
				"west": {"uv": [8, 8, 8.5, 9.5], "texture": "#2"},
				"up": {"uv": [8.5, 7.5, 10, 8], "texture": "#2"},
				"down": {"uv": [8.5, 9.5, 10, 10], "texture": "#2"}
			}
		},
		{
			"from": [-2.5, 13, -1],
			"to": [-2, 14, 17],
			"rotation": {"angle": 0, "axis": "y", "origin": [5, 20, 8]},
			"faces": {
				"north": {"uv": [0, 13, 0.5, 13.5], "texture": "#2"},
				"south": {"uv": [9.5, 13, 10, 13.5], "texture": "#2"},
				"west": {"uv": [0.5, 13, 9.5, 13.5], "texture": "#2"},
				"up": {"uv": [0.5, 12.5, 9.5, 13], "rotation": 90, "texture": "#2"},
				"down": {"uv": [0.5, 13.5, 9.5, 14], "rotation": 270, "texture": "#2"}
			}
		},
		{
			"from": [18, 13, -1],
			"to": [18.5, 14, 17],
			"rotation": {"angle": 0, "axis": "y", "origin": [26, 20, 8]},
			"faces": {
				"north": {"uv": [9.5, 13, 10, 13.5], "texture": "#2"},
				"east": {"uv": [0.5, 13, 9.5, 13.5], "texture": "#2"},
				"south": {"uv": [0, 13, 0.5, 13.5], "texture": "#2"},
				"west": {"uv": [0, 0, 0, 0], "texture": "#2"},
				"up": {"uv": [0.5, 12.5, 9.5, 13], "rotation": 270, "texture": "#2"},
				"down": {"uv": [0.5, 13.5, 9.5, 14], "rotation": 90, "texture": "#2"}
			}
		},
		{
			"from": [16, 13, 7],
			"to": [17, 15, 9],
			"rotation": {"angle": 0, "axis": "y", "origin": [24, 22, 16]},
			"faces": {
				"north": {"uv": [9, 1, 10, 3], "texture": "#3"},
				"east": {"uv": [0, 0, 2, 2], "texture": "#3"},
				"south": {"uv": [10, 1, 11, 3], "texture": "#3"},
				"west": {"uv": [0, 0, 2, 2], "texture": "#3"},
				"up": {"uv": [9, 0, 11, 1], "rotation": 270, "texture": "#3"},
				"down": {"uv": [9, 3, 11, 4], "rotation": 90, "texture": "#3"}
			}
		},
		{
			"from": [7, 13, 16],
			"to": [9, 15, 17],
			"rotation": {"angle": 0, "axis": "y", "origin": [15, 22, 24]},
			"faces": {
				"north": {"uv": [0, 0, 2, 2], "texture": "#3"},
				"east": {"uv": [12, 1, 13, 3], "texture": "#3"},
				"south": {"uv": [0, 0, 2, 2], "texture": "#3"},
				"west": {"uv": [11, 1, 12, 3], "texture": "#3"},
				"up": {"uv": [11, 0, 13, 1], "texture": "#3"},
				"down": {"uv": [11, 3, 13, 4], "texture": "#3"}
			}
		},
		{
			"from": [-1, 13, 7],
			"to": [0, 15, 9],
			"rotation": {"angle": 0, "axis": "y", "origin": [7, 22, 16]},
			"faces": {
				"north": {"uv": [7, 1, 8, 3], "texture": "#3"},
				"east": {"uv": [0, 0, 2, 2], "texture": "#3"},
				"south": {"uv": [8, 1, 9, 3], "texture": "#3"},
				"west": {"uv": [0, 0, 2, 2], "texture": "#3"},
				"up": {"uv": [7, 0, 9, 1], "rotation": 90, "texture": "#3"},
				"down": {"uv": [7, 3, 9, 4], "rotation": 270, "texture": "#3"}
			}
		}
	]
}