{
    "parent": "item/generated",
    "textures": {
        "layer0": "item/cod"
    },
    "display": {
        "head": {
            "rotation": [ 0, 90, -60 ],
            "translation": [ -7, -4, -7],
            "scale":[ 0.8, 0.8, 0.8]
        }
    },
    "overrides": [
        {"predicate":{"custom_model_data":1},"model":"crystalpledge:gui/empty"},
        {"predicate":{"custom_model_data":2},"model":"crystalpledge:gui/crossed_swords"},
        {"predicate":{"custom_model_data":3},"model":"crystalpledge:gui/mech_sword_"},
        {"predicate":{"custom_model_data":4},"model":"crystalpledge:gui/cyber_sword_"},
        {"predicate":{"custom_model_data":5},"model":"crystalpledge:gui/mech_sword__"},
        {"predicate":{"custom_model_data":6},"model":"crystalpledge:gui/cyber_sword__"},
        {"predicate":{"custom_model_data":7},"model":"crystalpledge:gui/colon"}
    ]
}
