{
    "parent": "item/generated",
    "textures": {
        "layer0": "item/diamond"
    },
    "overrides": [
        {"predicate":{"custom_model_data":1},"model":"crystalpledge:player/steve/head"},
        {"predicate":{"custom_model_data":2},"model":"crystalpledge:player/steve/left_arm"},
        {"predicate":{"custom_model_data":3},"model":"crystalpledge:player/steve/right_arm"},
        {"predicate":{"custom_model_data":4},"model":"crystalpledge:player/steve/body"},
        {"predicate":{"custom_model_data":5},"model":"crystalpledge:player/steve/left_leg"},
        {"predicate":{"custom_model_data":6},"model":"crystalpledge:player/steve/right_leg"},
        {"predicate":{"custom_model_data":7},"model":"crystalpledge:mob/rat/0"},
        {"predicate":{"custom_model_data":8},"model":"crystalpledge:mob/rat/1"},
        {"predicate":{"custom_model_data":9},"model":"crystalpledge:mob/rat/2"},
        {"predicate":{"custom_model_data":10},"model":"crystalpledge:mob/cyber_bandit/head"},
        {"predicate":{"custom_model_data":11},"model":"crystalpledge:mob/cyber_bandit/left_arm"},
        {"predicate":{"custom_model_data":12},"model":"crystalpledge:mob/cyber_bandit/right_arm"},
        {"predicate":{"custom_model_data":13},"model":"crystalpledge:mob/cyber_bandit/body"},
        {"predicate":{"custom_model_data":14},"model":"crystalpledge:mob/cyber_bandit/left_leg"},
        {"predicate":{"custom_model_data":15},"model":"crystalpledge:mob/cyber_bandit/right_leg"},
        {"predicate":{"custom_model_data":16},"model":"crystalpledge:mob/mech_bandit/head"},
        {"predicate":{"custom_model_data":17},"model":"crystalpledge:mob/mech_bandit/left_arm"},
        {"predicate":{"custom_model_data":18},"model":"crystalpledge:mob/mech_bandit/right_arm"},
        {"predicate":{"custom_model_data":19},"model":"crystalpledge:mob/mech_bandit/body"},
        {"predicate":{"custom_model_data":20},"model":"crystalpledge:mob/mech_bandit/left_leg"},
        {"predicate":{"custom_model_data":21},"model":"crystalpledge:mob/mech_bandit/right_leg"},
        {"predicate":{"custom_model_data":22},"model":"crystalpledge:mob/talpid/0"},
        {"predicate":{"custom_model_data":23},"model":"crystalpledge:mob/talpid/1"},
        {"predicate":{"custom_model_data":24},"model":"crystalpledge:mob/talpid/2"},
        {"predicate":{"custom_model_data":25},"model":"crystalpledge:mob/cardophyte/basic/body"},
        {"predicate":{"custom_model_data":26},"model":"crystalpledge:mob/cardophyte/basic/leg"}
    ]
}
