{
    "parent": "item/generated",
    "textures": {
        "layer0": "item/emerald"
    },
    "overrides": [
        {"predicate":{"custom_model_data":1},"model":"crystalpledge:player/sentropic/head"},
        {"predicate":{"custom_model_data":2},"model":"crystalpledge:player/sentropic/left_arm"},
        {"predicate":{"custom_model_data":3},"model":"crystalpledge:player/sentropic/right_arm"},
        {"predicate":{"custom_model_data":4},"model":"crystalpledge:player/sentropic/body"},
        {"predicate":{"custom_model_data":5},"model":"crystalpledge:player/sentropic/left_leg"},
        {"predicate":{"custom_model_data":6},"model":"crystalpledge:player/sentropic/right_leg"},
        {"predicate":{"custom_model_data":7},"model":"crystalpledge:npc/andreine/head"},
        {"predicate":{"custom_model_data":8},"model":"crystalpledge:npc/andreine/left_arm"},
        {"predicate":{"custom_model_data":9},"model":"crystalpledge:npc/andreine/right_arm"},
        {"predicate":{"custom_model_data":10},"model":"crystalpledge:npc/andreine/body"},
        {"predicate":{"custom_model_data":11},"model":"crystalpledge:npc/andreine/left_leg"},
        {"predicate":{"custom_model_data":12},"model":"crystalpledge:npc/andreine/right_leg"},
        {"predicate":{"custom_model_data":13},"model":"crystalpledge:npc/sofya/head"},
        {"predicate":{"custom_model_data":14},"model":"crystalpledge:npc/sofya/right_arm"},
        {"predicate":{"custom_model_data":15},"model":"crystalpledge:npc/sofya/left_arm"},
        {"predicate":{"custom_model_data":16},"model":"crystalpledge:npc/sofya/body"},
        {"predicate":{"custom_model_data":17},"model":"crystalpledge:npc/sofya/right_leg"},
        {"predicate":{"custom_model_data":18},"model":"crystalpledge:npc/sofya/left_leg"}
    ]
}
