{
    "comment": "Materials",
    "parent": "item/generated",
    "textures": {
        "layer0": "item/gold_ingot"
    },    
    "overrides": [
        {"predicate":{"custom_model_data":1},"model":"crystalpledge:item/bronze_ingot"},
        {"predicate":{"custom_model_data":2},"model":"crystalpledge:item/emp_crystal"},
        {"predicate":{"custom_model_data":3},"model":"crystalpledge:item/oil"},
        {"predicate":{"custom_model_data":4},"model":"crystalpledge:item/bakelite_pellets"},
        {"predicate":{"custom_model_data":5},"model":"crystalpledge:item/bauxite"},
        {"predicate":{"custom_model_data":6},"model":"crystalpledge:item/aluminum_ingot"},
        {"predicate":{"custom_model_data":7},"model":"crystalpledge:item/casiterite"},
        {"predicate":{"custom_model_data":8},"model":"crystalpledge:item/tin_ingot"},
        {"predicate":{"custom_model_data":9},"model":"crystalpledge:item/hobermanite"},
        {"predicate":{"custom_model_data":10},"model":"crystalpledge:item/copper_ingot"},
        {"predicate":{"custom_model_data":11},"model":"crystalpledge:item/steel_ingot"}
    ]
}
