{
  "comment": "Inventory GUI elements",
  "parent": "minecraft:item/generated",
  "textures": {
    "layer0": "minecraft:item/paper"
  },
  "overrides": [
        {"predicate":{"custom_model_data":1},"model": "crystalpledge:gui/empty"},
        {"predicate":{"custom_model_data":2},"model":"crystalpledge:gui/menu/left_arrow"},
        {"predicate":{"custom_model_data":3},"model":"crystalpledge:gui/menu/right_arrow"},
        {"predicate":{"custom_model_data":4},"model":"crystalpledge:gui/menu/colon"},
        {"predicate":{"custom_model_data":5},"model":"crystalpledge:gui/menu/close"},
        {"predicate":{"custom_model_data":6},"model":"crystalpledge:gui/menu/lock"},
		{"predicate":{"custom_model_data":100},"model": "crystalpledge:gui/menu/soulpad"},
		{"predicate":{"custom_model_data":200},"model": "crystalpledge:gui/map/solarian_map"},
        {"predicate":{"custom_model_data":201},"model":"crystalpledge:gui/map/hq"},
        {"predicate":{"custom_model_data":202},"model":"crystalpledge:gui/map/anvil"},
        {"predicate":{"custom_model_data":203},"model":"crystalpledge:gui/map/solarian_door"},
        {"predicate":{"custom_model_data":204},"model":"crystalpledge:gui/map/talpid_nest"},
        {"predicate":{"custom_model_data":205},"model":"crystalpledge:gui/map/sewerage"},
        {"predicate":{"custom_model_data":206},"model":"crystalpledge:gui/map/emp_cave"}
	]
}