{
    "parent": "block/stone_button_inventory",    
    "overrides": [
        {"predicate":{"custom_model_data":1},"model":"crystalpledge:gui/left_arrow"},
        {"predicate":{"custom_model_data":2},"model":"crystalpledge:gui/right_arrow"},
        {"predicate":{"custom_model_data":3},"model":"crystalpledge:gui/close"},
        {"predicate":{"custom_model_data":4},"model":"crystalpledge:gui/map/hq"},
        {"predicate":{"custom_model_data":5},"model":"crystalpledge:gui/map/anvil"},
        {"predicate":{"custom_model_data":6},"model":"crystalpledge:gui/map/solarian_door"},
        {"predicate":{"custom_model_data":7},"model":"crystalpledge:gui/map/talpid_nest"},
        {"predicate":{"custom_model_data":8},"model":"crystalpledge:gui/map/sewerage"},
        {"predicate":{"custom_model_data":9},"model":"crystalpledge:gui/map/emp_cave"}
    ]
}
