{
	"credit": "Made with Blockbench",
    "textures": {
        "0": "crystalpledge:player/steve"
    },
	"elements": [
		{
			"name": "body",
			"from": [4, 2, 6],
			"to": [12, 14, 10],
			"faces": {
				"north": {"uv": [5, 5, 7, 7.98], "texture": "#0"},
				"east": {"uv": [4, 5, 5, 8], "texture": "#0"},
				"south": {"uv": [8, 5, 10, 8], "texture": "#0"},
				"west": {"uv": [7, 5, 8, 7.98], "texture": "#0"},
				"up": {"uv": [7, 5, 5, 4], "texture": "#0"},
				"down": {"uv": [9, 4, 7, 5], "texture": "#0"}
			}
		},
		{
			"name": "body_2nd_layer",
			"from": [3.5, 1.5, 5.5],
			"to": [12.5, 14.5, 10.5],
			"faces": {
				"north": {"uv": [5, 9, 7, 12], "texture": "#0"},
				"east": {"uv": [4, 9, 5, 12], "texture": "#0"},
				"south": {"uv": [8, 9, 10, 12], "texture": "#0"},
				"west": {"uv": [7, 9, 8, 12], "texture": "#0"},
				"up": {"uv": [7, 9, 5, 8], "texture": "#0"},
				"down": {"uv": [9, 8, 7, 9], "texture": "#0"}
			}
		}
	],
	"display": {
		"head": {
			"translation": [0, 1.13, 0],
			"scale": [1.5, 1.5, 1.5]
		}
	}
}