{
  "music.creative": {
    "replace": "true",
    "sounds": [
      "crystalpledge:empty"
    ]
  },
  "music.credits": {
    "replace": "true",
    "sounds": [
      "crystalpledge:empty"
    ]
  },
  "music.dragon": {
    "replace": "true",
    "sounds": [
      "crystalpledge:empty"
    ]
  },
  "music.end": {
    "replace": "true",
    "sounds": [
      "crystalpledge:empty"
    ]
  },
  "music.game": {
    "replace": "true",
    "sounds": [
      "crystalpledge:empty"
    ]
  },
  "music.nether": {
    "replace": "true",
    "sounds": [
      "crystalpledge:empty"
    ]
  },
  "music.under_water": {
    "replace": "true",
    "sounds": [
      "crystalpledge:empty"
    ]
  },
  "entity.slime.death": {
    "replace": "true",
    "sounds": [
      "crystalpledge:empty"
    ]
  }
}