{
	"credit": "Made with Blockbench",
	"texture_size": [64, 64],
	"textures": {
		"0": "crystalpledge:mob/talpid"
	},
	"elements": [
		{
			"name": "cube2",
			"from": [1, 1, -1],
			"to": [15, 12, 20],
			"rotation": {"angle": 0, "axis": "y", "origin": [9, 12, 8]},
			"faces": {
				"north": {"uv": [2.75, 5.25, 6.25, 8], "texture": "#0"},
				"east": {"uv": [6.25, 0, 9, 5.25], "rotation": 90, "texture": "#0"},
				"south": {"uv": [9, 5.25, 12.5, 8], "texture": "#0"},
				"west": {"uv": [0, 0, 2.75, 5.25], "rotation": 270, "texture": "#0"},
				"up": {"uv": [2.75, 0, 6.25, 5.25], "texture": "#0"},
				"down": {"uv": [9, 0, 12.5, 5.25], "rotation": 180, "texture": "#0"}
			}
		},
		{
			"from": [4, 2, -5],
			"to": [12, 8, -1],
			"rotation": {"angle": 0, "axis": "y", "origin": [20, 12, 8]},
			"faces": {
				"north": {"uv": [1.5, 9, 3.5, 10.5], "texture": "#0"},
				"east": {"uv": [3.5, 8, 5, 9], "rotation": 90, "texture": "#0"},
				"west": {"uv": [0, 8, 1.5, 9], "rotation": 270, "texture": "#0"},
				"up": {"uv": [1.5, 8, 3.5, 9], "texture": "#0"},
				"down": {"uv": [5, 8, 7, 9], "rotation": 180, "texture": "#0"}
			}
		},
		{
			"from": [6.00175, 3, 18.99825],
			"to": [10.00175, 7, 23.99825],
			"rotation": {"angle": -22.5, "axis": "y", "origin": [8.0349, 4.97208, 19.99297]},
			"faces": {
				"east": {"uv": [2, 10.5, 3, 11.75], "rotation": 90, "texture": "#0"},
				"south": {"uv": [3, 11.75, 4, 12.75], "texture": "#0"},
				"west": {"uv": [0, 10.5, 1, 11.75], "rotation": 270, "texture": "#0"},
				"up": {"uv": [1, 10.5, 2, 11.75], "texture": "#0"},
				"down": {"uv": [3, 10.5, 4, 11.75], "rotation": 180, "texture": "#0"}
			}
		},
		{
			"from": [5.7761, 3, 23.61718],
			"to": [7.7761, 5, 31.61718],
			"rotation": {"angle": -45, "axis": "y", "origin": [7.02968, 4.97907, 22.99122]},
			"faces": {
				"east": {"uv": [1, 11.75, 1.5, 13.75], "rotation": 90, "texture": "#0"},
				"south": {"uv": [0, 13.75, 0.5, 14.25], "texture": "#0"},
				"west": {"uv": [0, 11.75, 0.5, 13.75], "rotation": 270, "texture": "#0"},
				"up": {"uv": [0.5, 11.75, 1, 13.75], "texture": "#0"},
				"down": {"uv": [1.5, 11.75, 2, 13.75], "rotation": 180, "texture": "#0"}
			}
		},
		{
			"from": [6, 2, -8],
			"to": [10, 6, -5],
			"faces": {
				"east": {"uv": [9, 8, 10, 8.75], "rotation": 90, "texture": "#0"},
				"west": {"uv": [7, 8, 8, 8.75], "rotation": 270, "texture": "#0"},
				"up": {"uv": [8, 8, 9, 8.75], "texture": "#0"},
				"down": {"uv": [10, 8, 11, 8.75], "rotation": 180, "texture": "#0"}
			}
		},
		{
			"from": [2, 0, -8],
			"to": [14, 9, -8],
			"faces": {
				"north": {"uv": [12.5, 0, 15.5, 2.25], "texture": "#0"},
				"south": {"uv": [15.5, 0, 12.5, 2.25], "texture": "#0"}
			}
		},
		{
			"from": [-5, 0, -1],
			"to": [4, 2, 5],
			"rotation": {"angle": -22.5, "axis": "y", "origin": [2.5, 2, 2]},
			"faces": {
				"north": {"uv": [6, 9, 6.5, 11.25], "rotation": 90, "texture": "#0"},
				"east": {"uv": [6.5, 11.25, 8, 11.75], "texture": "#0"},
				"south": {"uv": [4, 9, 4.5, 11.25], "rotation": 270, "texture": "#0"},
				"west": {"uv": [4.5, 11.25, 6, 11.75], "texture": "#0"},
				"up": {"uv": [4.5, 9, 6, 11.25], "rotation": 270, "texture": "#0"},
				"down": {"uv": [6.5, 9, 8, 11.25], "rotation": 270, "texture": "#0"}
			}
		},
		{
			"from": [-4.29289, 0, 14.70711],
			"to": [4.70711, 2, 20.70711],
			"rotation": {"angle": 0, "axis": "y", "origin": [2.5, 2, 18]},
			"faces": {
				"north": {"uv": [6, 9, 6.5, 11.25], "rotation": 90, "texture": "#0"},
				"east": {"uv": [6.5, 11.25, 8, 11.75], "texture": "#0"},
				"south": {"uv": [4, 9, 4.5, 11.25], "rotation": 270, "texture": "#0"},
				"west": {"uv": [4.5, 11.25, 6, 11.75], "texture": "#0"},
				"up": {"uv": [4.5, 9, 6, 11.25], "rotation": 270, "texture": "#0"},
				"down": {"uv": [6.5, 9, 8, 11.25], "rotation": 270, "texture": "#0"}
			}
		},
		{
			"from": [10.58579, 0, -6.12132],
			"to": [16.58579, 2, 2.87868],
			"rotation": {"angle": -22.5, "axis": "y", "origin": [13.08579, 1, 0.87868]},
			"faces": {
				"north": {"uv": [6, 11.25, 4.5, 11.75], "texture": "#0"},
				"east": {"uv": [4.5, 9, 4, 11.25], "rotation": 90, "texture": "#0"},
				"south": {"uv": [8, 11.25, 6.5, 11.75], "texture": "#0"},
				"west": {"uv": [6.5, 9, 6, 11.25], "rotation": 270, "texture": "#0"},
				"up": {"uv": [6, 9, 4.5, 11.25], "texture": "#0"},
				"down": {"uv": [8, 9, 6.5, 11.25], "rotation": 180, "texture": "#0"}
			}
		},
		{
			"from": [11.08579, 0, 14.37868],
			"to": [20.08579, 2, 20.37868],
			"rotation": {"angle": -45, "axis": "y", "origin": [13.08579, 1, 17.87868]},
			"faces": {
				"north": {"uv": [6.5, 9, 6, 11.25], "rotation": 270, "texture": "#0"},
				"east": {"uv": [6, 11.25, 4.5, 11.75], "texture": "#0"},
				"south": {"uv": [4.5, 9, 4, 11.25], "rotation": 90, "texture": "#0"},
				"west": {"uv": [8, 11.25, 6.5, 11.75], "texture": "#0"},
				"up": {"uv": [6, 9, 4.5, 11.25], "rotation": 90, "texture": "#0"},
				"down": {"uv": [8, 9, 6.5, 11.25], "rotation": 90, "texture": "#0"}
			}
		}
	],
	"display": {
		"head": {
			"translation": [0, -40, -3],
			"scale": [2, 2, 2]
		}
	}
}