{
	"credit": "Made with Blockbench",
	"textures": {
		"0": "crystalpledge:skill/trap_string",
		"particle": "crystalpledge:skill/trap_string"
	},
	"elements": [
		{
			"from": [8, 7, 7.5],
			"to": [8, 8, 8.5],
			"faces": {
				"east": {"uv": [0, 7.5, 1, 8.5], "texture": "#0"},
				"west": {"uv": [0, 7.5, 1, 8.5], "texture": "#0"}
			}
		},
		{
			"from": [7.5, 7.5, 7.5],
			"to": [8.5, 7.5, 8.5],
			"faces": {
				"up": {"uv": [0, 7.5, 1, 8.5], "rotation": 90, "texture": "#0"},
				"down": {"uv": [0, 7.5, 1, 8.5], "rotation": 90, "texture": "#0"}
			}
		}
	],
	"display": {
		"head": {
			"translation": [0, -5.6, 0],
			"scale": [1.6, 1.6, 1.6]
		}
	}
}