{
	"credit": "Made with Blockbench",
	"textures": {
		"0": "crystalpledge:skill/trap_stake",
		"particle": "crystalpledge:skill/trap_stake"
	},
	"elements": [
		{
			"from": [8, 0, 7.5],
			"to": [8, 8, 8.5],
			"faces": {
				"north": {"uv": [0, 0, 0, 0], "texture": "#0"},
				"east": {"uv": [7, 0, 9, 16], "texture": "#0"},
				"south": {"uv": [0, 0, 0, 0], "texture": "#0"},
				"west": {"uv": [7, 0, 9, 16], "texture": "#0"},
				"up": {"uv": [0, 0, 0, 0], "texture": "#0"},
				"down": {"uv": [0, 0, 0, 0], "texture": "#0"}
			}
		},
		{
			"from": [7.5, 0, 8],
			"to": [8.5, 8, 8],
			"faces": {
				"north": {"uv": [7, 0, 9, 16], "texture": "#0"},
				"east": {"uv": [0, 0, 0, 0], "texture": "#0"},
				"south": {"uv": [7, 0, 9, 16], "texture": "#0"},
				"west": {"uv": [0, 0, 0, 0], "texture": "#0"},
				"up": {"uv": [0, 0, 0, 0], "texture": "#0"},
				"down": {"uv": [0, 0, 0, 0], "texture": "#0"}
			}
		}
	],
	"display": {
		"head": {
			"translation": [0, -30.4, 0],
			"scale": [1.6, 1.6, 1.6]
		}
	}
}